anls,answer_rate,answered,character_f1,conciseness_violation_rate,frame_counts,incremental_peak_gpu_gb_max,judge_evaluated,judge_label_counts,judge_soft_accuracy,judge_strict_accuracy,judge_strict_accuracy_ci95,judge_unjudgeable_rate,latency_mean_seconds,latency_median_seconds,latency_p95_seconds,max_frames_per_item,model_key,normalized_exact_match,peak_gpu_gb_max,repetition_rate,rouge_l_f1,section,status_counts,task_aware_score,task_aware_score_ci95,throughput_qa_per_hour,token_f1,token_f1_ci95,total
0.0855717016214282,1.0,429,0.5046328862166751,0.016317016317016316,[30],,429,"{""partially_correct"": 40, ""correct"": 234, ""incorrect"": 155}",0.5920745920745921,0.5454545454545454,"{""mean"": 0.5454545454545454, ""low"": 0.4988344988344988, ""high"": 0.5920745920745921}",0.0,,,,30,internvl:InternVL2_5-4B:frame:15612592,0.04195804195804196,,0.0,0.24262828496175273,action,"{""answered"": 429}",0.32827778114339695,"{""mean"": 0.32827778114339695, ""low"": 0.2953492257235557, ""high"": 0.3629547902580427}",,0.24838508468911952,"{""mean"": 0.24838508468911952, ""low"": 0.22420747910009267, ""high"": 0.27171499275053557}",429
0.10307529839984374,1.0,450,0.35714870207191746,0.0,[30],,450,"{""incorrect"": 163, ""correct"": 284, ""partially_correct"": 3}",0.6344444444444445,0.6311111111111111,"{""mean"": 0.6311111111111111, ""low"": 0.5888888888888889, ""high"": 0.6755555555555556}",0.0,,,,30,internvl:InternVL2_5-4B:frame:15612592,0.035555555555555556,,0.0,0.28407111448743344,counting,"{""answered"": 450}",0.6290423027265133,"{""mean"": 0.6290423027265133, ""low"": 0.5861183261183261, ""high"": 0.6715045188729399}",,0.2902738964513093,"{""mean"": 0.2902738964513093, ""low"": 0.26611136193820717, ""high"": 0.31298159396146114}",450
0.03352129650888306,1.0,151,0.3865912211664889,0.006622516556291391,[30],,151,"{""incorrect"": 84, ""correct"": 57, ""partially_correct"": 10}",0.4105960264900662,0.37748344370860926,"{""mean"": 0.37748344370860926, ""low"": 0.304635761589404, ""high"": 0.45695364238410596}",0.0,,,,30,internvl:InternVL2_5-4B:frame:15612592,0.019867549668874173,,0.0,0.13063072625176658,depth_action,"{""answered"": 151}",0.25298370115635815,"{""mean"": 0.25298370115635815, ""low"": 0.1971249032794355, ""high"": 0.31387094431094187}",,0.1315137284592721,"{""mean"": 0.1315137284592721, ""low"": 0.10111380656149278, ""high"": 0.16330506131625605}",151
0.0054611650485436895,1.0,103,0.21011871497148651,0.009708737864077669,[30],,103,"{""correct"": 11, ""incorrect"": 92}",0.10679611650485436,0.10679611650485436,"{""mean"": 0.10679611650485436, ""low"": 0.04854368932038835, ""high"": 0.1650485436893204}",0.0,,,,30,internvl:InternVL2_5-4B:frame:15612592,0.0,,0.0,0.0878526004739597,depth_counting,"{""answered"": 103}",0.10679611650485436,"{""mean"": 0.10679611650485436, ""low"": 0.04854368932038835, ""high"": 0.1650485436893204}",,0.08961782554015564,"{""mean"": 0.08961782554015564, ""low"": 0.06388923913195758, ""high"": 0.11560963308536124}",103
0.006355932203389831,1.0,118,0.1893462094989588,0.00847457627118644,[30],,118,"{""incorrect"": 65, ""correct"": 53}",0.4491525423728814,0.4491525423728814,"{""mean"": 0.4491525423728814, ""low"": 0.3644067796610169, ""high"": 0.5423728813559322}",0.0,,,,30,internvl:InternVL2_5-4B:frame:15612592,0.0,,0.0,0.07371202244083601,depth_dynamic_counting,"{""answered"": 118}",0.2627118644067797,"{""mean"": 0.2627118644067797, ""low"": 0.1864406779661017, ""high"": 0.3474576271186441}",,0.07371202244083601,"{""mean"": 0.07371202244083601, ""low"": 0.04962904327311107, ""high"": 0.1006763951679206}",118
0.012918379330593071,1.0,131,0.2646317298558081,0.0,[30],,131,"{""incorrect"": 69, ""correct"": 60, ""partially_correct"": 2}",0.46564885496183206,0.4580152671755725,"{""mean"": 0.4580152671755725, ""low"": 0.37404580152671757, ""high"": 0.5343511450381679}",0.0,,,,30,internvl:InternVL2_5-4B:frame:15612592,0.007633587786259542,,0.0,0.12332780226808067,depth_dynamic_recognition,"{""answered"": 131}",0.4289172659401667,"{""mean"": 0.4289172659401667, ""low"": 0.35282427496167956, ""high"": 0.5049421316596889}",,0.12332780226808067,"{""mean"": 0.12332780226808067, ""low"": 0.10079588126287722, ""high"": 0.14895846931096146}",131
0.030727762803234502,1.0,53,0.3793648168200012,0.03773584905660377,[30],,53,"{""incorrect"": 20, ""correct"": 31, ""partially_correct"": 2}",0.6037735849056604,0.5849056603773585,"{""mean"": 0.5849056603773585, ""low"": 0.4528301886792453, ""high"": 0.7169811320754716}",0.0,,,,30,internvl:InternVL2_5-4B:frame:15612592,0.018867924528301886,,0.0,0.20166360646382844,depth_navigation,"{""answered"": 53}",0.5094339622641509,"{""mean"": 0.5094339622641509, ""low"": 0.3584905660377358, ""high"": 0.6415094339622641}",,0.2038833622906875,"{""mean"": 0.2038833622906875, ""low"": 0.15792508145449322, ""high"": 0.2537596020947852}",53
0.025396825396825397,1.0,56,0.15740693097295808,0.07142857142857142,[30],,56,"{""incorrect"": 19, ""correct"": 37}",0.6607142857142857,0.6607142857142857,"{""mean"": 0.6607142857142857, ""low"": 0.5535714285714286, ""high"": 0.7857142857142857}",0.0,,,,30,internvl:InternVL2_5-4B:frame:15612592,0.0,,0.0,0.15842897495153135,depth_non_common,"{""answered"": 56}",0.6442857142857142,"{""mean"": 0.6442857142857142, ""low"": 0.5221428571428571, ""high"": 0.7678571428571429}",,0.15842897495153135,"{""mean"": 0.15842897495153135, ""low"": 0.11596705351874526, ""high"": 0.20277736309221273}",56
0.0,1.0,49,0.3545137911096613,0.08163265306122448,[30],,49,"{""incorrect"": 37, ""correct"": 9, ""partially_correct"": 3}",0.21428571428571427,0.1836734693877551,"{""mean"": 0.1836734693877551, ""low"": 0.08163265306122448, ""high"": 0.2857142857142857}",0.0,,,,30,internvl:InternVL2_5-4B:frame:15612592,0.0,,0.0,0.0810612290204127,depth_object_recognition,"{""answered"": 49}",0.06166226064185248,"{""mean"": 0.06166226064185248, ""low"": 0.02756767042481328, ""high"": 0.09749717402778627}",,0.08760230699006209,"{""mean"": 0.08760230699006209, ""low"": 0.04756298123645063, ""high"": 0.129504848892604}",49
0.0216255442670537,1.0,53,0.35851802834626073,0.05660377358490566,[30],,53,"{""incorrect"": 22, ""correct"": 31}",0.5849056603773585,0.5849056603773585,"{""mean"": 0.5849056603773585, ""low"": 0.4528301886792453, ""high"": 0.7169811320754716}",0.0,,,,30,internvl:InternVL2_5-4B:frame:15612592,0.0,,0.05660377358490566,0.15005102377466417,depth_scene_sequence,"{""answered"": 53}",0.49056603773584906,"{""mean"": 0.49056603773584906, ""low"": 0.3584905660377358, ""high"": 0.6226415094339622}",,0.1510709115870048,"{""mean"": 0.1510709115870048, ""low"": 0.1113241495316967, ""high"": 0.2016173861900832}",53
0.02475635593220339,1.0,50,0.35169650513984646,0.0,[30],,50,"{""incorrect"": 32, ""correct"": 17, ""unjudgeable"": 1}",0.3469387755102041,0.3469387755102041,"{""mean"": 0.3469387755102041, ""low"": 0.20408163265306123, ""high"": 0.46938775510204084}",0.02,,,,30,internvl:InternVL2_5-4B:frame:15612592,0.0,,0.0,0.2228750628456511,depth_spatial_reasoning,"{""answered"": 50}",0.28425763125763126,"{""mean"": 0.28425763125763126, ""low"": 0.18932844932844933, ""high"": 0.3885909645909646}",,0.22595198592257415,"{""mean"": 0.22595198592257415, ""low"": 0.17717298714357538, ""high"": 0.27254966602025427}",50
0.1410522880898777,1.0,449,0.351518607229371,0.0,[30],,449,"{""incorrect"": 165, ""correct"": 281, ""partially_correct"": 3}",0.6291759465478842,0.6258351893095768,"{""mean"": 0.6258351893095768, ""low"": 0.579064587973274, ""high"": 0.6703786191536748}",0.0,,,,30,internvl:InternVL2_5-4B:frame:15612592,0.0957683741648107,,0.0,0.24611456790654457,dynamic_counting,"{""answered"": 449}",0.4483346687451785,"{""mean"": 0.4483346687451785, ""low"": 0.4047444252695689, ""high"": 0.49180345616216176}",,0.24940237922389522,"{""mean"": 0.24940237922389522, ""low"": 0.2185211311979086, ""high"": 0.27946275344690813}",449
0.22006408357003082,1.0,322,0.4568049880158752,0.006211180124223602,[30],,322,"{""incorrect"": 132, ""correct"": 178, ""partially_correct"": 12}",0.5714285714285714,0.5527950310559007,"{""mean"": 0.5527950310559007, ""low"": 0.5, ""high"": 0.6055900621118012}",0.0,,,,30,internvl:InternVL2_5-4B:frame:15612592,0.15838509316770186,,0.0,0.3349795934493452,dynamic_recognition,"{""answered"": 322}",0.5327424813145348,"{""mean"": 0.5327424813145348, ""low"": 0.4809934279782654, ""high"": 0.581335252780602}",,0.3363795231722563,"{""mean"": 0.3363795231722563, ""low"": 0.29808747208608755, ""high"": 0.37292335982113495}",322
0.06208207845729068,1.0,155,0.39948651052360556,0.0,[30],,155,"{""incorrect"": 78, ""correct"": 66, ""partially_correct"": 11}",0.4612903225806452,0.4258064516129032,"{""mean"": 0.4258064516129032, ""low"": 0.34838709677419355, ""high"": 0.5032258064516129}",0.0,,,,30,internvl:InternVL2_5-4B:frame:15612592,0.04516129032258064,,0.0,0.17015821623032248,event_action,"{""answered"": 155}",0.27170664987553034,"{""mean"": 0.27170664987553034, ""low"": 0.20900343910780345, ""high"": 0.33351617916134046}",,0.17015821623032248,"{""mean"": 0.17015821623032248, ""low"": 0.13095591315705168, ""high"": 0.21137620444072058}",155
0.00738356683074593,1.0,139,0.18755462319098173,0.0,[30],,139,"{""incorrect"": 60, ""correct"": 79}",0.5683453237410072,0.5683453237410072,"{""mean"": 0.5683453237410072, ""low"": 0.48201438848920863, ""high"": 0.6474820143884892}",0.0,,,,30,internvl:InternVL2_5-4B:frame:15612592,0.0,,0.0,0.15969334422571832,event_counting,"{""answered"": 139}",0.5683453237410072,"{""mean"": 0.5683453237410072, ""low"": 0.48201438848920863, ""high"": 0.6474820143884892}",,0.16049270473730906,"{""mean"": 0.16049270473730906, ""low"": 0.13164808812290826, ""high"": 0.19236435027801935}",139
0.007692307692307693,1.0,130,0.16710393643819008,0.0,[30],,130,"{""correct"": 52, ""incorrect"": 78}",0.4,0.4,"{""mean"": 0.4, ""low"": 0.3153846153846154, ""high"": 0.4846153846153846}",0.0,,,,30,internvl:InternVL2_5-4B:frame:15612592,0.007692307692307693,,0.0,0.07757347915242652,event_dynamic_counting,"{""answered"": 130}",0.2702564102564103,"{""mean"": 0.2702564102564103, ""low"": 0.2, ""high"": 0.35333333333333333}",,0.07757347915242652,"{""mean"": 0.07757347915242652, ""low"": 0.05146952462741936, ""high"": 0.10605993421782896}",130
0.08943089430894309,1.0,123,0.28158796142240344,0.0,[30],,123,"{""incorrect"": 50, ""correct"": 68, ""partially_correct"": 5}",0.573170731707317,0.5528455284552846,"{""mean"": 0.5528455284552846, ""low"": 0.4634146341463415, ""high"": 0.6422764227642277}",0.0,,,,30,internvl:InternVL2_5-4B:frame:15612592,0.08943089430894309,,0.0,0.22289733753148389,event_dynamic_recognition,"{""answered"": 123}",0.5275554165798069,"{""mean"": 0.5275554165798069, ""low"": 0.44015704259606697, ""high"": 0.6103432700993676}",,0.22289733753148389,"{""mean"": 0.22289733753148389, ""low"": 0.17383582993339092, ""high"": 0.2716068484361167}",123
0.018518518518518517,1.0,54,0.35579314723418165,0.09259259259259259,[30],,54,"{""incorrect"": 30, ""correct"": 18, ""partially_correct"": 6}",0.3888888888888889,0.3333333333333333,"{""mean"": 0.3333333333333333, ""low"": 0.2037037037037037, ""high"": 0.46296296296296297}",0.0,,,,30,internvl:InternVL2_5-4B:frame:15612592,0.018518518518518517,,0.018518518518518517,0.13637239495101328,event_navigation,"{""answered"": 54}",0.07407407407407407,"{""mean"": 0.07407407407407407, ""low"": 0.018518518518518517, ""high"": 0.14814814814814814}",,0.1386872097658281,"{""mean"": 0.1386872097658281, ""low"": 0.09177039436757359, ""high"": 0.19048472839341207}",54
0.017543859649122806,1.0,57,0.12928452554500353,0.017543859649122806,[30],,57,"{""correct"": 53, ""incorrect"": 4}",0.9298245614035088,0.9298245614035088,"{""mean"": 0.9298245614035088, ""low"": 0.8596491228070176, ""high"": 0.9824561403508771}",0.0,,,,30,internvl:InternVL2_5-4B:frame:15612592,0.017543859649122806,,0.0,0.17332652365648943,event_non_common,"{""answered"": 57}",0.9122807017543859,"{""mean"": 0.9122807017543859, ""low"": 0.8245614035087719, ""high"": 0.9824561403508771}",,0.17332652365648943,"{""mean"": 0.17332652365648943, ""low"": 0.14662987511284725, ""high"": 0.21100502811029126}",57
0.11067019400352733,1.0,54,0.403367097537844,0.037037037037037035,[30],,54,"{""partially_correct"": 5, ""correct"": 24, ""incorrect"": 25}",0.49074074074074076,0.4444444444444444,"{""mean"": 0.4444444444444444, ""low"": 0.3148148148148148, ""high"": 0.5740740740740741}",0.0,,,,30,internvl:InternVL2_5-4B:frame:15612592,0.09259259259259259,,0.0,0.22080869909817277,event_object_recognition,"{""answered"": 54}",0.20881340881340882,"{""mean"": 0.20881340881340882, ""low"": 0.13570626903960237, ""high"": 0.29208260874927544}",,0.22365770194717563,"{""mean"": 0.22365770194717563, ""low"": 0.15133453291348029, ""high"": 0.30598910511191213}",54
0.0,1.0,55,0.34678214774177674,0.34545454545454546,[30],,55,"{""incorrect"": 39, ""correct"": 7, ""partially_correct"": 9}",0.20909090909090908,0.12727272727272726,"{""mean"": 0.12727272727272726, ""low"": 0.05454545454545454, ""high"": 0.23636363636363636}",0.0,,,,30,internvl:InternVL2_5-4B:frame:15612592,0.0,,0.12727272727272726,0.042313403394511485,event_scene_sequence,"{""answered"": 55}",0.02727272727272727,"{""mean"": 0.02727272727272727, ""low"": 0.0, ""high"": 0.07272727272727272}",,0.04473764581875391,"{""mean"": 0.04473764581875391, ""low"": 0.024532093795020065, ""high"": 0.06820028319333768}",55
0.0,1.0,55,0.3301210146885876,0.0,[30],,55,"{""incorrect"": 27, ""correct"": 26, ""partially_correct"": 2}",0.4909090909090909,0.4727272727272727,"{""mean"": 0.4727272727272727, ""low"": 0.32727272727272727, ""high"": 0.6}",0.0,,,,30,internvl:InternVL2_5-4B:frame:15612592,0.0,,0.0,0.1730330572576562,event_spatial_reasoning,"{""answered"": 55}",0.21552105945154074,"{""mean"": 0.21552105945154074, ""low"": 0.15433637070000705, ""high"": 0.28247079124084473}",,0.1730330572576562,"{""mean"": 0.1730330572576562, ""low"": 0.13478362398148494, ""high"": 0.2109016028534745}",55
0.20891807098605286,1.0,464,0.44245336419159625,0.0,[30],,464,"{""correct"": 280, ""incorrect"": 182, ""partially_correct"": 2}",0.6056034482758621,0.603448275862069,"{""mean"": 0.603448275862069, ""low"": 0.5581896551724138, ""high"": 0.6487068965517241}",0.0,,,,30,internvl:InternVL2_5-4B:frame:15612592,0.16810344827586207,,0.0,0.32807957322100423,light_change,"{""answered"": 464}",0.5759228360355731,"{""mean"": 0.5759228360355731, ""low"": 0.532115237860081, ""high"": 0.6186713029010122}",,0.3309156061047693,"{""mean"": 0.3309156061047693, ""low"": 0.3005962595439909, ""high"": 0.36267188160806224}",464
0.07853277029974734,1.0,106,0.5385229308597484,0.009433962264150943,[30],,106,"{""correct"": 53, ""incorrect"": 45, ""partially_correct"": 8}",0.5377358490566038,0.5,"{""mean"": 0.5, ""low"": 0.4056603773584906, ""high"": 0.5943396226415094}",0.0,,,,30,internvl:InternVL2_5-4B:frame:15612592,0.009433962264150943,,0.0,0.2405852015357853,light_recognition,"{""answered"": 106}",0.25405487186730125,"{""mean"": 0.25405487186730125, ""low"": 0.20083844379141746, ""high"": 0.3084060527843751}",,0.2604656076024337,"{""mean"": 0.2604656076024337, ""low"": 0.2211865193576336, ""high"": 0.3033869176581825}",106
0.089135279027725,1.0,438,0.4699400605628406,0.0228310502283105,[30],,438,"{""correct"": 207, ""incorrect"": 210, ""partially_correct"": 21}",0.4965753424657534,0.4726027397260274,"{""mean"": 0.4726027397260274, ""low"": 0.4223744292237443, ""high"": 0.5182648401826484}",0.0,,,,30,internvl:InternVL2_5-4B:frame:15612592,0.0547945205479452,,0.00684931506849315,0.2267019531535906,navigation,"{""answered"": 438}",0.2514754962461931,"{""mean"": 0.2514754962461931, ""low"": 0.21043531942876792, ""high"": 0.2902937562735061}",,0.23579433855458365,"{""mean"": 0.23579433855458365, ""low"": 0.2124417912044106, ""high"": 0.2594332066607415}",438
0.022453601414052143,1.0,124,0.4806711721065208,0.04032258064516129,[30],,124,"{""incorrect"": 19, ""correct"": 103, ""partially_correct"": 2}",0.8387096774193549,0.8306451612903226,"{""mean"": 0.8306451612903226, ""low"": 0.7661290322580645, ""high"": 0.8870967741935484}",0.0,,,,30,internvl:InternVL2_5-4B:frame:15612592,0.008064516129032258,,0.0,0.20396316542284992,non_common,"{""answered"": 124}",0.8004523552392657,"{""mean"": 0.8004523552392657, ""low"": 0.7359311353738164, ""high"": 0.8646010186757216}",,0.23432593656601386,"{""mean"": 0.23432593656601386, ""low"": 0.20864247813392509, ""high"": 0.26303822828039447}",124
0.0755907328678205,1.0,101,0.515498387531604,0.009900990099009901,[30],,101,"{""incorrect"": 43, ""partially_correct"": 15, ""correct"": 43}",0.5,0.42574257425742573,"{""mean"": 0.42574257425742573, ""low"": 0.33663366336633666, ""high"": 0.5247524752475248}",0.0,,,,30,internvl:InternVL2_5-4B:frame:15612592,0.0297029702970297,,0.0,0.26502330668071294,object_recognition,"{""answered"": 101}",0.2244156962561156,"{""mean"": 0.2244156962561156, ""low"": 0.174800734759966, ""high"": 0.2737110653534649}",,0.2873190428759919,"{""mean"": 0.2873190428759919, ""low"": 0.23874364241756413, ""high"": 0.3351025741501786}",101
0.09603476941992377,1.0,480,0.506015932093935,0.04791666666666667,[30],,480,"{""incorrect"": 220, ""partially_correct"": 37, ""correct"": 223}",0.503125,0.46458333333333335,"{""mean"": 0.46458333333333335, ""low"": 0.425, ""high"": 0.5125}",0.0,,,,30,internvl:InternVL2_5-4B:frame:15612592,0.03958333333333333,,0.03125,0.23476861175781097,scene_sequence,"{""answered"": 480}",0.2121875,"{""mean"": 0.2121875, ""low"": 0.17927083333333332, ""high"": 0.25177083333333333}",,0.24600259793952106,"{""mean"": 0.24600259793952106, ""low"": 0.22307393243679005, ""high"": 0.26812557590546837}",480
0.39606524265819676,1.0,101,0.663300753464409,0.0,[30],,101,"{""incorrect"": 48, ""correct"": 49, ""partially_correct"": 4}",0.504950495049505,0.48514851485148514,"{""mean"": 0.48514851485148514, ""low"": 0.38613861386138615, ""high"": 0.5841584158415841}",0.0,,,,30,internvl:InternVL2_5-4B:frame:15612592,0.07920792079207921,,0.0,0.5316398812803766,spatial_reasoning,"{""answered"": 101}",0.519864713007048,"{""mean"": 0.519864713007048, ""low"": 0.45873718921230744, ""high"": 0.584054207322447}",,0.5442748335627903,"{""mean"": 0.5442748335627903, ""low"": 0.4863200366307647, ""high"": 0.6039526722492728}",101
0.1339363626524319,1.0,415,0.4807996227418227,0.00963855421686747,[30],,415,"{""incorrect"": 212, ""correct"": 191, ""partially_correct"": 12}",0.4746987951807229,0.4602409638554217,"{""mean"": 0.4602409638554217, ""low"": 0.40963855421686746, ""high"": 0.5060240963855421}",0.0,,,,30,internvl:InternVL2_5-4B:frame:15612592,0.04578313253012048,,0.0,0.28124197408375823,text_recognition,"{""answered"": 415}",0.33297715979384573,"{""mean"": 0.33297715979384573, ""low"": 0.28894068222387526, ""high"": 0.37675413283289044}",,0.2954215756194245,"{""mean"": 0.2954215756194245, ""low"": 0.2684345176616753, ""high"": 0.32457219772487844}",415
0.10722610722610723,1.0,429,0.2824870445364382,0.0,[30],,429,"{""partially_correct"": 55, ""incorrect"": 222, ""correct"": 152}",0.4184149184149184,0.3543123543123543,"{""mean"": 0.3543123543123543, ""low"": 0.3076923076923077, ""high"": 0.40093240093240096}",0.0,,,,30,molmo2:Molmo2-4B:frame:4ff6754c,0.10256410256410256,,0.0,0.15361478718122074,action,"{""answered"": 429}",0.2178466832312986,"{""mean"": 0.2178466832312986, ""low"": 0.18003663003663004, ""high"": 0.2585282239128393}",,0.15361478718122074,"{""mean"": 0.15361478718122074, ""low"": 0.12435359253541071, ""high"": 0.18479858654683828}",429
0.06444444444444444,1.0,450,0.08971326540706182,0.0,[30],,450,"{""incorrect"": 239, ""correct"": 209, ""partially_correct"": 2}",0.4666666666666667,0.46444444444444444,"{""mean"": 0.46444444444444444, ""low"": 0.4177777777777778, ""high"": 0.5155555555555555}",0.0,,,,30,molmo2:Molmo2-4B:frame:4ff6754c,0.06444444444444444,,0.0,0.09144586232099132,counting,"{""answered"": 450}",0.45555555555555555,"{""mean"": 0.45555555555555555, ""low"": 0.4088888888888889, ""high"": 0.5}",,0.09144586232099132,"{""mean"": 0.09144586232099132, ""low"": 0.0684671501338168, ""high"": 0.1153221508835544}",450
0.19812362030905079,1.0,151,0.33519097185343744,0.0,[30],,151,"{""incorrect"": 80, ""correct"": 53, ""partially_correct"": 18}",0.4105960264900662,0.3509933774834437,"{""mean"": 0.3509933774834437, ""low"": 0.271523178807947, ""high"": 0.423841059602649}",0.0,,,,30,molmo2:Molmo2-4B:frame:4ff6754c,0.19205298013245034,,0.0,0.22041942604856513,depth_action,"{""answered"": 151}",0.24172185430463575,"{""mean"": 0.24172185430463575, ""low"": 0.17660044150110374, ""high"": 0.31346578366445915}",,0.22041942604856513,"{""mean"": 0.22041942604856513, ""low"": 0.1576158940397351, ""high"": 0.2869757174392936}",151
0.06796116504854369,1.0,103,0.08740496171901828,0.0,[30],,103,"{""correct"": 22, ""incorrect"": 81}",0.21359223300970873,0.21359223300970873,"{""mean"": 0.21359223300970873, ""low"": 0.13592233009708737, ""high"": 0.2912621359223301}",0.0,,,,30,molmo2:Molmo2-4B:frame:4ff6754c,0.06796116504854369,,0.0,0.07799352750809062,depth_counting,"{""answered"": 103}",0.21359223300970873,"{""mean"": 0.21359223300970873, ""low"": 0.13592233009708737, ""high"": 0.2912621359223301}",,0.07799352750809062,"{""mean"": 0.07799352750809062, ""low"": 0.029449838187702266, ""high"": 0.1313915857605178}",103
0.1694915254237288,1.0,118,0.1881595473320299,0.0,[30],,118,"{""correct"": 73, ""incorrect"": 45}",0.6186440677966102,0.6186440677966102,"{""mean"": 0.6186440677966102, ""low"": 0.5254237288135594, ""high"": 0.7033898305084746}",0.0,,,,30,molmo2:Molmo2-4B:frame:4ff6754c,0.1694915254237288,,0.0,0.20677966101694914,depth_dynamic_counting,"{""answered"": 118}",0.576271186440678,"{""mean"": 0.576271186440678, ""low"": 0.4915254237288136, ""high"": 0.6694915254237288}",,0.20677966101694914,"{""mean"": 0.20677966101694914, ""low"": 0.14463276836158193, ""high"": 0.2796610169491525}",118
0.40076335877862596,1.0,131,0.48560489889962327,0.0,[30],,131,"{""incorrect"": 63, ""correct"": 67, ""partially_correct"": 1}",0.5152671755725191,0.5114503816793893,"{""mean"": 0.5114503816793893, ""low"": 0.42748091603053434, ""high"": 0.5954198473282443}",0.0,,,,30,molmo2:Molmo2-4B:frame:4ff6754c,0.3969465648854962,,0.0,0.43936750272628133,depth_dynamic_recognition,"{""answered"": 131}",0.4796437659033079,"{""mean"": 0.4796437659033079, ""low"": 0.3931297709923664, ""high"": 0.5610687022900763}",,0.43936750272628133,"{""mean"": 0.43936750272628133, ""low"": 0.3539803707742639, ""high"": 0.5148309705561614}",131
0.12368972746331237,1.0,53,0.3355947080981368,0.0,[30],,53,"{""correct"": 27, ""incorrect"": 26}",0.5094339622641509,0.5094339622641509,"{""mean"": 0.5094339622641509, ""low"": 0.37735849056603776, ""high"": 0.6415094339622641}",0.0,,,,30,molmo2:Molmo2-4B:frame:4ff6754c,0.11320754716981132,,0.0,0.2943396226415094,depth_navigation,"{""answered"": 53}",0.4339622641509434,"{""mean"": 0.4339622641509434, ""low"": 0.3018867924528302, ""high"": 0.5660377358490566}",,0.2943396226415094,"{""mean"": 0.2943396226415094, ""low"": 0.20628930817610064, ""high"": 0.3855345911949686}",53
0.7321428571428571,1.0,56,0.7781239975165458,0.0,[30],,56,"{""correct"": 50, ""partially_correct"": 1, ""incorrect"": 5}",0.9017857142857143,0.8928571428571429,"{""mean"": 0.8928571428571429, ""low"": 0.8035714285714286, ""high"": 0.9642857142857143}",0.0,,,,30,molmo2:Molmo2-4B:frame:4ff6754c,0.7321428571428571,,0.0,0.8048469387755102,depth_non_common,"{""answered"": 56}",0.9017857142857143,"{""mean"": 0.9017857142857143, ""low"": 0.8214285714285714, ""high"": 0.9732142857142857}",,0.8048469387755102,"{""mean"": 0.8048469387755102, ""low"": 0.7130102040816326, ""high"": 0.8938775510204081}",56
0.04075742851253056,1.0,49,0.17927103060034952,0.0,[30],,49,"{""incorrect"": 39, ""correct"": 8, ""partially_correct"": 2}",0.1836734693877551,0.16326530612244897,"{""mean"": 0.16326530612244897, ""low"": 0.061224489795918366, ""high"": 0.2653061224489796}",0.0,,,,30,molmo2:Molmo2-4B:frame:4ff6754c,0.04081632653061224,,0.0,0.05714285714285714,depth_object_recognition,"{""answered"": 49}",0.08163265306122448,"{""mean"": 0.08163265306122448, ""low"": 0.02040816326530612, ""high"": 0.16326530612244897}",,0.05714285714285714,"{""mean"": 0.05714285714285714, ""low"": 0.00816326530612245, ""high"": 0.11836734693877551}",49
0.16981132075471697,1.0,53,0.31914420733143883,0.0,[30],,53,"{""incorrect"": 18, ""correct"": 34, ""partially_correct"": 1}",0.6509433962264151,0.6415094339622641,"{""mean"": 0.6415094339622641, ""low"": 0.5094339622641509, ""high"": 0.7735849056603774}",0.0,,,,30,molmo2:Molmo2-4B:frame:4ff6754c,0.16981132075471697,,0.0,0.35597484276729563,depth_scene_sequence,"{""answered"": 53}",0.5849056603773585,"{""mean"": 0.5849056603773585, ""low"": 0.4528301886792453, ""high"": 0.7169811320754716}",,0.35597484276729563,"{""mean"": 0.35597484276729563, ""low"": 0.2710691823899371, ""high"": 0.4477987421383648}",53
0.07,1.0,50,0.2793291507966726,0.0,[30],,50,"{""correct"": 20, ""incorrect"": 20, ""partially_correct"": 10}",0.5,0.4,"{""mean"": 0.4, ""low"": 0.28, ""high"": 0.54}",0.0,,,,30,molmo2:Molmo2-4B:frame:4ff6754c,0.02,,0.0,0.15871428571428572,depth_spatial_reasoning,"{""answered"": 50}",0.3433333333333333,"{""mean"": 0.3433333333333333, ""low"": 0.22, ""high"": 0.48333333333333334}",,0.15871428571428572,"{""mean"": 0.15871428571428572, ""low"": 0.09871428571428571, ""high"": 0.2318095238095238}",50
0.2906458797327394,1.0,449,0.31905038094689897,0.0,[30],,449,"{""incorrect"": 105, ""correct"": 338, ""partially_correct"": 6}",0.7594654788418709,0.7527839643652561,"{""mean"": 0.7527839643652561, ""low"": 0.7104677060133631, ""high"": 0.7928730512249443}",0.0,,,,30,molmo2:Molmo2-4B:frame:4ff6754c,0.2828507795100223,,0.0,0.3213648267100383,dynamic_counting,"{""answered"": 449}",0.618877657853159,"{""mean"": 0.618877657853159, ""low"": 0.5751051719871318, ""high"": 0.6648773152113909}",,0.3213648267100383,"{""mean"": 0.3213648267100383, ""low"": 0.27977980940119024, ""high"": 0.36560379734099113}",449
0.2608695652173913,1.0,322,0.33939196506964886,0.0,[30],,322,"{""incorrect"": 165, ""correct"": 153, ""partially_correct"": 4}",0.4813664596273292,0.4751552795031056,"{""mean"": 0.4751552795031056, ""low"": 0.4192546583850932, ""high"": 0.5341614906832298}",0.0,,,,30,molmo2:Molmo2-4B:frame:4ff6754c,0.2608695652173913,,0.0,0.30979177218673015,dynamic_recognition,"{""answered"": 322}",0.4301242236024845,"{""mean"": 0.4301242236024845, ""low"": 0.37888198757763975, ""high"": 0.4860248447204969}",,0.30979177218673015,"{""mean"": 0.30979177218673015, ""low"": 0.2656451148413151, ""high"": 0.357163487671343}",322
0.17517665130568355,1.0,155,0.3387018185792128,0.0,[30],,155,"{""incorrect"": 84, ""correct"": 54, ""partially_correct"": 17}",0.4032258064516129,0.34838709677419355,"{""mean"": 0.34838709677419355, ""low"": 0.27741935483870966, ""high"": 0.41935483870967744}",0.0,,,,30,molmo2:Molmo2-4B:frame:4ff6754c,0.14838709677419354,,0.0,0.18033794162826422,event_action,"{""answered"": 155}",0.18924731182795698,"{""mean"": 0.18924731182795698, ""low"": 0.13118279569892474, ""high"": 0.24731182795698925}",,0.18033794162826422,"{""mean"": 0.18033794162826422, ""low"": 0.12043010752688171, ""high"": 0.23748079877112135}",155
0.09712230215827339,1.0,139,0.09832134292565947,0.0,[30],,139,"{""incorrect"": 67, ""correct"": 72}",0.5179856115107914,0.5179856115107914,"{""mean"": 0.5179856115107914, ""low"": 0.4316546762589928, ""high"": 0.60431654676259}",0.0,,,,30,molmo2:Molmo2-4B:frame:4ff6754c,0.09352517985611511,,0.0,0.09352517985611511,event_counting,"{""answered"": 139}",0.5179856115107914,"{""mean"": 0.5179856115107914, ""low"": 0.4316546762589928, ""high"": 0.60431654676259}",,0.09352517985611511,"{""mean"": 0.09352517985611511, ""low"": 0.050359712230215826, ""high"": 0.1510791366906475}",139
0.13076923076923078,1.0,130,0.13076923076923078,0.0,[30],,130,"{""correct"": 78, ""incorrect"": 52}",0.6,0.6,"{""mean"": 0.6, ""low"": 0.5153846153846153, ""high"": 0.6846153846153846}",0.0,,,,30,molmo2:Molmo2-4B:frame:4ff6754c,0.13076923076923078,,0.0,0.13076923076923078,event_dynamic_counting,"{""answered"": 130}",0.5923076923076923,"{""mean"": 0.5923076923076923, ""low"": 0.5076923076923077, ""high"": 0.676923076923077}",,0.13076923076923078,"{""mean"": 0.13076923076923078, ""low"": 0.07692307692307693, ""high"": 0.19230769230769232}",130
0.4715447154471545,1.0,123,0.5129088266534465,0.0,[30],,123,"{""incorrect"": 64, ""correct"": 59}",0.4796747967479675,0.4796747967479675,"{""mean"": 0.4796747967479675, ""low"": 0.3902439024390244, ""high"": 0.5691056910569106}",0.0,,,,30,molmo2:Molmo2-4B:frame:4ff6754c,0.4715447154471545,,0.0,0.4715447154471545,event_dynamic_recognition,"{""answered"": 123}",0.4796747967479675,"{""mean"": 0.4796747967479675, ""low"": 0.3902439024390244, ""high"": 0.5691056910569106}",,0.4715447154471545,"{""mean"": 0.4715447154471545, ""low"": 0.3821138211382114, ""high"": 0.5609756097560976}",123
0.14917695473251028,1.0,54,0.37071519219416854,0.0,[30],,54,"{""correct"": 16, ""incorrect"": 31, ""partially_correct"": 7}",0.3611111111111111,0.2962962962962963,"{""mean"": 0.2962962962962963, ""low"": 0.18518518518518517, ""high"": 0.42592592592592593}",0.0,,,,30,molmo2:Molmo2-4B:frame:4ff6754c,0.12962962962962962,,0.0,0.2191358024691358,event_navigation,"{""answered"": 54}",0.2037037037037037,"{""mean"": 0.2037037037037037, ""low"": 0.1111111111111111, ""high"": 0.3055555555555556}",,0.2191358024691358,"{""mean"": 0.2191358024691358, ""low"": 0.13148148148148148, ""high"": 0.3160493827160494}",54
0.8947368421052632,1.0,57,0.9137505081777527,0.0,[30],,57,"{""correct"": 56, ""incorrect"": 1}",0.9824561403508771,0.9824561403508771,"{""mean"": 0.9824561403508771, ""low"": 0.9473684210526315, ""high"": 1.0}",0.0,,,,30,molmo2:Molmo2-4B:frame:4ff6754c,0.8947368421052632,,0.0,0.9315789473684211,event_non_common,"{""answered"": 57}",0.9824561403508771,"{""mean"": 0.9824561403508771, ""low"": 0.9473684210526315, ""high"": 1.0}",,0.9315789473684211,"{""mean"": 0.9315789473684211, ""low"": 0.8736842105263158, ""high"": 0.980701754385965}",57
0.13695620223398,1.0,54,0.36896576829579625,0.0,[30],,54,"{""partially_correct"": 8, ""correct"": 16, ""incorrect"": 30}",0.37037037037037035,0.2962962962962963,"{""mean"": 0.2962962962962963, ""low"": 0.18518518518518517, ""high"": 0.4074074074074074}",0.0,,,,30,molmo2:Molmo2-4B:frame:4ff6754c,0.12962962962962962,,0.0,0.19876543209876543,event_object_recognition,"{""answered"": 54}",0.19135802469135801,"{""mean"": 0.19135802469135801, ""low"": 0.09876543209876543, ""high"": 0.29012345679012347}",,0.19876543209876543,"{""mean"": 0.19876543209876543, ""low"": 0.1111111111111111, ""high"": 0.2938271604938272}",54
0.01038961038961039,1.0,55,0.16679350925566666,0.0,[30],,55,"{""partially_correct"": 5, ""incorrect"": 46, ""correct"": 4}",0.11818181818181818,0.07272727272727272,"{""mean"": 0.07272727272727272, ""low"": 0.01818181818181818, ""high"": 0.14545454545454545}",0.0,,,,30,molmo2:Molmo2-4B:frame:4ff6754c,0.0,,0.0,0.019393939393939394,event_scene_sequence,"{""answered"": 55}",0.01818181818181818,"{""mean"": 0.01818181818181818, ""low"": 0.0, ""high"": 0.05454545454545454}",,0.019393939393939394,"{""mean"": 0.019393939393939394, ""low"": 0.0, ""high"": 0.05090909090909091}",55
0.09090909090909091,1.0,55,0.39780289895061244,0.0,[30],,55,"{""correct"": 19, ""partially_correct"": 4, ""incorrect"": 32}",0.38181818181818183,0.34545454545454546,"{""mean"": 0.34545454545454546, ""low"": 0.21818181818181817, ""high"": 0.4727272727272727}",0.0,,,,30,molmo2:Molmo2-4B:frame:4ff6754c,0.09090909090909091,,0.0,0.24666666666666667,event_spatial_reasoning,"{""answered"": 55}",0.25575757575757574,"{""mean"": 0.25575757575757574, ""low"": 0.16, ""high"": 0.3557575757575758}",,0.24666666666666667,"{""mean"": 0.24666666666666667, ""low"": 0.15757575757575756, ""high"": 0.3424242424242424}",55
0.3081896551724138,1.0,464,0.38929023370192395,0.0,[30],,464,"{""correct"": 267, ""incorrect"": 183, ""partially_correct"": 14}",0.5905172413793104,0.5754310344827587,"{""mean"": 0.5754310344827587, ""low"": 0.5323275862068966, ""high"": 0.6185344827586207}",0.0,,,,30,molmo2:Molmo2-4B:frame:4ff6754c,0.3081896551724138,,0.0,0.37875515842931373,light_change,"{""answered"": 464}",0.539367816091954,"{""mean"": 0.539367816091954, ""low"": 0.49454022988505747, ""high"": 0.5854885057471264}",,0.37875515842931373,"{""mean"": 0.37875515842931373, ""low"": 0.33934168258775255, ""high"": 0.41872871280766016}",464
0.04648370497427101,1.0,106,0.21550131726709282,0.0,[30],,106,"{""incorrect"": 62, ""partially_correct"": 18, ""correct"": 26}",0.330188679245283,0.24528301886792453,"{""mean"": 0.24528301886792453, ""low"": 0.16037735849056603, ""high"": 0.33962264150943394}",0.0,,,,30,molmo2:Molmo2-4B:frame:4ff6754c,0.03773584905660377,,0.0,0.08726483160445425,light_recognition,"{""answered"": 106}",0.10658947970268726,"{""mean"": 0.10658947970268726, ""low"": 0.05531732418524871, ""high"": 0.1639937106918239}",,0.08726483160445425,"{""mean"": 0.08726483160445425, ""low"": 0.04677298592392932, ""high"": 0.13419505023278608}",106
0.15418569254185693,1.0,438,0.27148618201622615,0.0,[30],,438,"{""correct"": 178, ""incorrect"": 245, ""partially_correct"": 11, ""unjudgeable"": 4}",0.4228110599078341,0.41013824884792627,"{""mean"": 0.41013824884792627, ""low"": 0.3640552995391705, ""high"": 0.45622119815668205}",0.0091324200913242,,,,30,molmo2:Molmo2-4B:frame:4ff6754c,0.14840182648401826,,0.0,0.21768969607406352,navigation,"{""answered"": 438}",0.2865296803652968,"{""mean"": 0.2865296803652968, ""low"": 0.24315068493150685, ""high"": 0.3299086757990868}",,0.21768969607406352,"{""mean"": 0.21768969607406352, ""low"": 0.18313633720563616, ""high"": 0.2515205874794916}",438
0.3225806451612903,1.0,124,0.38357528961953813,0.0,[30],,124,"{""incorrect"": 19, ""correct"": 103, ""partially_correct"": 2}",0.8387096774193549,0.8306451612903226,"{""mean"": 0.8306451612903226, ""low"": 0.7661290322580645, ""high"": 0.8951612903225806}",0.0,,,,30,molmo2:Molmo2-4B:frame:4ff6754c,0.3225806451612903,,0.0,0.4255136216829765,non_common,"{""answered"": 124}",0.8064516129032258,"{""mean"": 0.8064516129032258, ""low"": 0.7338709677419355, ""high"": 0.8709677419354839}",,0.4255136216829765,"{""mean"": 0.4255136216829765, ""low"": 0.3592346273797887, ""high"": 0.49588910193748903}",124
0.06188118811881188,1.0,101,0.27723772248985035,0.0,[30],,101,"{""incorrect"": 70, ""correct"": 15, ""partially_correct"": 16}",0.22772277227722773,0.1485148514851485,"{""mean"": 0.1485148514851485, ""low"": 0.07920792079207921, ""high"": 0.21782178217821782}",0.0,,,,30,molmo2:Molmo2-4B:frame:4ff6754c,0.04950495049504951,,0.0,0.10645427988176968,object_recognition,"{""answered"": 101}",0.0965982312516966,"{""mean"": 0.0965982312516966, ""low"": 0.049104910491049106, ""high"": 0.1482948294829483}",,0.10645427988176968,"{""mean"": 0.10645427988176968, ""low"": 0.059425711478710896, ""high"": 0.156514348913883}",101
0.0931547619047619,1.0,480,0.22256212111155851,0.0,[30],,480,"{""partially_correct"": 38, ""incorrect"": 300, ""correct"": 142}",0.33541666666666664,0.29583333333333334,"{""mean"": 0.29583333333333334, ""low"": 0.25625, ""high"": 0.3375}",0.0,,,,30,molmo2:Molmo2-4B:frame:4ff6754c,0.09375,,0.0,0.15016929999466763,scene_sequence,"{""answered"": 480}",0.2375,"{""mean"": 0.2375, ""low"": 0.2, ""high"": 0.27708333333333335}",,0.15016929999466763,"{""mean"": 0.15016929999466763, ""low"": 0.12417683181469946, ""high"": 0.17942922001745532}",480
0.0049504950495049506,1.0,101,0.18942767404679656,0.0,[30],,101,"{""incorrect"": 67, ""correct"": 30, ""partially_correct"": 4}",0.31683168316831684,0.297029702970297,"{""mean"": 0.297029702970297, ""low"": 0.21782178217821782, ""high"": 0.38613861386138615}",0.0,,,,30,molmo2:Molmo2-4B:frame:4ff6754c,0.0,,0.0,0.09426593758276927,spatial_reasoning,"{""answered"": 101}",0.10582615953903082,"{""mean"": 0.10582615953903082, ""low"": 0.06894939493949395, ""high"": 0.14804288121119805}",,0.09426593758276927,"{""mean"": 0.09426593758276927, ""low"": 0.06544305529454045, ""high"": 0.12656130997715156}",101
0.10856760374832664,1.0,415,0.2203385376538793,0.0,[30],,415,"{""incorrect"": 260, ""partially_correct"": 17, ""correct"": 138}",0.3530120481927711,0.3325301204819277,"{""mean"": 0.3325301204819277, ""low"": 0.28433734939759037, ""high"": 0.38072289156626504}",0.0,,,,30,molmo2:Molmo2-4B:frame:4ff6754c,0.10361445783132531,,0.0,0.1664658500803079,text_recognition,"{""answered"": 415}",0.27242302543507363,"{""mean"": 0.27242302543507363, ""low"": 0.2289156626506024, ""high"": 0.3168674698795181}",,0.1664658500803079,"{""mean"": 0.1664658500803079, ""low"": 0.13615145229603062, ""high"": 0.19404856187988717}",415
0.2020854190768834,1.0,429,0.5140767260502894,0.009324009324009324,[30],,429,"{""partially_correct"": 47, ""incorrect"": 124, ""correct"": 258}",0.6561771561771562,0.6013986013986014,"{""mean"": 0.6013986013986014, ""low"": 0.5547785547785548, ""high"": 0.6433566433566433}",0.0,,,,30,qwen_vl:Qwen3-VL-4B-Instruct:frame:6e85eecd,0.15384615384615385,,0.0,0.33945575922412474,action,"{""answered"": 429}",0.39275238946439955,"{""mean"": 0.39275238946439955, ""low"": 0.35537015699783964, ""high"": 0.43277153322969575}",,0.34113017451433597,"{""mean"": 0.34113017451433597, ""low"": 0.31041605757771945, ""high"": 0.3764709603664766}",429
0.07256038647342995,1.0,450,0.09422538670914729,0.0,[30],,450,"{""incorrect"": 191, ""correct"": 259}",0.5755555555555556,0.5755555555555556,"{""mean"": 0.5755555555555556, ""low"": 0.5311111111111111, ""high"": 0.6244444444444445}",0.0,,,,30,qwen_vl:Qwen3-VL-4B-Instruct:frame:6e85eecd,0.07111111111111111,,0.0,0.10477739904811378,counting,"{""answered"": 450}",0.5666666666666667,"{""mean"": 0.5666666666666667, ""low"": 0.5222222222222223, ""high"": 0.6133333333333333}",,0.10477739904811378,"{""mean"": 0.10477739904811378, ""low"": 0.08036319161429852, ""high"": 0.13072423717964515}",450
0.2903841258083417,1.0,151,0.5431555625430015,0.006622516556291391,[30],,151,"{""incorrect"": 83, ""correct"": 57, ""partially_correct"": 11}",0.4139072847682119,0.37748344370860926,"{""mean"": 0.37748344370860926, ""low"": 0.304635761589404, ""high"": 0.45695364238410596}",0.0,,,,30,qwen_vl:Qwen3-VL-4B-Instruct:frame:6e85eecd,0.25165562913907286,,0.0,0.3198998497473955,depth_action,"{""answered"": 151}",0.34009852524408424,"{""mean"": 0.34009852524408424, ""low"": 0.2691350592012844, ""high"": 0.40511560817075537}",,0.3198998497473955,"{""mean"": 0.3198998497473955, ""low"": 0.25226434473483134, ""high"": 0.3825297938456591}",151
0.019417475728155338,1.0,103,0.03637236549857909,0.0,[30],,103,"{""incorrect"": 93, ""correct"": 10}",0.0970873786407767,0.0970873786407767,"{""mean"": 0.0970873786407767, ""low"": 0.04854368932038835, ""high"": 0.1553398058252427}",0.0,,,,30,qwen_vl:Qwen3-VL-4B-Instruct:frame:6e85eecd,0.019417475728155338,,0.0,0.02912621359223301,depth_counting,"{""answered"": 103}",0.0970873786407767,"{""mean"": 0.0970873786407767, ""low"": 0.04854368932038835, ""high"": 0.1553398058252427}",,0.02912621359223301,"{""mean"": 0.02912621359223301, ""low"": 0.0048543689320388345, ""high"": 0.06310679611650485}",103
0.17372881355932204,1.0,118,0.1950436569080637,0.0,[30],,118,"{""incorrect"": 58, ""correct"": 58, ""partially_correct"": 2}",0.5,0.4915254237288136,"{""mean"": 0.4915254237288136, ""low"": 0.4067796610169492, ""high"": 0.576271186440678}",0.0,,,,30,qwen_vl:Qwen3-VL-4B-Instruct:frame:6e85eecd,0.1694915254237288,,0.0,0.20338983050847456,depth_dynamic_counting,"{""answered"": 118}",0.4576271186440678,"{""mean"": 0.4576271186440678, ""low"": 0.3728813559322034, ""high"": 0.5508474576271186}",,0.20338983050847456,"{""mean"": 0.20338983050847456, ""low"": 0.1384180790960452, ""high"": 0.2796610169491525}",118
0.3701187790380237,1.0,131,0.48810312762651453,0.0,[30],,131,"{""incorrect"": 68, ""correct"": 61, ""partially_correct"": 2}",0.4732824427480916,0.46564885496183206,"{""mean"": 0.46564885496183206, ""low"": 0.3816793893129771, ""high"": 0.549618320610687}",0.0,,,,30,qwen_vl:Qwen3-VL-4B-Instruct:frame:6e85eecd,0.3435114503816794,,0.0,0.4039076699382043,depth_dynamic_recognition,"{""answered"": 131}",0.45321701199563796,"{""mean"": 0.45321701199563796, ""low"": 0.3707742639040349, ""high"": 0.535659760087241}",,0.4039076699382043,"{""mean"": 0.4039076699382043, ""low"": 0.3271901126862959, ""high"": 0.47795347146492184}",131
0.16037735849056603,1.0,53,0.39107652709348767,0.0,[30],,53,"{""correct"": 30, ""incorrect"": 22, ""partially_correct"": 1}",0.5754716981132075,0.5660377358490566,"{""mean"": 0.5660377358490566, ""low"": 0.4339622641509434, ""high"": 0.6981132075471698}",0.0,,,,30,qwen_vl:Qwen3-VL-4B-Instruct:frame:6e85eecd,0.16981132075471697,,0.0,0.32551662174303686,depth_navigation,"{""answered"": 53}",0.5283018867924528,"{""mean"": 0.5283018867924528, ""low"": 0.39622641509433965, ""high"": 0.660377358490566}",,0.32551662174303686,"{""mean"": 0.32551662174303686, ""low"": 0.23333333333333334, ""high"": 0.4238993710691824}",53
0.7857142857142857,1.0,56,0.8320599375642067,0.0,[30],,56,"{""correct"": 54, ""incorrect"": 2}",0.9642857142857143,0.9642857142857143,"{""mean"": 0.9642857142857143, ""low"": 0.9107142857142857, ""high"": 1.0}",0.0,,,,30,qwen_vl:Qwen3-VL-4B-Instruct:frame:6e85eecd,0.7857142857142857,,0.0,0.8566326530612245,depth_non_common,"{""answered"": 56}",0.9642857142857143,"{""mean"": 0.9642857142857143, ""low"": 0.9107142857142857, ""high"": 1.0}",,0.8566326530612245,"{""mean"": 0.8566326530612245, ""low"": 0.7790816326530612, ""high"": 0.9267857142857143}",56
0.052597850734496694,1.0,49,0.3655430794797441,0.0,[30],,49,"{""incorrect"": 41, ""correct"": 7, ""partially_correct"": 1}",0.15306122448979592,0.14285714285714285,"{""mean"": 0.14285714285714285, ""low"": 0.061224489795918366, ""high"": 0.24489795918367346}",0.0,,,,30,qwen_vl:Qwen3-VL-4B-Instruct:frame:6e85eecd,0.04081632653061224,,0.0,0.07023809523809524,depth_object_recognition,"{""answered"": 49}",0.06258503401360545,"{""mean"": 0.06258503401360545, ""low"": 0.00816326530612245, ""high"": 0.1306122448979592}",,0.07023809523809524,"{""mean"": 0.07023809523809524, ""low"": 0.015816326530612244, ""high"": 0.1369047619047619}",49
0.1575594217103651,1.0,53,0.3477504718382213,0.03773584905660377,[30],,53,"{""incorrect"": 18, ""correct"": 34, ""partially_correct"": 1}",0.6509433962264151,0.6415094339622641,"{""mean"": 0.6415094339622641, ""low"": 0.5094339622641509, ""high"": 0.7547169811320755}",0.0,,,,30,qwen_vl:Qwen3-VL-4B-Instruct:frame:6e85eecd,0.1509433962264151,,0.018867924528301886,0.36225311706940305,depth_scene_sequence,"{""answered"": 53}",0.5660377358490566,"{""mean"": 0.5660377358490566, ""low"": 0.4339622641509434, ""high"": 0.6981132075471698}",,0.36225311706940305,"{""mean"": 0.36225311706940305, ""low"": 0.27377248151826106, ""high"": 0.4551142005958292}",53
0.13884615384615384,1.0,50,0.4027247497895851,0.0,[30],,50,"{""correct"": 25, ""incorrect"": 25}",0.5,0.5,"{""mean"": 0.5, ""low"": 0.36, ""high"": 0.62}",0.0,,,,30,qwen_vl:Qwen3-VL-4B-Instruct:frame:6e85eecd,0.12,,0.0,0.3057435897435897,depth_spatial_reasoning,"{""answered"": 50}",0.41174358974358977,"{""mean"": 0.41174358974358977, ""low"": 0.28933333333333333, ""high"": 0.5293333333333333}",,0.3057435897435897,"{""mean"": 0.3057435897435897, ""low"": 0.20266666666666666, ""high"": 0.40107692307692305}",50
0.3015472980893213,1.0,449,0.33028130352738205,0.0,[30],,449,"{""incorrect"": 103, ""correct"": 340, ""partially_correct"": 6}",0.7639198218262806,0.7572383073496659,"{""mean"": 0.7572383073496659, ""low"": 0.7149220489977728, ""high"": 0.7951002227171492}",0.0,,,,30,qwen_vl:Qwen3-VL-4B-Instruct:frame:6e85eecd,0.29398663697104677,,0.0,0.33083737593759865,dynamic_counting,"{""answered"": 449}",0.629790798164963,"{""mean"": 0.629790798164963, ""low"": 0.5860849370871642, ""high"": 0.674334228009061}",,0.33083737593759865,"{""mean"": 0.33083737593759865, ""low"": 0.2897034789016972, ""high"": 0.37498619915100984}",449
0.31405806817934484,1.0,322,0.47725665709927856,0.003105590062111801,[30],,322,"{""incorrect"": 136, ""partially_correct"": 14, ""correct"": 172}",0.5559006211180124,0.5341614906832298,"{""mean"": 0.5341614906832298, ""low"": 0.4813664596273292, ""high"": 0.5869565217391305}",0.0,,,,30,qwen_vl:Qwen3-VL-4B-Instruct:frame:6e85eecd,0.30434782608695654,,0.0,0.38720051182717874,dynamic_recognition,"{""answered"": 322}",0.49320057961362307,"{""mean"": 0.49320057961362307, ""low"": 0.44081664539739074, ""high"": 0.5445129921837997}",,0.38720051182717874,"{""mean"": 0.38720051182717874, ""low"": 0.3385518176748971, ""high"": 0.42951528799957966}",322
0.326853901466555,1.0,155,0.5807085648339742,0.012903225806451613,[30],,155,"{""correct"": 80, ""partially_correct"": 20, ""incorrect"": 55}",0.5806451612903226,0.5161290322580645,"{""mean"": 0.5161290322580645, ""low"": 0.43870967741935485, ""high"": 0.5935483870967742}",0.0,,,,30,qwen_vl:Qwen3-VL-4B-Instruct:frame:6e85eecd,0.2645161290322581,,0.0,0.3840424626612723,event_action,"{""answered"": 155}",0.3933614590770429,"{""mean"": 0.3933614590770429, ""low"": 0.32719391618528376, ""high"": 0.45969278033794164}",,0.3840424626612723,"{""mean"": 0.3840424626612723, ""low"": 0.3182846902201741, ""high"": 0.45007420869301834}",155
0.10431654676258993,1.0,139,0.10431654676258993,0.0,[30],,139,"{""incorrect"": 67, ""correct"": 72}",0.5179856115107914,0.5179856115107914,"{""mean"": 0.5179856115107914, ""low"": 0.4316546762589928, ""high"": 0.5971223021582733}",0.0,,,,30,qwen_vl:Qwen3-VL-4B-Instruct:frame:6e85eecd,0.10071942446043165,,0.0,0.10071942446043165,event_counting,"{""answered"": 139}",0.5179856115107914,"{""mean"": 0.5179856115107914, ""low"": 0.4316546762589928, ""high"": 0.5971223021582733}",,0.10071942446043165,"{""mean"": 0.10071942446043165, ""low"": 0.05755395683453238, ""high"": 0.1510791366906475}",139
0.12307692307692308,1.0,130,0.12307692307692308,0.0,[30],,130,"{""correct"": 81, ""incorrect"": 48, ""partially_correct"": 1}",0.6269230769230769,0.6230769230769231,"{""mean"": 0.6230769230769231, ""low"": 0.5384615384615384, ""high"": 0.7}",0.0,,,,30,qwen_vl:Qwen3-VL-4B-Instruct:frame:6e85eecd,0.12307692307692308,,0.0,0.12307692307692308,event_dynamic_counting,"{""answered"": 130}",0.5923076923076923,"{""mean"": 0.5923076923076923, ""low"": 0.5153846153846153, ""high"": 0.6692307692307692}",,0.12307692307692308,"{""mean"": 0.12307692307692308, ""low"": 0.06923076923076923, ""high"": 0.17692307692307693}",130
0.5089769647696477,1.0,123,0.6166216635443853,0.0,[30],,123,"{""incorrect"": 54, ""correct"": 62, ""partially_correct"": 7}",0.532520325203252,0.5040650406504065,"{""mean"": 0.5040650406504065, ""low"": 0.4146341463414634, ""high"": 0.5934959349593496}",0.0,,,,30,qwen_vl:Qwen3-VL-4B-Instruct:frame:6e85eecd,0.4715447154471545,,0.0,0.5433604336043361,event_dynamic_recognition,"{""answered"": 123}",0.5555555555555556,"{""mean"": 0.5555555555555556, ""low"": 0.47317073170731705, ""high"": 0.634959349593496}",,0.5433604336043361,"{""mean"": 0.5433604336043361, ""low"": 0.45799457994579945, ""high"": 0.6235772357723577}",123
0.05115740740740741,1.0,54,0.35600028136159717,0.018518518518518517,[30],,54,"{""incorrect"": 32, ""correct"": 14, ""partially_correct"": 8}",0.3333333333333333,0.25925925925925924,"{""mean"": 0.25925925925925924, ""low"": 0.14814814814814814, ""high"": 0.37037037037037035}",0.0,,,,30,qwen_vl:Qwen3-VL-4B-Instruct:frame:6e85eecd,0.018518518518518517,,0.0,0.14508105845666233,event_navigation,"{""answered"": 54}",0.07098765432098765,"{""mean"": 0.07098765432098765, ""low"": 0.018518518518518517, ""high"": 0.1388888888888889}",,0.14508105845666233,"{""mean"": 0.14508105845666233, ""low"": 0.08682121130792628, ""high"": 0.21079799606369654}",54
0.8947368421052632,1.0,57,0.9166400850611377,0.0,[30],,57,"{""correct"": 56, ""partially_correct"": 1}",0.9912280701754386,0.9824561403508771,"{""mean"": 0.9824561403508771, ""low"": 0.9473684210526315, ""high"": 1.0}",0.0,,,,30,qwen_vl:Qwen3-VL-4B-Instruct:frame:6e85eecd,0.8947368421052632,,0.0,0.9315789473684211,event_non_common,"{""answered"": 57}",0.9824561403508771,"{""mean"": 0.9824561403508771, ""low"": 0.9473684210526315, ""high"": 1.0}",,0.9315789473684211,"{""mean"": 0.9315789473684211, ""low"": 0.8736842105263158, ""high"": 0.980701754385965}",57
0.32966553968015955,1.0,54,0.6159848966346043,0.037037037037037035,[30],,54,"{""partially_correct"": 9, ""correct"": 33, ""incorrect"": 12}",0.6944444444444444,0.6111111111111112,"{""mean"": 0.6111111111111112, ""low"": 0.48148148148148145, ""high"": 0.7407407407407407}",0.0,,,,30,qwen_vl:Qwen3-VL-4B-Instruct:frame:6e85eecd,0.3148148148148148,,0.018518518518518517,0.48306551283959637,event_object_recognition,"{""answered"": 54}",0.47456099992331874,"{""mean"": 0.47456099992331874, ""low"": 0.35383789586688136, ""high"": 0.591358024691358}",,0.48923835234576923,"{""mean"": 0.48923835234576923, ""low"": 0.367134760506457, ""high"": 0.6008785639859808}",54
0.04458874458874459,1.0,55,0.4864829236903796,0.16363636363636364,[30],,55,"{""partially_correct"": 14, ""incorrect"": 29, ""correct"": 12}",0.34545454545454546,0.21818181818181817,"{""mean"": 0.21818181818181817, ""low"": 0.10909090909090909, ""high"": 0.34545454545454546}",0.0,,,,30,qwen_vl:Qwen3-VL-4B-Instruct:frame:6e85eecd,0.01818181818181818,,0.05454545454545454,0.15385439569368645,event_scene_sequence,"{""answered"": 55}",0.07424242424242425,"{""mean"": 0.07424242424242425, ""low"": 0.022727272727272728, ""high"": 0.13636363636363635}",,0.158399850239141,"{""mean"": 0.158399850239141, ""low"": 0.10702336129017807, ""high"": 0.22100903843656447}",55
0.2679215043823923,1.0,55,0.5727049298514081,0.01818181818181818,[30],,55,"{""correct"": 27, ""incorrect"": 26, ""partially_correct"": 2}",0.509090909090909,0.4909090909090909,"{""mean"": 0.4909090909090909, ""low"": 0.36363636363636365, ""high"": 0.6181818181818182}",0.0,,,,30,qwen_vl:Qwen3-VL-4B-Instruct:frame:6e85eecd,0.18181818181818182,,0.0,0.4058152958152958,event_spatial_reasoning,"{""answered"": 55}",0.4349062049062049,"{""mean"": 0.4349062049062049, ""low"": 0.32707070707070707, ""high"": 0.5478210678210679}",,0.4058152958152958,"{""mean"": 0.4058152958152958, ""low"": 0.3082972582972583, ""high"": 0.5066233766233766}",55
0.2878947020742502,1.0,464,0.3978258153999914,0.0,[30],,464,"{""correct"": 266, ""incorrect"": 196, ""partially_correct"": 2}",0.5754310344827587,0.5732758620689655,"{""mean"": 0.5732758620689655, ""low"": 0.5258620689655172, ""high"": 0.6185344827586207}",0.0,,,,30,qwen_vl:Qwen3-VL-4B-Instruct:frame:6e85eecd,0.2823275862068966,,0.0,0.3670111485384685,light_change,"{""answered"": 464}",0.519862871802527,"{""mean"": 0.519862871802527, ""low"": 0.47361326413050553, ""high"": 0.563986516357206}",,0.3675989228331394,"{""mean"": 0.3675989228331394, ""low"": 0.33059075144204453, ""high"": 0.4058628415547153}",464
0.14183265537696993,1.0,106,0.5087342836628118,0.009433962264150943,[30],,106,"{""correct"": 62, ""incorrect"": 38, ""partially_correct"": 6}",0.6132075471698113,0.5849056603773585,"{""mean"": 0.5849056603773585, ""low"": 0.49056603773584906, ""high"": 0.6792452830188679}",0.0,,,,30,qwen_vl:Qwen3-VL-4B-Instruct:frame:6e85eecd,0.10377358490566038,,0.0,0.2702169787992888,light_recognition,"{""answered"": 106}",0.28556236740199004,"{""mean"": 0.28556236740199004, ""low"": 0.2190386395575075, ""high"": 0.3554221459881837}",,0.2833197041661651,"{""mean"": 0.2833197041661651, ""low"": 0.22627750885555833, ""high"": 0.34568896235100455}",106
0.18684219282973344,1.0,438,0.39708755331168283,0.00684931506849315,[30],,438,"{""correct"": 240, ""incorrect"": 177, ""partially_correct"": 21}",0.571917808219178,0.547945205479452,"{""mean"": 0.547945205479452, ""low"": 0.5, ""high"": 0.593607305936073}",0.0,,,,30,qwen_vl:Qwen3-VL-4B-Instruct:frame:6e85eecd,0.17123287671232876,,0.00228310502283105,0.2907938309619107,navigation,"{""answered"": 438}",0.3304794520547945,"{""mean"": 0.3304794520547945, ""low"": 0.2853881278538813, ""high"": 0.375}",,0.2936808576845539,"{""mean"": 0.2936808576845539, ""low"": 0.2578978660917315, ""high"": 0.32986620328770766}",438
0.3270609318996416,1.0,124,0.4302261437981107,0.0,[30],,124,"{""incorrect"": 14, ""correct"": 108, ""partially_correct"": 2}",0.8790322580645161,0.8709677419354839,"{""mean"": 0.8709677419354839, ""low"": 0.8064516129032258, ""high"": 0.9193548387096774}",0.0,,,,30,qwen_vl:Qwen3-VL-4B-Instruct:frame:6e85eecd,0.3225806451612903,,0.0,0.4468309936311732,non_common,"{""answered"": 124}",0.8387634506818155,"{""mean"": 0.8387634506818155, ""low"": 0.7767773659253323, ""high"": 0.8991596638655462}",,0.44816476697220664,"{""mean"": 0.44816476697220664, ""low"": 0.38561352435609536, ""high"": 0.5153368084582506}",124
0.23483919309699813,1.0,101,0.5716728627685763,0.0,[30],,101,"{""incorrect"": 21, ""correct"": 56, ""partially_correct"": 24}",0.6732673267326733,0.5544554455445545,"{""mean"": 0.5544554455445545, ""low"": 0.45544554455445546, ""high"": 0.6534653465346535}",0.0,,,,30,qwen_vl:Qwen3-VL-4B-Instruct:frame:6e85eecd,0.19801980198019803,,0.0,0.39256539118857686,object_recognition,"{""answered"": 101}",0.3721143542925721,"{""mean"": 0.3721143542925721, ""low"": 0.2938965325103939, ""high"": 0.4466303773234466}",,0.41043561276472657,"{""mean"": 0.41043561276472657, ""low"": 0.3376870158700196, ""high"": 0.4816838145218805}",101
0.14108787082204147,1.0,480,0.45928915741767745,0.0125,[30],,480,"{""incorrect"": 192, ""correct"": 232, ""partially_correct"": 56}",0.5416666666666666,0.48333333333333334,"{""mean"": 0.48333333333333334, ""low"": 0.4375, ""high"": 0.525}",0.0,,,,30,qwen_vl:Qwen3-VL-4B-Instruct:frame:6e85eecd,0.12083333333333333,,0.004166666666666667,0.2708684580794172,scene_sequence,"{""answered"": 480}",0.24774305555555556,"{""mean"": 0.24774305555555556, ""low"": 0.2107638888888889, ""high"": 0.28802083333333334}",,0.2789858281291244,"{""mean"": 0.2789858281291244, ""low"": 0.25044164741345376, ""high"": 0.3089144849976508}",480
0.17505390376171862,1.0,101,0.48008882282570353,0.0,[30],,101,"{""incorrect"": 39, ""correct"": 60, ""partially_correct"": 2}",0.6039603960396039,0.594059405940594,"{""mean"": 0.594059405940594, ""low"": 0.48514851485148514, ""high"": 0.6831683168316832}",0.0,,,,30,qwen_vl:Qwen3-VL-4B-Instruct:frame:6e85eecd,0.06930693069306931,,0.0,0.370684853095369,spatial_reasoning,"{""answered"": 101}",0.39230857542937975,"{""mean"": 0.39230857542937975, ""low"": 0.32375406237252174, ""high"": 0.45773211604833464}",,0.37831913300687664,"{""mean"": 0.37831913300687664, ""low"": 0.31077782068447496, ""high"": 0.43655253876503486}",101
0.24687750747352044,1.0,415,0.4341451227096924,0.012048192771084338,[30],,415,"{""incorrect"": 157, ""correct"": 244, ""partially_correct"": 14}",0.6048192771084338,0.5879518072289157,"{""mean"": 0.5879518072289157, ""low"": 0.5421686746987951, ""high"": 0.6337349397590362}",0.0,,,,30,qwen_vl:Qwen3-VL-4B-Instruct:frame:6e85eecd,0.1927710843373494,,0.0024096385542168677,0.3411916500870175,text_recognition,"{""answered"": 415}",0.44328599858080675,"{""mean"": 0.44328599858080675, ""low"": 0.39540044004101704, ""high"": 0.4872526009370824}",,0.3432139725676155,"{""mean"": 0.3432139725676155, ""low"": 0.3043357614188322, ""high"": 0.379270289979401}",415
