baseline_gpu_gb,day_frame_count,frame_cache_hit,frame_count,frame_paths,generation_config,ground_truth_answer,incremental_peak_gpu_gb,input_modality,input_stats,latency_seconds,modality,model_answer,model_name,night_frame_count,pair_key,peak_gpu_gb,provider,qa_id,question,reason,section,source_modality,source_pair_key,source_qa_id,source_section,status
6.266,4,False,8,"[""aligned_dataset/.frames_cache/check_mailbox_split/Seg1/check_mailbox_day_rgb/frame_000000.png"", ""aligned_dataset/.frames_cache/check_mailbox_split/Seg1/check_mailbox_day_rgb/frame_000300.png"", ""aligned_dataset/.frames_cache/check_mailbox_split/Seg1/check_mailbox_day_rgb/frame_000570.png"", ""aligned_dataset/.frames_cache/check_mailbox_split/Seg1/check_mailbox_day_rgb/frame_000870.png"", ""aligned_dataset/.frames_cache/check_mailbox_split/Seg1/check_mailbox_night_rgb/frame_000000.png"", ""aligned_dataset/.frames_cache/check_mailbox_split/Seg1/check_mailbox_night_rgb/frame_000300.png"", ""aligned_dataset/.frames_cache/check_mailbox_split/Seg1/check_mailbox_night_rgb/frame_000570.png"", ""aligned_dataset/.frames_cache/check_mailbox_split/Seg1/check_mailbox_night_rgb/frame_000870.png""]","{""max_new_tokens"": 128, ""do_sample"": false}",A doorway.,2.192,rgb,{},2.9068,rgb,door,Qwen/Qwen3-VL-8B-Instruct,4,check_mailbox_split/Seg1/rgb,8.458,qwen_vl,depth__check_mailbox_split_seg1_check_mailbox__depth_object_recognition__01__input_rgb,What is the primary geometric structure visible that connects two distinct spaces?,,depth_object_recognition,depth,check_mailbox_split/Seg1/check_mailbox,depth__check_mailbox_split_seg1_check_mailbox__depth_object_recognition__01,depth_object_recognition,answered
6.275,4,True,8,"[""aligned_dataset/.frames_cache/check_mailbox_split/Seg1/check_mailbox_day_rgb/frame_000000.png"", ""aligned_dataset/.frames_cache/check_mailbox_split/Seg1/check_mailbox_day_rgb/frame_000300.png"", ""aligned_dataset/.frames_cache/check_mailbox_split/Seg1/check_mailbox_day_rgb/frame_000570.png"", ""aligned_dataset/.frames_cache/check_mailbox_split/Seg1/check_mailbox_day_rgb/frame_000870.png"", ""aligned_dataset/.frames_cache/check_mailbox_split/Seg1/check_mailbox_night_rgb/frame_000000.png"", ""aligned_dataset/.frames_cache/check_mailbox_split/Seg1/check_mailbox_night_rgb/frame_000300.png"", ""aligned_dataset/.frames_cache/check_mailbox_split/Seg1/check_mailbox_night_rgb/frame_000570.png"", ""aligned_dataset/.frames_cache/check_mailbox_split/Seg1/check_mailbox_night_rgb/frame_000870.png""]","{""max_new_tokens"": 128, ""do_sample"": false}","Yes, it is closer.",2.184,rgb,{},2.5122,rgb,yes,Qwen/Qwen3-VL-8B-Instruct,4,check_mailbox_split/Seg1/rgb,8.46,qwen_vl,depth__check_mailbox_split_seg1_check_mailbox__depth_spatial_reasoning__01__input_rgb,Is the table-like object closer to me than the items on the floor in the further room?,,depth_spatial_reasoning,depth,check_mailbox_split/Seg1/check_mailbox,depth__check_mailbox_split_seg1_check_mailbox__depth_spatial_reasoning__01,depth_spatial_reasoning,answered
6.275,4,True,8,"[""aligned_dataset/.frames_cache/check_mailbox_split/Seg1/check_mailbox_day_rgb/frame_000000.png"", ""aligned_dataset/.frames_cache/check_mailbox_split/Seg1/check_mailbox_day_rgb/frame_000300.png"", ""aligned_dataset/.frames_cache/check_mailbox_split/Seg1/check_mailbox_day_rgb/frame_000570.png"", ""aligned_dataset/.frames_cache/check_mailbox_split/Seg1/check_mailbox_day_rgb/frame_000870.png"", ""aligned_dataset/.frames_cache/check_mailbox_split/Seg1/check_mailbox_night_rgb/frame_000000.png"", ""aligned_dataset/.frames_cache/check_mailbox_split/Seg1/check_mailbox_night_rgb/frame_000300.png"", ""aligned_dataset/.frames_cache/check_mailbox_split/Seg1/check_mailbox_night_rgb/frame_000570.png"", ""aligned_dataset/.frames_cache/check_mailbox_split/Seg1/check_mailbox_night_rgb/frame_000870.png""]","{""max_new_tokens"": 128, ""do_sample"": false}",From a room through a doorway into a second room.,2.182,rgb,{},2.6254,rgb,"living room, kitchen, hallway, bedroom",Qwen/Qwen3-VL-8B-Instruct,4,check_mailbox_split/Seg1/rgb,8.457,qwen_vl,depth__check_mailbox_split_seg1_check_mailbox__depth_scene_sequence__01__input_rgb,What is the sequence of spaces I move through?,,depth_scene_sequence,depth,check_mailbox_split/Seg1/check_mailbox,depth__check_mailbox_split_seg1_check_mailbox__depth_scene_sequence__01,depth_scene_sequence,answered
6.275,4,True,8,"[""aligned_dataset/.frames_cache/check_mailbox_split/Seg1/check_mailbox_day_rgb/frame_000000.png"", ""aligned_dataset/.frames_cache/check_mailbox_split/Seg1/check_mailbox_day_rgb/frame_000300.png"", ""aligned_dataset/.frames_cache/check_mailbox_split/Seg1/check_mailbox_day_rgb/frame_000570.png"", ""aligned_dataset/.frames_cache/check_mailbox_split/Seg1/check_mailbox_day_rgb/frame_000870.png"", ""aligned_dataset/.frames_cache/check_mailbox_split/Seg1/check_mailbox_night_rgb/frame_000000.png"", ""aligned_dataset/.frames_cache/check_mailbox_split/Seg1/check_mailbox_night_rgb/frame_000300.png"", ""aligned_dataset/.frames_cache/check_mailbox_split/Seg1/check_mailbox_night_rgb/frame_000570.png"", ""aligned_dataset/.frames_cache/check_mailbox_split/Seg1/check_mailbox_night_rgb/frame_000870.png""]","{""max_new_tokens"": 128, ""do_sample"": false}","Yes, it is clear.",2.182,rgb,{},2.4935,rgb,yes,Qwen/Qwen3-VL-8B-Instruct,4,check_mailbox_split/Seg1/rgb,8.457,qwen_vl,depth__check_mailbox_split_seg1_check_mailbox__depth_navigation__01__input_rgb,Is the pathway through the door clear for movement?,,depth_navigation,depth,check_mailbox_split/Seg1/check_mailbox,depth__check_mailbox_split_seg1_check_mailbox__depth_navigation__01,depth_navigation,answered
6.275,4,True,8,"[""aligned_dataset/.frames_cache/check_mailbox_split/Seg1/check_mailbox_day_rgb/frame_000000.png"", ""aligned_dataset/.frames_cache/check_mailbox_split/Seg1/check_mailbox_day_rgb/frame_000300.png"", ""aligned_dataset/.frames_cache/check_mailbox_split/Seg1/check_mailbox_day_rgb/frame_000570.png"", ""aligned_dataset/.frames_cache/check_mailbox_split/Seg1/check_mailbox_day_rgb/frame_000870.png"", ""aligned_dataset/.frames_cache/check_mailbox_split/Seg1/check_mailbox_night_rgb/frame_000000.png"", ""aligned_dataset/.frames_cache/check_mailbox_split/Seg1/check_mailbox_night_rgb/frame_000300.png"", ""aligned_dataset/.frames_cache/check_mailbox_split/Seg1/check_mailbox_night_rgb/frame_000570.png"", ""aligned_dataset/.frames_cache/check_mailbox_split/Seg1/check_mailbox_night_rgb/frame_000870.png""]","{""max_new_tokens"": 128, ""do_sample"": false}","Yes, they are.",2.182,rgb,{},2.494,rgb,no,Qwen/Qwen3-VL-8B-Instruct,4,check_mailbox_split/Seg1/rgb,8.457,qwen_vl,depth__check_mailbox_split_seg1_check_mailbox__depth_dynamic_recognition__01__input_rgb,Is the person moving closer to me?,,depth_dynamic_recognition,depth,check_mailbox_split/Seg1/check_mailbox,depth__check_mailbox_split_seg1_check_mailbox__depth_dynamic_recognition__01,depth_dynamic_recognition,answered
6.275,4,True,8,"[""aligned_dataset/.frames_cache/check_mailbox_split/Seg1/check_mailbox_day_rgb/frame_000000.png"", ""aligned_dataset/.frames_cache/check_mailbox_split/Seg1/check_mailbox_day_rgb/frame_000300.png"", ""aligned_dataset/.frames_cache/check_mailbox_split/Seg1/check_mailbox_day_rgb/frame_000570.png"", ""aligned_dataset/.frames_cache/check_mailbox_split/Seg1/check_mailbox_day_rgb/frame_000870.png"", ""aligned_dataset/.frames_cache/check_mailbox_split/Seg1/check_mailbox_night_rgb/frame_000000.png"", ""aligned_dataset/.frames_cache/check_mailbox_split/Seg1/check_mailbox_night_rgb/frame_000300.png"", ""aligned_dataset/.frames_cache/check_mailbox_split/Seg1/check_mailbox_night_rgb/frame_000570.png"", ""aligned_dataset/.frames_cache/check_mailbox_split/Seg1/check_mailbox_night_rgb/frame_000870.png""]","{""max_new_tokens"": 128, ""do_sample"": false}",Moving through a doorway.,2.181,rgb,{},2.498,rgb,walking,Qwen/Qwen3-VL-8B-Instruct,4,check_mailbox_split/Seg1/rgb,8.457,qwen_vl,depth__check_mailbox_split_seg1_check_mailbox__depth_action__01__input_rgb,What is my primary action in the video?,,depth_action,depth,check_mailbox_split/Seg1/check_mailbox,depth__check_mailbox_split_seg1_check_mailbox__depth_action__01,depth_action,answered
6.275,4,True,8,"[""aligned_dataset/.frames_cache/check_mailbox_split/Seg1/check_mailbox_day_rgb/frame_000000.png"", ""aligned_dataset/.frames_cache/check_mailbox_split/Seg1/check_mailbox_day_rgb/frame_000300.png"", ""aligned_dataset/.frames_cache/check_mailbox_split/Seg1/check_mailbox_day_rgb/frame_000570.png"", ""aligned_dataset/.frames_cache/check_mailbox_split/Seg1/check_mailbox_day_rgb/frame_000870.png"", ""aligned_dataset/.frames_cache/check_mailbox_split/Seg1/check_mailbox_night_rgb/frame_000000.png"", ""aligned_dataset/.frames_cache/check_mailbox_split/Seg1/check_mailbox_night_rgb/frame_000300.png"", ""aligned_dataset/.frames_cache/check_mailbox_split/Seg1/check_mailbox_night_rgb/frame_000570.png"", ""aligned_dataset/.frames_cache/check_mailbox_split/Seg1/check_mailbox_night_rgb/frame_000870.png""]","{""max_new_tokens"": 128, ""do_sample"": false}","No, there are none.",2.182,rgb,{},2.5064,rgb,No,Qwen/Qwen3-VL-8B-Instruct,4,check_mailbox_split/Seg1/rgb,8.458,qwen_vl,depth__check_mailbox_split_seg1_check_mailbox__depth_non_common__01__input_rgb,Are there any floating objects or impossible geometry in the scene?,,depth_non_common,depth,check_mailbox_split/Seg1/check_mailbox,depth__check_mailbox_split_seg1_check_mailbox__depth_non_common__01,depth_non_common,answered
6.275,4,True,8,"[""aligned_dataset/.frames_cache/check_mailbox_split/Seg1/check_mailbox_day_rgb/frame_000000.png"", ""aligned_dataset/.frames_cache/check_mailbox_split/Seg1/check_mailbox_day_rgb/frame_000300.png"", ""aligned_dataset/.frames_cache/check_mailbox_split/Seg1/check_mailbox_day_rgb/frame_000570.png"", ""aligned_dataset/.frames_cache/check_mailbox_split/Seg1/check_mailbox_day_rgb/frame_000870.png"", ""aligned_dataset/.frames_cache/check_mailbox_split/Seg1/check_mailbox_night_rgb/frame_000000.png"", ""aligned_dataset/.frames_cache/check_mailbox_split/Seg1/check_mailbox_night_rgb/frame_000300.png"", ""aligned_dataset/.frames_cache/check_mailbox_split/Seg1/check_mailbox_night_rgb/frame_000570.png"", ""aligned_dataset/.frames_cache/check_mailbox_split/Seg1/check_mailbox_night_rgb/frame_000870.png""]","{""max_new_tokens"": 128, ""do_sample"": false}",The spray bottle on the dresser is red.,2.183,rgb,{},2.4915,rgb,green,Qwen/Qwen3-VL-8B-Instruct,4,aligned_dataset/check_mailbox_split/Seg1/rgb,8.458,qwen_vl,rgb__aligned_dataset_check_mailbox_split_seg1_check_mailbox_rgb__object_recognition__01__input_rgb,What color is the spray bottle located on top of the dresser?,,object_recognition,rgb,aligned_dataset/check_mailbox_split/Seg1/check_mailbox_rgb,rgb__aligned_dataset_check_mailbox_split_seg1_check_mailbox_rgb__object_recognition__01,object_recognition,answered
6.275,4,True,8,"[""aligned_dataset/.frames_cache/check_mailbox_split/Seg1/check_mailbox_day_rgb/frame_000000.png"", ""aligned_dataset/.frames_cache/check_mailbox_split/Seg1/check_mailbox_day_rgb/frame_000300.png"", ""aligned_dataset/.frames_cache/check_mailbox_split/Seg1/check_mailbox_day_rgb/frame_000570.png"", ""aligned_dataset/.frames_cache/check_mailbox_split/Seg1/check_mailbox_day_rgb/frame_000870.png"", ""aligned_dataset/.frames_cache/check_mailbox_split/Seg1/check_mailbox_night_rgb/frame_000000.png"", ""aligned_dataset/.frames_cache/check_mailbox_split/Seg1/check_mailbox_night_rgb/frame_000300.png"", ""aligned_dataset/.frames_cache/check_mailbox_split/Seg1/check_mailbox_night_rgb/frame_000570.png"", ""aligned_dataset/.frames_cache/check_mailbox_split/Seg1/check_mailbox_night_rgb/frame_000870.png""]","{""max_new_tokens"": 128, ""do_sample"": false}",The grey floor mat is located on the floor to the left of the shoe rack.,2.183,rgb,{},2.6653,rgb,To the right of the shoe rack,Qwen/Qwen3-VL-8B-Instruct,4,aligned_dataset/check_mailbox_split/Seg1/rgb,8.458,qwen_vl,rgb__aligned_dataset_check_mailbox_split_seg1_check_mailbox_rgb__spatial_reasoning__01__input_rgb,Where is the grey floor mat located in relation to the shoe rack?,,spatial_reasoning,rgb,aligned_dataset/check_mailbox_split/Seg1/check_mailbox_rgb,rgb__aligned_dataset_check_mailbox_split_seg1_check_mailbox_rgb__spatial_reasoning__01,spatial_reasoning,answered
6.275,4,True,8,"[""aligned_dataset/.frames_cache/check_mailbox_split/Seg1/check_mailbox_day_rgb/frame_000000.png"", ""aligned_dataset/.frames_cache/check_mailbox_split/Seg1/check_mailbox_day_rgb/frame_000300.png"", ""aligned_dataset/.frames_cache/check_mailbox_split/Seg1/check_mailbox_day_rgb/frame_000570.png"", ""aligned_dataset/.frames_cache/check_mailbox_split/Seg1/check_mailbox_day_rgb/frame_000870.png"", ""aligned_dataset/.frames_cache/check_mailbox_split/Seg1/check_mailbox_night_rgb/frame_000000.png"", ""aligned_dataset/.frames_cache/check_mailbox_split/Seg1/check_mailbox_night_rgb/frame_000300.png"", ""aligned_dataset/.frames_cache/check_mailbox_split/Seg1/check_mailbox_night_rgb/frame_000570.png"", ""aligned_dataset/.frames_cache/check_mailbox_split/Seg1/check_mailbox_night_rgb/frame_000870.png""]","{""max_new_tokens"": 128, ""do_sample"": false}","The room numbers are 1'233, 1'234, and 1'235.",2.184,rgb,{},2.8574,rgb,1'233 | 1'234 | 1'235,Qwen/Qwen3-VL-8B-Instruct,4,aligned_dataset/check_mailbox_split/Seg1/rgb,8.459,qwen_vl,rgb__aligned_dataset_check_mailbox_split_seg1_check_mailbox_rgb__text_recognition__01__input_rgb,Please list the room numbers displayed on the sign at the end of the hallway.,,text_recognition,rgb,aligned_dataset/check_mailbox_split/Seg1/check_mailbox_rgb,rgb__aligned_dataset_check_mailbox_split_seg1_check_mailbox_rgb__text_recognition__01,text_recognition,answered
6.275,4,True,8,"[""aligned_dataset/.frames_cache/check_mailbox_split/Seg1/check_mailbox_day_rgb/frame_000000.png"", ""aligned_dataset/.frames_cache/check_mailbox_split/Seg1/check_mailbox_day_rgb/frame_000300.png"", ""aligned_dataset/.frames_cache/check_mailbox_split/Seg1/check_mailbox_day_rgb/frame_000570.png"", ""aligned_dataset/.frames_cache/check_mailbox_split/Seg1/check_mailbox_day_rgb/frame_000870.png"", ""aligned_dataset/.frames_cache/check_mailbox_split/Seg1/check_mailbox_night_rgb/frame_000000.png"", ""aligned_dataset/.frames_cache/check_mailbox_split/Seg1/check_mailbox_night_rgb/frame_000300.png"", ""aligned_dataset/.frames_cache/check_mailbox_split/Seg1/check_mailbox_night_rgb/frame_000570.png"", ""aligned_dataset/.frames_cache/check_mailbox_split/Seg1/check_mailbox_night_rgb/frame_000870.png""]","{""max_new_tokens"": 128, ""do_sample"": false}",I first pass a shoe rack on the right and then a wooden dresser on the left.,2.183,rgb,{},2.5867,rgb,"door, sink, door",Qwen/Qwen3-VL-8B-Instruct,4,aligned_dataset/check_mailbox_split/Seg1/rgb,8.459,qwen_vl,rgb__aligned_dataset_check_mailbox_split_seg1_check_mailbox_rgb__scene_sequence__01__input_rgb,What is the sequence of main furniture items I pass while walking down the hallway?,,scene_sequence,rgb,aligned_dataset/check_mailbox_split/Seg1/check_mailbox_rgb,rgb__aligned_dataset_check_mailbox_split_seg1_check_mailbox_rgb__scene_sequence__01,scene_sequence,answered
6.275,4,True,8,"[""aligned_dataset/.frames_cache/check_mailbox_split/Seg1/check_mailbox_day_rgb/frame_000000.png"", ""aligned_dataset/.frames_cache/check_mailbox_split/Seg1/check_mailbox_day_rgb/frame_000300.png"", ""aligned_dataset/.frames_cache/check_mailbox_split/Seg1/check_mailbox_day_rgb/frame_000570.png"", ""aligned_dataset/.frames_cache/check_mailbox_split/Seg1/check_mailbox_day_rgb/frame_000870.png"", ""aligned_dataset/.frames_cache/check_mailbox_split/Seg1/check_mailbox_night_rgb/frame_000000.png"", ""aligned_dataset/.frames_cache/check_mailbox_split/Seg1/check_mailbox_night_rgb/frame_000300.png"", ""aligned_dataset/.frames_cache/check_mailbox_split/Seg1/check_mailbox_night_rgb/frame_000570.png"", ""aligned_dataset/.frames_cache/check_mailbox_split/Seg1/check_mailbox_night_rgb/frame_000870.png""]","{""max_new_tokens"": 128, ""do_sample"": false}",The most significant light source is a glowing screen or tablet on a desk.,2.184,rgb,{},2.5074,rgb,window,Qwen/Qwen3-VL-8B-Instruct,4,aligned_dataset/check_mailbox_split/Seg1/rgb,8.459,qwen_vl,rgb__aligned_dataset_check_mailbox_split_seg1_check_mailbox_rgb__light_recognition__01__input_rgb,What is providing the most significant light source at the very beginning of the video?,,light_recognition,rgb,aligned_dataset/check_mailbox_split/Seg1/check_mailbox_rgb,rgb__aligned_dataset_check_mailbox_split_seg1_check_mailbox_rgb__light_recognition__01,light_recognition,answered
6.275,4,True,8,"[""aligned_dataset/.frames_cache/check_mailbox_split/Seg1/check_mailbox_day_rgb/frame_000000.png"", ""aligned_dataset/.frames_cache/check_mailbox_split/Seg1/check_mailbox_day_rgb/frame_000300.png"", ""aligned_dataset/.frames_cache/check_mailbox_split/Seg1/check_mailbox_day_rgb/frame_000570.png"", ""aligned_dataset/.frames_cache/check_mailbox_split/Seg1/check_mailbox_day_rgb/frame_000870.png"", ""aligned_dataset/.frames_cache/check_mailbox_split/Seg1/check_mailbox_night_rgb/frame_000000.png"", ""aligned_dataset/.frames_cache/check_mailbox_split/Seg1/check_mailbox_night_rgb/frame_000300.png"", ""aligned_dataset/.frames_cache/check_mailbox_split/Seg1/check_mailbox_night_rgb/frame_000570.png"", ""aligned_dataset/.frames_cache/check_mailbox_split/Seg1/check_mailbox_night_rgb/frame_000870.png""]","{""max_new_tokens"": 128, ""do_sample"": false}","Yes, the scene becomes much darker as I move away from the glowing screen and into the hallway.",2.183,rgb,{},2.5026,rgb,yes,Qwen/Qwen3-VL-8B-Instruct,4,aligned_dataset/check_mailbox_split/Seg1/rgb,8.458,qwen_vl,rgb__aligned_dataset_check_mailbox_split_seg1_check_mailbox_rgb__light_change__01__input_rgb,Does the environment get significantly darker after leaving the first room?,,light_change,rgb,aligned_dataset/check_mailbox_split/Seg1/check_mailbox_rgb,rgb__aligned_dataset_check_mailbox_split_seg1_check_mailbox_rgb__light_change__01,light_change,answered
6.275,4,True,8,"[""aligned_dataset/.frames_cache/check_mailbox_split/Seg1/check_mailbox_day_rgb/frame_000000.png"", ""aligned_dataset/.frames_cache/check_mailbox_split/Seg1/check_mailbox_day_rgb/frame_000300.png"", ""aligned_dataset/.frames_cache/check_mailbox_split/Seg1/check_mailbox_day_rgb/frame_000570.png"", ""aligned_dataset/.frames_cache/check_mailbox_split/Seg1/check_mailbox_day_rgb/frame_000870.png"", ""aligned_dataset/.frames_cache/check_mailbox_split/Seg1/check_mailbox_night_rgb/frame_000000.png"", ""aligned_dataset/.frames_cache/check_mailbox_split/Seg1/check_mailbox_night_rgb/frame_000300.png"", ""aligned_dataset/.frames_cache/check_mailbox_split/Seg1/check_mailbox_night_rgb/frame_000570.png"", ""aligned_dataset/.frames_cache/check_mailbox_split/Seg1/check_mailbox_night_rgb/frame_000870.png""]","{""max_new_tokens"": 128, ""do_sample"": false}",There are no other people moving in the hallway.,2.183,rgb,{},2.5021,rgb,0,Qwen/Qwen3-VL-8B-Instruct,4,aligned_dataset/check_mailbox_split/Seg1/rgb,8.458,qwen_vl,rgb__aligned_dataset_check_mailbox_split_seg1_check_mailbox_rgb__dynamic_counting__01__input_rgb,How many other people besides me are moving in the hallway?,,dynamic_counting,rgb,aligned_dataset/check_mailbox_split/Seg1/check_mailbox_rgb,rgb__aligned_dataset_check_mailbox_split_seg1_check_mailbox_rgb__dynamic_counting__01,dynamic_counting,answered
6.275,4,True,8,"[""aligned_dataset/.frames_cache/check_mailbox_split/Seg1/check_mailbox_day_rgb/frame_000000.png"", ""aligned_dataset/.frames_cache/check_mailbox_split/Seg1/check_mailbox_day_rgb/frame_000300.png"", ""aligned_dataset/.frames_cache/check_mailbox_split/Seg1/check_mailbox_day_rgb/frame_000570.png"", ""aligned_dataset/.frames_cache/check_mailbox_split/Seg1/check_mailbox_day_rgb/frame_000870.png"", ""aligned_dataset/.frames_cache/check_mailbox_split/Seg1/check_mailbox_night_rgb/frame_000000.png"", ""aligned_dataset/.frames_cache/check_mailbox_split/Seg1/check_mailbox_night_rgb/frame_000300.png"", ""aligned_dataset/.frames_cache/check_mailbox_split/Seg1/check_mailbox_night_rgb/frame_000570.png"", ""aligned_dataset/.frames_cache/check_mailbox_split/Seg1/check_mailbox_night_rgb/frame_000870.png""]","{""max_new_tokens"": 128, ""do_sample"": false}","No, all objects appear to be placed normally on the floor or furniture surfaces.",2.184,rgb,{},2.5014,rgb,No,Qwen/Qwen3-VL-8B-Instruct,4,aligned_dataset/check_mailbox_split/Seg1/rgb,8.459,qwen_vl,rgb__aligned_dataset_check_mailbox_split_seg1_check_mailbox_rgb__non_common__01__input_rgb,Are there any objects floating in the air or clipping through the walls in the hallway?,,non_common,rgb,aligned_dataset/check_mailbox_split/Seg1/check_mailbox_rgb,rgb__aligned_dataset_check_mailbox_split_seg1_check_mailbox_rgb__non_common__01,non_common,answered
6.275,4,True,8,"[""aligned_dataset/.frames_cache/check_mailbox_split/Seg1/check_mailbox_day_rgb/frame_000000.png"", ""aligned_dataset/.frames_cache/check_mailbox_split/Seg1/check_mailbox_day_rgb/frame_000300.png"", ""aligned_dataset/.frames_cache/check_mailbox_split/Seg1/check_mailbox_day_rgb/frame_000570.png"", ""aligned_dataset/.frames_cache/check_mailbox_split/Seg1/check_mailbox_day_rgb/frame_000870.png"", ""aligned_dataset/.frames_cache/check_mailbox_split/Seg1/check_mailbox_night_rgb/frame_000000.png"", ""aligned_dataset/.frames_cache/check_mailbox_split/Seg1/check_mailbox_night_rgb/frame_000300.png"", ""aligned_dataset/.frames_cache/check_mailbox_split/Seg1/check_mailbox_night_rgb/frame_000570.png"", ""aligned_dataset/.frames_cache/check_mailbox_split/Seg1/check_mailbox_night_rgb/frame_000870.png""]","{""max_new_tokens"": 128, ""do_sample"": false}",I should turn to the right.,2.183,rgb,{},2.5063,rgb,right,Qwen/Qwen3-VL-8B-Instruct,4,aligned_dataset/check_mailbox_split/Seg1/rgb,8.458,qwen_vl,rgb__aligned_dataset_check_mailbox_split_seg1_check_mailbox_rgb__navigation__01__input_rgb,Which way should I turn after exiting the first room to reach the shoe rack?,,navigation,rgb,aligned_dataset/check_mailbox_split/Seg1/check_mailbox_rgb,rgb__aligned_dataset_check_mailbox_split_seg1_check_mailbox_rgb__navigation__01,navigation,answered
6.275,4,True,8,"[""aligned_dataset/.frames_cache/check_mailbox_split/Seg1/check_mailbox_day_rgb/frame_000000.png"", ""aligned_dataset/.frames_cache/check_mailbox_split/Seg1/check_mailbox_day_rgb/frame_000300.png"", ""aligned_dataset/.frames_cache/check_mailbox_split/Seg1/check_mailbox_day_rgb/frame_000570.png"", ""aligned_dataset/.frames_cache/check_mailbox_split/Seg1/check_mailbox_day_rgb/frame_000870.png"", ""aligned_dataset/.frames_cache/check_mailbox_split/Seg1/check_mailbox_night_rgb/frame_000000.png"", ""aligned_dataset/.frames_cache/check_mailbox_split/Seg1/check_mailbox_night_rgb/frame_000300.png"", ""aligned_dataset/.frames_cache/check_mailbox_split/Seg1/check_mailbox_night_rgb/frame_000570.png"", ""aligned_dataset/.frames_cache/check_mailbox_split/Seg1/check_mailbox_night_rgb/frame_000870.png""]","{""max_new_tokens"": 128, ""do_sample"": false}",My hand reaches down to adjust or touch a white sneaker on the floor.,2.183,rgb,{},2.6151,rgb,I tie my shoelaces.,Qwen/Qwen3-VL-8B-Instruct,4,aligned_dataset/check_mailbox_split/Seg1/rgb,8.458,qwen_vl,rgb__aligned_dataset_check_mailbox_split_seg1_check_mailbox_rgb__dynamic_recognition__01__input_rgb,What dynamic action involving my hand occurs toward the end of the sequence?,,dynamic_recognition,rgb,aligned_dataset/check_mailbox_split/Seg1/check_mailbox_rgb,rgb__aligned_dataset_check_mailbox_split_seg1_check_mailbox_rgb__dynamic_recognition__01,dynamic_recognition,answered
6.275,4,True,8,"[""aligned_dataset/.frames_cache/check_mailbox_split/Seg1/check_mailbox_day_rgb/frame_000000.png"", ""aligned_dataset/.frames_cache/check_mailbox_split/Seg1/check_mailbox_day_rgb/frame_000300.png"", ""aligned_dataset/.frames_cache/check_mailbox_split/Seg1/check_mailbox_day_rgb/frame_000570.png"", ""aligned_dataset/.frames_cache/check_mailbox_split/Seg1/check_mailbox_day_rgb/frame_000870.png"", ""aligned_dataset/.frames_cache/check_mailbox_split/Seg1/check_mailbox_night_rgb/frame_000000.png"", ""aligned_dataset/.frames_cache/check_mailbox_split/Seg1/check_mailbox_night_rgb/frame_000300.png"", ""aligned_dataset/.frames_cache/check_mailbox_split/Seg1/check_mailbox_night_rgb/frame_000570.png"", ""aligned_dataset/.frames_cache/check_mailbox_split/Seg1/check_mailbox_night_rgb/frame_000870.png""]","{""max_new_tokens"": 128, ""do_sample"": false}",I am drawing or writing on a brightly lit screen or whiteboard.,2.183,rgb,{},2.5009,rgb,standing,Qwen/Qwen3-VL-8B-Instruct,4,aligned_dataset/check_mailbox_split/Seg1/rgb,8.458,qwen_vl,rgb__aligned_dataset_check_mailbox_split_seg1_check_mailbox_rgb__action__01__input_rgb,What action am I performing at the beginning of the video in the dark room?,,action,rgb,aligned_dataset/check_mailbox_split/Seg1/check_mailbox_rgb,rgb__aligned_dataset_check_mailbox_split_seg1_check_mailbox_rgb__action__01,action,answered
6.275,4,True,8,"[""aligned_dataset/.frames_cache/check_mailbox_split/Seg1/check_mailbox_day_rgb/frame_000000.png"", ""aligned_dataset/.frames_cache/check_mailbox_split/Seg1/check_mailbox_day_rgb/frame_000300.png"", ""aligned_dataset/.frames_cache/check_mailbox_split/Seg1/check_mailbox_day_rgb/frame_000570.png"", ""aligned_dataset/.frames_cache/check_mailbox_split/Seg1/check_mailbox_day_rgb/frame_000870.png"", ""aligned_dataset/.frames_cache/check_mailbox_split/Seg1/check_mailbox_night_rgb/frame_000000.png"", ""aligned_dataset/.frames_cache/check_mailbox_split/Seg1/check_mailbox_night_rgb/frame_000300.png"", ""aligned_dataset/.frames_cache/check_mailbox_split/Seg1/check_mailbox_night_rgb/frame_000570.png"", ""aligned_dataset/.frames_cache/check_mailbox_split/Seg1/check_mailbox_night_rgb/frame_000870.png""]","{""max_new_tokens"": 128, ""do_sample"": false}",Behind the chest.,2.185,rgb,{},2.5286,rgb,behind,Qwen/Qwen3-VL-8B-Instruct,4,aligned_dataset/check_mailbox_split/Seg1/rgb,8.461,qwen_vl,event__aligned_dataset_check_mailbox_split_seg1_check_mailbox_event__event_spatial_reasoning__01__input_rgb,Is the shoe rack located behind or in front of the chest of drawers relative to the camera's path?,,event_spatial_reasoning,event,aligned_dataset/check_mailbox_split/Seg1/check_mailbox_event,event__aligned_dataset_check_mailbox_split_seg1_check_mailbox_event__event_spatial_reasoning__01,event_spatial_reasoning,answered
6.275,4,True,8,"[""aligned_dataset/.frames_cache/check_mailbox_split/Seg1/check_mailbox_day_rgb/frame_000000.png"", ""aligned_dataset/.frames_cache/check_mailbox_split/Seg1/check_mailbox_day_rgb/frame_000300.png"", ""aligned_dataset/.frames_cache/check_mailbox_split/Seg1/check_mailbox_day_rgb/frame_000570.png"", ""aligned_dataset/.frames_cache/check_mailbox_split/Seg1/check_mailbox_day_rgb/frame_000870.png"", ""aligned_dataset/.frames_cache/check_mailbox_split/Seg1/check_mailbox_night_rgb/frame_000000.png"", ""aligned_dataset/.frames_cache/check_mailbox_split/Seg1/check_mailbox_night_rgb/frame_000300.png"", ""aligned_dataset/.frames_cache/check_mailbox_split/Seg1/check_mailbox_night_rgb/frame_000570.png"", ""aligned_dataset/.frames_cache/check_mailbox_split/Seg1/check_mailbox_night_rgb/frame_000870.png""]","{""max_new_tokens"": 128, ""do_sample"": false}",The balcony.,2.183,rgb,{},2.6398,rgb,A dark room with a white table.,Qwen/Qwen3-VL-8B-Instruct,4,aligned_dataset/check_mailbox_split/Seg1/rgb,8.458,qwen_vl,event__aligned_dataset_check_mailbox_split_seg1_check_mailbox_event__event_scene_sequence__01__input_rgb,What is the final area visible after moving through the doorway?,,event_scene_sequence,event,aligned_dataset/check_mailbox_split/Seg1/check_mailbox_event,event__aligned_dataset_check_mailbox_split_seg1_check_mailbox_event__event_scene_sequence__01,event_scene_sequence,answered
6.275,4,True,8,"[""aligned_dataset/.frames_cache/check_mailbox_split/Seg1/check_mailbox_day_rgb/frame_000000.png"", ""aligned_dataset/.frames_cache/check_mailbox_split/Seg1/check_mailbox_day_rgb/frame_000300.png"", ""aligned_dataset/.frames_cache/check_mailbox_split/Seg1/check_mailbox_day_rgb/frame_000570.png"", ""aligned_dataset/.frames_cache/check_mailbox_split/Seg1/check_mailbox_day_rgb/frame_000870.png"", ""aligned_dataset/.frames_cache/check_mailbox_split/Seg1/check_mailbox_night_rgb/frame_000000.png"", ""aligned_dataset/.frames_cache/check_mailbox_split/Seg1/check_mailbox_night_rgb/frame_000300.png"", ""aligned_dataset/.frames_cache/check_mailbox_split/Seg1/check_mailbox_night_rgb/frame_000570.png"", ""aligned_dataset/.frames_cache/check_mailbox_split/Seg1/check_mailbox_night_rgb/frame_000870.png""]","{""max_new_tokens"": 128, ""do_sample"": false}","Two, the dresser and the shoe rack.",2.183,rgb,{},2.4996,rgb,2,Qwen/Qwen3-VL-8B-Instruct,4,aligned_dataset/check_mailbox_split/Seg1/rgb,8.458,qwen_vl,event__aligned_dataset_check_mailbox_split_seg1_check_mailbox_event__event_counting__01__input_rgb,How many major pieces of furniture are visible in the room?,,event_counting,event,aligned_dataset/check_mailbox_split/Seg1/check_mailbox_event,event__aligned_dataset_check_mailbox_split_seg1_check_mailbox_event__event_counting__01,event_counting,answered
6.275,4,True,8,"[""aligned_dataset/.frames_cache/check_mailbox_split/Seg1/check_mailbox_day_rgb/frame_000000.png"", ""aligned_dataset/.frames_cache/check_mailbox_split/Seg1/check_mailbox_day_rgb/frame_000300.png"", ""aligned_dataset/.frames_cache/check_mailbox_split/Seg1/check_mailbox_day_rgb/frame_000570.png"", ""aligned_dataset/.frames_cache/check_mailbox_split/Seg1/check_mailbox_day_rgb/frame_000870.png"", ""aligned_dataset/.frames_cache/check_mailbox_split/Seg1/check_mailbox_night_rgb/frame_000000.png"", ""aligned_dataset/.frames_cache/check_mailbox_split/Seg1/check_mailbox_night_rgb/frame_000300.png"", ""aligned_dataset/.frames_cache/check_mailbox_split/Seg1/check_mailbox_night_rgb/frame_000570.png"", ""aligned_dataset/.frames_cache/check_mailbox_split/Seg1/check_mailbox_night_rgb/frame_000870.png""]","{""max_new_tokens"": 128, ""do_sample"": false}",Zero.,2.182,rgb,{},2.5009,rgb,1,Qwen/Qwen3-VL-8B-Instruct,4,aligned_dataset/check_mailbox_split/Seg1/rgb,8.457,qwen_vl,event__aligned_dataset_check_mailbox_split_seg1_check_mailbox_event__event_dynamic_counting__01__input_rgb,How many people walk past the camera?,,event_dynamic_counting,event,aligned_dataset/check_mailbox_split/Seg1/check_mailbox_event,event__aligned_dataset_check_mailbox_split_seg1_check_mailbox_event__event_dynamic_counting__01,event_dynamic_counting,answered
6.275,4,True,8,"[""aligned_dataset/.frames_cache/check_mailbox_split/Seg1/check_mailbox_day_rgb/frame_000000.png"", ""aligned_dataset/.frames_cache/check_mailbox_split/Seg1/check_mailbox_day_rgb/frame_000300.png"", ""aligned_dataset/.frames_cache/check_mailbox_split/Seg1/check_mailbox_day_rgb/frame_000570.png"", ""aligned_dataset/.frames_cache/check_mailbox_split/Seg1/check_mailbox_day_rgb/frame_000870.png"", ""aligned_dataset/.frames_cache/check_mailbox_split/Seg1/check_mailbox_night_rgb/frame_000000.png"", ""aligned_dataset/.frames_cache/check_mailbox_split/Seg1/check_mailbox_night_rgb/frame_000300.png"", ""aligned_dataset/.frames_cache/check_mailbox_split/Seg1/check_mailbox_night_rgb/frame_000570.png"", ""aligned_dataset/.frames_cache/check_mailbox_split/Seg1/check_mailbox_night_rgb/frame_000870.png""]","{""max_new_tokens"": 128, ""do_sample"": false}",Forward towards the doorway.,2.182,rgb,{},2.4976,rgb,down,Qwen/Qwen3-VL-8B-Instruct,4,aligned_dataset/check_mailbox_split/Seg1/rgb,8.458,qwen_vl,event__aligned_dataset_check_mailbox_split_seg1_check_mailbox_event__event_navigation__01__input_rgb,What is the primary direction of the camera's movement?,,event_navigation,event,aligned_dataset/check_mailbox_split/Seg1/check_mailbox_event,event__aligned_dataset_check_mailbox_split_seg1_check_mailbox_event__event_navigation__01,event_navigation,answered
6.275,4,True,8,"[""aligned_dataset/.frames_cache/check_mailbox_split/Seg1/check_mailbox_day_rgb/frame_000000.png"", ""aligned_dataset/.frames_cache/check_mailbox_split/Seg1/check_mailbox_day_rgb/frame_000300.png"", ""aligned_dataset/.frames_cache/check_mailbox_split/Seg1/check_mailbox_day_rgb/frame_000570.png"", ""aligned_dataset/.frames_cache/check_mailbox_split/Seg1/check_mailbox_day_rgb/frame_000870.png"", ""aligned_dataset/.frames_cache/check_mailbox_split/Seg1/check_mailbox_night_rgb/frame_000000.png"", ""aligned_dataset/.frames_cache/check_mailbox_split/Seg1/check_mailbox_night_rgb/frame_000300.png"", ""aligned_dataset/.frames_cache/check_mailbox_split/Seg1/check_mailbox_night_rgb/frame_000570.png"", ""aligned_dataset/.frames_cache/check_mailbox_split/Seg1/check_mailbox_night_rgb/frame_000870.png""]","{""max_new_tokens"": 128, ""do_sample"": false}",No.,2.182,rgb,{},2.4997,rgb,yes,Qwen/Qwen3-VL-8B-Instruct,4,aligned_dataset/check_mailbox_split/Seg1/rgb,8.458,qwen_vl,event__aligned_dataset_check_mailbox_split_seg1_check_mailbox_event__event_dynamic_recognition__01__input_rgb,Are there any moving objects in the room?,,event_dynamic_recognition,event,aligned_dataset/check_mailbox_split/Seg1/check_mailbox_event,event__aligned_dataset_check_mailbox_split_seg1_check_mailbox_event__event_dynamic_recognition__01,event_dynamic_recognition,answered
6.275,4,True,8,"[""aligned_dataset/.frames_cache/check_mailbox_split/Seg1/check_mailbox_day_rgb/frame_000000.png"", ""aligned_dataset/.frames_cache/check_mailbox_split/Seg1/check_mailbox_day_rgb/frame_000300.png"", ""aligned_dataset/.frames_cache/check_mailbox_split/Seg1/check_mailbox_day_rgb/frame_000570.png"", ""aligned_dataset/.frames_cache/check_mailbox_split/Seg1/check_mailbox_day_rgb/frame_000870.png"", ""aligned_dataset/.frames_cache/check_mailbox_split/Seg1/check_mailbox_night_rgb/frame_000000.png"", ""aligned_dataset/.frames_cache/check_mailbox_split/Seg1/check_mailbox_night_rgb/frame_000300.png"", ""aligned_dataset/.frames_cache/check_mailbox_split/Seg1/check_mailbox_night_rgb/frame_000570.png"", ""aligned_dataset/.frames_cache/check_mailbox_split/Seg1/check_mailbox_night_rgb/frame_000870.png""]","{""max_new_tokens"": 128, ""do_sample"": false}",Walking forward.,2.182,rgb,{},2.4994,rgb,walking,Qwen/Qwen3-VL-8B-Instruct,4,aligned_dataset/check_mailbox_split/Seg1/rgb,8.457,qwen_vl,event__aligned_dataset_check_mailbox_split_seg1_check_mailbox_event__event_action__01__input_rgb,What action is being performed by the camera holder?,,event_action,event,aligned_dataset/check_mailbox_split/Seg1/check_mailbox_event,event__aligned_dataset_check_mailbox_split_seg1_check_mailbox_event__event_action__01,event_action,answered
6.275,4,True,8,"[""aligned_dataset/.frames_cache/check_mailbox_split/Seg1/check_mailbox_day_rgb/frame_000000.png"", ""aligned_dataset/.frames_cache/check_mailbox_split/Seg1/check_mailbox_day_rgb/frame_000300.png"", ""aligned_dataset/.frames_cache/check_mailbox_split/Seg1/check_mailbox_day_rgb/frame_000570.png"", ""aligned_dataset/.frames_cache/check_mailbox_split/Seg1/check_mailbox_day_rgb/frame_000870.png"", ""aligned_dataset/.frames_cache/check_mailbox_split/Seg1/check_mailbox_night_rgb/frame_000000.png"", ""aligned_dataset/.frames_cache/check_mailbox_split/Seg1/check_mailbox_night_rgb/frame_000300.png"", ""aligned_dataset/.frames_cache/check_mailbox_split/Seg1/check_mailbox_night_rgb/frame_000570.png"", ""aligned_dataset/.frames_cache/check_mailbox_split/Seg1/check_mailbox_night_rgb/frame_000870.png""]","{""max_new_tokens"": 128, ""do_sample"": false}",No.,2.182,rgb,{},2.5052,rgb,No,Qwen/Qwen3-VL-8B-Instruct,4,aligned_dataset/check_mailbox_split/Seg1/rgb,8.457,qwen_vl,event__aligned_dataset_check_mailbox_split_seg1_check_mailbox_event__event_non_common__01__input_rgb,Are there any floating or impossible objects visible?,,event_non_common,event,aligned_dataset/check_mailbox_split/Seg1/check_mailbox_event,event__aligned_dataset_check_mailbox_split_seg1_check_mailbox_event__event_non_common__01,event_non_common,answered
6.275,4,True,8,"[""aligned_dataset/.frames_cache/check_mailbox_split/Seg1/check_mailbox_day_rgb/frame_000000.png"", ""aligned_dataset/.frames_cache/check_mailbox_split/Seg1/check_mailbox_day_rgb/frame_000300.png"", ""aligned_dataset/.frames_cache/check_mailbox_split/Seg1/check_mailbox_day_rgb/frame_000570.png"", ""aligned_dataset/.frames_cache/check_mailbox_split/Seg1/check_mailbox_day_rgb/frame_000870.png"", ""aligned_dataset/.frames_cache/check_mailbox_split/Seg1/check_mailbox_night_rgb/frame_000000.png"", ""aligned_dataset/.frames_cache/check_mailbox_split/Seg1/check_mailbox_night_rgb/frame_000300.png"", ""aligned_dataset/.frames_cache/check_mailbox_split/Seg1/check_mailbox_night_rgb/frame_000570.png"", ""aligned_dataset/.frames_cache/check_mailbox_split/Seg1/check_mailbox_night_rgb/frame_000870.png""]","{""max_new_tokens"": 128, ""do_sample"": false}",REVOLUTION,2.184,rgb,{},2.5157,rgb,Revolution,Qwen/Qwen3-VL-8B-Instruct,4,aligned_dataset/check_mailbox_split/Seg1/rgb,8.459,qwen_vl,ir__aligned_dataset_check_mailbox_split_seg1_check_mailbox_ir__text_recognition__01__input_rgb,What word is prominently displayed on the magazine at the very beginning of the video?,,text_recognition,ir,aligned_dataset/check_mailbox_split/Seg1/check_mailbox_ir,ir__aligned_dataset_check_mailbox_split_seg1_check_mailbox_ir__text_recognition__01,text_recognition,answered
6.275,4,True,8,"[""aligned_dataset/.frames_cache/check_mailbox_split/Seg1/check_mailbox_day_rgb/frame_000000.png"", ""aligned_dataset/.frames_cache/check_mailbox_split/Seg1/check_mailbox_day_rgb/frame_000300.png"", ""aligned_dataset/.frames_cache/check_mailbox_split/Seg1/check_mailbox_day_rgb/frame_000570.png"", ""aligned_dataset/.frames_cache/check_mailbox_split/Seg1/check_mailbox_day_rgb/frame_000870.png"", ""aligned_dataset/.frames_cache/check_mailbox_split/Seg1/check_mailbox_night_rgb/frame_000000.png"", ""aligned_dataset/.frames_cache/check_mailbox_split/Seg1/check_mailbox_night_rgb/frame_000300.png"", ""aligned_dataset/.frames_cache/check_mailbox_split/Seg1/check_mailbox_night_rgb/frame_000570.png"", ""aligned_dataset/.frames_cache/check_mailbox_split/Seg1/check_mailbox_night_rgb/frame_000870.png""]","{""max_new_tokens"": 128, ""do_sample"": false}","Bedroom, hallway, shoe area, exit hallway, corridor, workshop.",2.184,rgb,{},2.6431,rgb,"living room, kitchen, hallway, bathroom",Qwen/Qwen3-VL-8B-Instruct,4,aligned_dataset/check_mailbox_split/Seg1/rgb,8.459,qwen_vl,ir__aligned_dataset_check_mailbox_split_seg1_check_mailbox_ir__scene_sequence__01__input_rgb,What is the sequence of rooms or areas I pass through from the start to the end?,,scene_sequence,ir,aligned_dataset/check_mailbox_split/Seg1/check_mailbox_ir,ir__aligned_dataset_check_mailbox_split_seg1_check_mailbox_ir__scene_sequence__01,scene_sequence,answered
6.275,4,True,8,"[""aligned_dataset/.frames_cache/check_mailbox_split/Seg1/check_mailbox_day_rgb/frame_000000.png"", ""aligned_dataset/.frames_cache/check_mailbox_split/Seg1/check_mailbox_day_rgb/frame_000300.png"", ""aligned_dataset/.frames_cache/check_mailbox_split/Seg1/check_mailbox_day_rgb/frame_000570.png"", ""aligned_dataset/.frames_cache/check_mailbox_split/Seg1/check_mailbox_day_rgb/frame_000870.png"", ""aligned_dataset/.frames_cache/check_mailbox_split/Seg1/check_mailbox_night_rgb/frame_000000.png"", ""aligned_dataset/.frames_cache/check_mailbox_split/Seg1/check_mailbox_night_rgb/frame_000300.png"", ""aligned_dataset/.frames_cache/check_mailbox_split/Seg1/check_mailbox_night_rgb/frame_000570.png"", ""aligned_dataset/.frames_cache/check_mailbox_split/Seg1/check_mailbox_night_rgb/frame_000870.png""]","{""max_new_tokens"": 128, ""do_sample"": false}",The common hallway.,2.183,rgb,{},2.5239,rgb,top left,Qwen/Qwen3-VL-8B-Instruct,4,aligned_dataset/check_mailbox_split/Seg1/rgb,8.458,qwen_vl,ir__aligned_dataset_check_mailbox_split_seg1_check_mailbox_ir__light_recognition__01__input_rgb,Where is the strongest source of light located throughout the sequence?,,light_recognition,ir,aligned_dataset/check_mailbox_split/Seg1/check_mailbox_ir,ir__aligned_dataset_check_mailbox_split_seg1_check_mailbox_ir__light_recognition__01,light_recognition,answered
6.275,4,True,8,"[""aligned_dataset/.frames_cache/check_mailbox_split/Seg1/check_mailbox_day_rgb/frame_000000.png"", ""aligned_dataset/.frames_cache/check_mailbox_split/Seg1/check_mailbox_day_rgb/frame_000300.png"", ""aligned_dataset/.frames_cache/check_mailbox_split/Seg1/check_mailbox_day_rgb/frame_000570.png"", ""aligned_dataset/.frames_cache/check_mailbox_split/Seg1/check_mailbox_day_rgb/frame_000870.png"", ""aligned_dataset/.frames_cache/check_mailbox_split/Seg1/check_mailbox_night_rgb/frame_000000.png"", ""aligned_dataset/.frames_cache/check_mailbox_split/Seg1/check_mailbox_night_rgb/frame_000300.png"", ""aligned_dataset/.frames_cache/check_mailbox_split/Seg1/check_mailbox_night_rgb/frame_000570.png"", ""aligned_dataset/.frames_cache/check_mailbox_split/Seg1/check_mailbox_night_rgb/frame_000870.png""]","{""max_new_tokens"": 128, ""do_sample"": false}",It gets brighter.,2.183,rgb,{},2.5216,rgb,brighter,Qwen/Qwen3-VL-8B-Instruct,4,aligned_dataset/check_mailbox_split/Seg1/rgb,8.459,qwen_vl,ir__aligned_dataset_check_mailbox_split_seg1_check_mailbox_ir__light_change__01__input_rgb,Does it get brighter or darker as I open the door to exit the apartment?,,light_change,ir,aligned_dataset/check_mailbox_split/Seg1/check_mailbox_ir,ir__aligned_dataset_check_mailbox_split_seg1_check_mailbox_ir__light_change__01,light_change,answered
6.275,4,True,8,"[""aligned_dataset/.frames_cache/check_mailbox_split/Seg1/check_mailbox_day_rgb/frame_000000.png"", ""aligned_dataset/.frames_cache/check_mailbox_split/Seg1/check_mailbox_day_rgb/frame_000300.png"", ""aligned_dataset/.frames_cache/check_mailbox_split/Seg1/check_mailbox_day_rgb/frame_000570.png"", ""aligned_dataset/.frames_cache/check_mailbox_split/Seg1/check_mailbox_day_rgb/frame_000870.png"", ""aligned_dataset/.frames_cache/check_mailbox_split/Seg1/check_mailbox_night_rgb/frame_000000.png"", ""aligned_dataset/.frames_cache/check_mailbox_split/Seg1/check_mailbox_night_rgb/frame_000300.png"", ""aligned_dataset/.frames_cache/check_mailbox_split/Seg1/check_mailbox_night_rgb/frame_000570.png"", ""aligned_dataset/.frames_cache/check_mailbox_split/Seg1/check_mailbox_night_rgb/frame_000870.png""]","{""max_new_tokens"": 128, ""do_sample"": false}",One person.,2.184,rgb,{},2.5011,rgb,0,Qwen/Qwen3-VL-8B-Instruct,4,aligned_dataset/check_mailbox_split/Seg1/rgb,8.459,qwen_vl,ir__aligned_dataset_check_mailbox_split_seg1_check_mailbox_ir__dynamic_counting__01__input_rgb,How many other people do I see moving or standing in the background during the entire video?,,dynamic_counting,ir,aligned_dataset/check_mailbox_split/Seg1/check_mailbox_ir,ir__aligned_dataset_check_mailbox_split_seg1_check_mailbox_ir__dynamic_counting__01,dynamic_counting,answered
6.275,4,True,8,"[""aligned_dataset/.frames_cache/check_mailbox_split/Seg1/check_mailbox_day_rgb/frame_000000.png"", ""aligned_dataset/.frames_cache/check_mailbox_split/Seg1/check_mailbox_day_rgb/frame_000300.png"", ""aligned_dataset/.frames_cache/check_mailbox_split/Seg1/check_mailbox_day_rgb/frame_000570.png"", ""aligned_dataset/.frames_cache/check_mailbox_split/Seg1/check_mailbox_day_rgb/frame_000870.png"", ""aligned_dataset/.frames_cache/check_mailbox_split/Seg1/check_mailbox_night_rgb/frame_000000.png"", ""aligned_dataset/.frames_cache/check_mailbox_split/Seg1/check_mailbox_night_rgb/frame_000300.png"", ""aligned_dataset/.frames_cache/check_mailbox_split/Seg1/check_mailbox_night_rgb/frame_000570.png"", ""aligned_dataset/.frames_cache/check_mailbox_split/Seg1/check_mailbox_night_rgb/frame_000870.png""]","{""max_new_tokens"": 128, ""do_sample"": false}",Cluttered shoe storage.,2.183,rgb,{},2.5407,rgb,narrow hallway,Qwen/Qwen3-VL-8B-Instruct,4,aligned_dataset/check_mailbox_split/Seg1/rgb,8.458,qwen_vl,ir__aligned_dataset_check_mailbox_split_seg1_check_mailbox_ir__non_common__01__input_rgb,What is a layout design drawback seen in the hallway area?,,non_common,ir,aligned_dataset/check_mailbox_split/Seg1/check_mailbox_ir,ir__aligned_dataset_check_mailbox_split_seg1_check_mailbox_ir__non_common__01,non_common,answered
6.275,4,True,8,"[""aligned_dataset/.frames_cache/check_mailbox_split/Seg1/check_mailbox_day_rgb/frame_000000.png"", ""aligned_dataset/.frames_cache/check_mailbox_split/Seg1/check_mailbox_day_rgb/frame_000300.png"", ""aligned_dataset/.frames_cache/check_mailbox_split/Seg1/check_mailbox_day_rgb/frame_000570.png"", ""aligned_dataset/.frames_cache/check_mailbox_split/Seg1/check_mailbox_day_rgb/frame_000870.png"", ""aligned_dataset/.frames_cache/check_mailbox_split/Seg1/check_mailbox_night_rgb/frame_000000.png"", ""aligned_dataset/.frames_cache/check_mailbox_split/Seg1/check_mailbox_night_rgb/frame_000300.png"", ""aligned_dataset/.frames_cache/check_mailbox_split/Seg1/check_mailbox_night_rgb/frame_000570.png"", ""aligned_dataset/.frames_cache/check_mailbox_split/Seg1/check_mailbox_night_rgb/frame_000870.png""]","{""max_new_tokens"": 128, ""do_sample"": false}",8 steps.,2.183,rgb,{},2.4959,rgb,1,Qwen/Qwen3-VL-8B-Instruct,4,aligned_dataset/check_mailbox_split/Seg1/rgb,8.458,qwen_vl,ir__aligned_dataset_check_mailbox_split_seg1_check_mailbox_ir__navigation__01__input_rgb,How many steps do I take from the shoe area to reach the exit door?,,navigation,ir,aligned_dataset/check_mailbox_split/Seg1/check_mailbox_ir,ir__aligned_dataset_check_mailbox_split_seg1_check_mailbox_ir__navigation__01,navigation,answered
6.275,4,True,8,"[""aligned_dataset/.frames_cache/check_mailbox_split/Seg1/check_mailbox_day_rgb/frame_000000.png"", ""aligned_dataset/.frames_cache/check_mailbox_split/Seg1/check_mailbox_day_rgb/frame_000300.png"", ""aligned_dataset/.frames_cache/check_mailbox_split/Seg1/check_mailbox_day_rgb/frame_000570.png"", ""aligned_dataset/.frames_cache/check_mailbox_split/Seg1/check_mailbox_day_rgb/frame_000870.png"", ""aligned_dataset/.frames_cache/check_mailbox_split/Seg1/check_mailbox_night_rgb/frame_000000.png"", ""aligned_dataset/.frames_cache/check_mailbox_split/Seg1/check_mailbox_night_rgb/frame_000300.png"", ""aligned_dataset/.frames_cache/check_mailbox_split/Seg1/check_mailbox_night_rgb/frame_000570.png"", ""aligned_dataset/.frames_cache/check_mailbox_split/Seg1/check_mailbox_night_rgb/frame_000870.png""]","{""max_new_tokens"": 128, ""do_sample"": false}",Frame 810.,2.183,rgb,{},2.6298,rgb,frame_000570,Qwen/Qwen3-VL-8B-Instruct,4,aligned_dataset/check_mailbox_split/Seg1/rgb,8.458,qwen_vl,ir__aligned_dataset_check_mailbox_split_seg1_check_mailbox_ir__dynamic_recognition__01__input_rgb,When does a person first appear in the background of a room?,,dynamic_recognition,ir,aligned_dataset/check_mailbox_split/Seg1/check_mailbox_ir,ir__aligned_dataset_check_mailbox_split_seg1_check_mailbox_ir__dynamic_recognition__01,dynamic_recognition,answered
6.275,4,True,8,"[""aligned_dataset/.frames_cache/check_mailbox_split/Seg1/check_mailbox_day_rgb/frame_000000.png"", ""aligned_dataset/.frames_cache/check_mailbox_split/Seg1/check_mailbox_day_rgb/frame_000300.png"", ""aligned_dataset/.frames_cache/check_mailbox_split/Seg1/check_mailbox_day_rgb/frame_000570.png"", ""aligned_dataset/.frames_cache/check_mailbox_split/Seg1/check_mailbox_day_rgb/frame_000870.png"", ""aligned_dataset/.frames_cache/check_mailbox_split/Seg1/check_mailbox_night_rgb/frame_000000.png"", ""aligned_dataset/.frames_cache/check_mailbox_split/Seg1/check_mailbox_night_rgb/frame_000300.png"", ""aligned_dataset/.frames_cache/check_mailbox_split/Seg1/check_mailbox_night_rgb/frame_000570.png"", ""aligned_dataset/.frames_cache/check_mailbox_split/Seg1/check_mailbox_night_rgb/frame_000870.png""]","{""max_new_tokens"": 128, ""do_sample"": false}",Putting on sneakers.,2.183,rgb,{},2.4998,rgb,standing,Qwen/Qwen3-VL-8B-Instruct,4,aligned_dataset/check_mailbox_split/Seg1/rgb,8.458,qwen_vl,ir__aligned_dataset_check_mailbox_split_seg1_check_mailbox_ir__action__01__input_rgb,What am I doing when I stop in the hallway with the shoes?,,action,ir,aligned_dataset/check_mailbox_split/Seg1/check_mailbox_ir,ir__aligned_dataset_check_mailbox_split_seg1_check_mailbox_ir__action__01,action,answered
6.275,4,False,8,"[""aligned_dataset/.frames_cache/check_mailbox_split/Seg2/check_mailbox_day_rgb/frame_000000.png"", ""aligned_dataset/.frames_cache/check_mailbox_split/Seg2/check_mailbox_day_rgb/frame_000300.png"", ""aligned_dataset/.frames_cache/check_mailbox_split/Seg2/check_mailbox_day_rgb/frame_000570.png"", ""aligned_dataset/.frames_cache/check_mailbox_split/Seg2/check_mailbox_day_rgb/frame_000870.png"", ""aligned_dataset/.frames_cache/check_mailbox_split/Seg2/check_mailbox_night_rgb/frame_000000.png"", ""aligned_dataset/.frames_cache/check_mailbox_split/Seg2/check_mailbox_night_rgb/frame_000300.png"", ""aligned_dataset/.frames_cache/check_mailbox_split/Seg2/check_mailbox_night_rgb/frame_000570.png"", ""aligned_dataset/.frames_cache/check_mailbox_split/Seg2/check_mailbox_night_rgb/frame_000870.png""]","{""max_new_tokens"": 128, ""do_sample"": false}",An exterior stairwell.,2.183,rgb,{},2.6183,rgb,staircase,Qwen/Qwen3-VL-8B-Instruct,4,check_mailbox_split/Seg2/rgb,8.458,qwen_vl,depth__check_mailbox_split_seg2_check_mailbox__depth_object_recognition__01__input_rgb,What is the primary geometric structure visible in front of me?,,depth_object_recognition,depth,check_mailbox_split/Seg2/check_mailbox,depth__check_mailbox_split_seg2_check_mailbox__depth_object_recognition__01,depth_object_recognition,answered
6.275,4,True,8,"[""aligned_dataset/.frames_cache/check_mailbox_split/Seg2/check_mailbox_day_rgb/frame_000000.png"", ""aligned_dataset/.frames_cache/check_mailbox_split/Seg2/check_mailbox_day_rgb/frame_000300.png"", ""aligned_dataset/.frames_cache/check_mailbox_split/Seg2/check_mailbox_day_rgb/frame_000570.png"", ""aligned_dataset/.frames_cache/check_mailbox_split/Seg2/check_mailbox_day_rgb/frame_000870.png"", ""aligned_dataset/.frames_cache/check_mailbox_split/Seg2/check_mailbox_night_rgb/frame_000000.png"", ""aligned_dataset/.frames_cache/check_mailbox_split/Seg2/check_mailbox_night_rgb/frame_000300.png"", ""aligned_dataset/.frames_cache/check_mailbox_split/Seg2/check_mailbox_night_rgb/frame_000570.png"", ""aligned_dataset/.frames_cache/check_mailbox_split/Seg2/check_mailbox_night_rgb/frame_000870.png""]","{""max_new_tokens"": 128, ""do_sample"": false}","Yes, it is closer.",2.183,rgb,{},2.5006,rgb,yes,Qwen/Qwen3-VL-8B-Instruct,4,check_mailbox_split/Seg2/rgb,8.458,qwen_vl,depth__check_mailbox_split_seg2_check_mailbox__depth_spatial_reasoning__01__input_rgb,Is the staircase railing closer to me than the tree on the left?,,depth_spatial_reasoning,depth,check_mailbox_split/Seg2/check_mailbox,depth__check_mailbox_split_seg2_check_mailbox__depth_spatial_reasoning__01,depth_spatial_reasoning,answered
6.275,4,True,8,"[""aligned_dataset/.frames_cache/check_mailbox_split/Seg2/check_mailbox_day_rgb/frame_000000.png"", ""aligned_dataset/.frames_cache/check_mailbox_split/Seg2/check_mailbox_day_rgb/frame_000300.png"", ""aligned_dataset/.frames_cache/check_mailbox_split/Seg2/check_mailbox_day_rgb/frame_000570.png"", ""aligned_dataset/.frames_cache/check_mailbox_split/Seg2/check_mailbox_day_rgb/frame_000870.png"", ""aligned_dataset/.frames_cache/check_mailbox_split/Seg2/check_mailbox_night_rgb/frame_000000.png"", ""aligned_dataset/.frames_cache/check_mailbox_split/Seg2/check_mailbox_night_rgb/frame_000300.png"", ""aligned_dataset/.frames_cache/check_mailbox_split/Seg2/check_mailbox_night_rgb/frame_000570.png"", ""aligned_dataset/.frames_cache/check_mailbox_split/Seg2/check_mailbox_night_rgb/frame_000870.png""]","{""max_new_tokens"": 128, ""do_sample"": false}","No, it moves vertically.",2.183,rgb,{},2.4974,rgb,no,Qwen/Qwen3-VL-8B-Instruct,4,check_mailbox_split/Seg2/rgb,8.458,qwen_vl,depth__check_mailbox_split_seg2_check_mailbox__depth_scene_sequence__01__input_rgb,Does the path I am following move along a single horizontal level?,,depth_scene_sequence,depth,check_mailbox_split/Seg2/check_mailbox,depth__check_mailbox_split_seg2_check_mailbox__depth_scene_sequence__01,depth_scene_sequence,answered
6.275,4,True,8,"[""aligned_dataset/.frames_cache/check_mailbox_split/Seg2/check_mailbox_day_rgb/frame_000000.png"", ""aligned_dataset/.frames_cache/check_mailbox_split/Seg2/check_mailbox_day_rgb/frame_000300.png"", ""aligned_dataset/.frames_cache/check_mailbox_split/Seg2/check_mailbox_day_rgb/frame_000570.png"", ""aligned_dataset/.frames_cache/check_mailbox_split/Seg2/check_mailbox_day_rgb/frame_000870.png"", ""aligned_dataset/.frames_cache/check_mailbox_split/Seg2/check_mailbox_night_rgb/frame_000000.png"", ""aligned_dataset/.frames_cache/check_mailbox_split/Seg2/check_mailbox_night_rgb/frame_000300.png"", ""aligned_dataset/.frames_cache/check_mailbox_split/Seg2/check_mailbox_night_rgb/frame_000570.png"", ""aligned_dataset/.frames_cache/check_mailbox_split/Seg2/check_mailbox_night_rgb/frame_000870.png""]","{""max_new_tokens"": 128, ""do_sample"": false}",Three levels.,2.183,rgb,{},2.507,rgb,2,Qwen/Qwen3-VL-8B-Instruct,4,check_mailbox_split/Seg2/rgb,8.458,qwen_vl,depth__check_mailbox_split_seg2_check_mailbox__depth_counting__01__input_rgb,How many main staircase levels can I see in the 3D scene?,,depth_counting,depth,check_mailbox_split/Seg2/check_mailbox,depth__check_mailbox_split_seg2_check_mailbox__depth_counting__01,depth_counting,answered
6.275,4,True,8,"[""aligned_dataset/.frames_cache/check_mailbox_split/Seg2/check_mailbox_day_rgb/frame_000000.png"", ""aligned_dataset/.frames_cache/check_mailbox_split/Seg2/check_mailbox_day_rgb/frame_000300.png"", ""aligned_dataset/.frames_cache/check_mailbox_split/Seg2/check_mailbox_day_rgb/frame_000570.png"", ""aligned_dataset/.frames_cache/check_mailbox_split/Seg2/check_mailbox_day_rgb/frame_000870.png"", ""aligned_dataset/.frames_cache/check_mailbox_split/Seg2/check_mailbox_night_rgb/frame_000000.png"", ""aligned_dataset/.frames_cache/check_mailbox_split/Seg2/check_mailbox_night_rgb/frame_000300.png"", ""aligned_dataset/.frames_cache/check_mailbox_split/Seg2/check_mailbox_night_rgb/frame_000570.png"", ""aligned_dataset/.frames_cache/check_mailbox_split/Seg2/check_mailbox_night_rgb/frame_000870.png""]","{""max_new_tokens"": 128, ""do_sample"": false}",Zero.,2.182,rgb,{},2.4992,rgb,0,Qwen/Qwen3-VL-8B-Instruct,4,check_mailbox_split/Seg2/rgb,8.458,qwen_vl,depth__check_mailbox_split_seg2_check_mailbox__depth_dynamic_counting__01__input_rgb,How many moving people did I encounter during my descent?,,depth_dynamic_counting,depth,check_mailbox_split/Seg2/check_mailbox,depth__check_mailbox_split_seg2_check_mailbox__depth_dynamic_counting__01,depth_dynamic_counting,answered
6.275,4,True,8,"[""aligned_dataset/.frames_cache/check_mailbox_split/Seg2/check_mailbox_day_rgb/frame_000000.png"", ""aligned_dataset/.frames_cache/check_mailbox_split/Seg2/check_mailbox_day_rgb/frame_000300.png"", ""aligned_dataset/.frames_cache/check_mailbox_split/Seg2/check_mailbox_day_rgb/frame_000570.png"", ""aligned_dataset/.frames_cache/check_mailbox_split/Seg2/check_mailbox_day_rgb/frame_000870.png"", ""aligned_dataset/.frames_cache/check_mailbox_split/Seg2/check_mailbox_night_rgb/frame_000000.png"", ""aligned_dataset/.frames_cache/check_mailbox_split/Seg2/check_mailbox_night_rgb/frame_000300.png"", ""aligned_dataset/.frames_cache/check_mailbox_split/Seg2/check_mailbox_night_rgb/frame_000570.png"", ""aligned_dataset/.frames_cache/check_mailbox_split/Seg2/check_mailbox_night_rgb/frame_000870.png""]","{""max_new_tokens"": 128, ""do_sample"": false}","Yes, it is.",2.182,rgb,{},2.5068,rgb,Yes,Qwen/Qwen3-VL-8B-Instruct,4,check_mailbox_split/Seg2/rgb,8.457,qwen_vl,depth__check_mailbox_split_seg2_check_mailbox__depth_navigation__01__input_rgb,Is the staircase a safe path for moving between these levels?,,depth_navigation,depth,check_mailbox_split/Seg2/check_mailbox,depth__check_mailbox_split_seg2_check_mailbox__depth_navigation__01,depth_navigation,answered
6.275,4,True,8,"[""aligned_dataset/.frames_cache/check_mailbox_split/Seg2/check_mailbox_day_rgb/frame_000000.png"", ""aligned_dataset/.frames_cache/check_mailbox_split/Seg2/check_mailbox_day_rgb/frame_000300.png"", ""aligned_dataset/.frames_cache/check_mailbox_split/Seg2/check_mailbox_day_rgb/frame_000570.png"", ""aligned_dataset/.frames_cache/check_mailbox_split/Seg2/check_mailbox_day_rgb/frame_000870.png"", ""aligned_dataset/.frames_cache/check_mailbox_split/Seg2/check_mailbox_night_rgb/frame_000000.png"", ""aligned_dataset/.frames_cache/check_mailbox_split/Seg2/check_mailbox_night_rgb/frame_000300.png"", ""aligned_dataset/.frames_cache/check_mailbox_split/Seg2/check_mailbox_night_rgb/frame_000570.png"", ""aligned_dataset/.frames_cache/check_mailbox_split/Seg2/check_mailbox_night_rgb/frame_000870.png""]","{""max_new_tokens"": 128, ""do_sample"": false}",No.,2.182,rgb,{},2.5318,rgb,no,Qwen/Qwen3-VL-8B-Instruct,4,check_mailbox_split/Seg2/rgb,8.457,qwen_vl,depth__check_mailbox_split_seg2_check_mailbox__depth_dynamic_recognition__01__input_rgb,Are there any moving objects in this scene?,,depth_dynamic_recognition,depth,check_mailbox_split/Seg2/check_mailbox,depth__check_mailbox_split_seg2_check_mailbox__depth_dynamic_recognition__01,depth_dynamic_recognition,answered
6.275,4,True,8,"[""aligned_dataset/.frames_cache/check_mailbox_split/Seg2/check_mailbox_day_rgb/frame_000000.png"", ""aligned_dataset/.frames_cache/check_mailbox_split/Seg2/check_mailbox_day_rgb/frame_000300.png"", ""aligned_dataset/.frames_cache/check_mailbox_split/Seg2/check_mailbox_day_rgb/frame_000570.png"", ""aligned_dataset/.frames_cache/check_mailbox_split/Seg2/check_mailbox_day_rgb/frame_000870.png"", ""aligned_dataset/.frames_cache/check_mailbox_split/Seg2/check_mailbox_night_rgb/frame_000000.png"", ""aligned_dataset/.frames_cache/check_mailbox_split/Seg2/check_mailbox_night_rgb/frame_000300.png"", ""aligned_dataset/.frames_cache/check_mailbox_split/Seg2/check_mailbox_night_rgb/frame_000570.png"", ""aligned_dataset/.frames_cache/check_mailbox_split/Seg2/check_mailbox_night_rgb/frame_000870.png""]","{""max_new_tokens"": 128, ""do_sample"": false}",Descending the stairs.,2.182,rgb,{},2.5178,rgb,descending,Qwen/Qwen3-VL-8B-Instruct,4,check_mailbox_split/Seg2/rgb,8.458,qwen_vl,depth__check_mailbox_split_seg2_check_mailbox__depth_action__01__input_rgb,What action am I performing as I move through this stairwell?,,depth_action,depth,check_mailbox_split/Seg2/check_mailbox,depth__check_mailbox_split_seg2_check_mailbox__depth_action__01,depth_action,answered
6.275,4,True,8,"[""aligned_dataset/.frames_cache/check_mailbox_split/Seg2/check_mailbox_day_rgb/frame_000000.png"", ""aligned_dataset/.frames_cache/check_mailbox_split/Seg2/check_mailbox_day_rgb/frame_000300.png"", ""aligned_dataset/.frames_cache/check_mailbox_split/Seg2/check_mailbox_day_rgb/frame_000570.png"", ""aligned_dataset/.frames_cache/check_mailbox_split/Seg2/check_mailbox_day_rgb/frame_000870.png"", ""aligned_dataset/.frames_cache/check_mailbox_split/Seg2/check_mailbox_night_rgb/frame_000000.png"", ""aligned_dataset/.frames_cache/check_mailbox_split/Seg2/check_mailbox_night_rgb/frame_000300.png"", ""aligned_dataset/.frames_cache/check_mailbox_split/Seg2/check_mailbox_night_rgb/frame_000570.png"", ""aligned_dataset/.frames_cache/check_mailbox_split/Seg2/check_mailbox_night_rgb/frame_000870.png""]","{""max_new_tokens"": 128, ""do_sample"": false}",No.,2.182,rgb,{},2.4973,rgb,no,Qwen/Qwen3-VL-8B-Instruct,4,check_mailbox_split/Seg2/rgb,8.457,qwen_vl,depth__check_mailbox_split_seg2_check_mailbox__depth_non_common__01__input_rgb,Are there any floating objects in the depth stream?,,depth_non_common,depth,check_mailbox_split/Seg2/check_mailbox,depth__check_mailbox_split_seg2_check_mailbox__depth_non_common__01,depth_non_common,answered
6.275,4,True,8,"[""aligned_dataset/.frames_cache/check_mailbox_split/Seg2/check_mailbox_day_rgb/frame_000000.png"", ""aligned_dataset/.frames_cache/check_mailbox_split/Seg2/check_mailbox_day_rgb/frame_000300.png"", ""aligned_dataset/.frames_cache/check_mailbox_split/Seg2/check_mailbox_day_rgb/frame_000570.png"", ""aligned_dataset/.frames_cache/check_mailbox_split/Seg2/check_mailbox_day_rgb/frame_000870.png"", ""aligned_dataset/.frames_cache/check_mailbox_split/Seg2/check_mailbox_night_rgb/frame_000000.png"", ""aligned_dataset/.frames_cache/check_mailbox_split/Seg2/check_mailbox_night_rgb/frame_000300.png"", ""aligned_dataset/.frames_cache/check_mailbox_split/Seg2/check_mailbox_night_rgb/frame_000570.png"", ""aligned_dataset/.frames_cache/check_mailbox_split/Seg2/check_mailbox_night_rgb/frame_000870.png""]","{""max_new_tokens"": 128, ""do_sample"": false}",The staircase is located directly ahead and slightly to the left.,2.184,rgb,{},2.525,rgb,To the right,Qwen/Qwen3-VL-8B-Instruct,4,aligned_dataset/check_mailbox_split/Seg2/rgb,8.46,qwen_vl,rgb__aligned_dataset_check_mailbox_split_seg2_check_mailbox_rgb__spatial_reasoning__01__input_rgb,Where is the metal staircase located relative to my path as I reach the end of the corridor?,,spatial_reasoning,rgb,aligned_dataset/check_mailbox_split/Seg2/check_mailbox_rgb,rgb__aligned_dataset_check_mailbox_split_seg2_check_mailbox_rgb__spatial_reasoning__01,spatial_reasoning,answered
6.275,4,True,8,"[""aligned_dataset/.frames_cache/check_mailbox_split/Seg2/check_mailbox_day_rgb/frame_000000.png"", ""aligned_dataset/.frames_cache/check_mailbox_split/Seg2/check_mailbox_day_rgb/frame_000300.png"", ""aligned_dataset/.frames_cache/check_mailbox_split/Seg2/check_mailbox_day_rgb/frame_000570.png"", ""aligned_dataset/.frames_cache/check_mailbox_split/Seg2/check_mailbox_day_rgb/frame_000870.png"", ""aligned_dataset/.frames_cache/check_mailbox_split/Seg2/check_mailbox_night_rgb/frame_000000.png"", ""aligned_dataset/.frames_cache/check_mailbox_split/Seg2/check_mailbox_night_rgb/frame_000300.png"", ""aligned_dataset/.frames_cache/check_mailbox_split/Seg2/check_mailbox_night_rgb/frame_000570.png"", ""aligned_dataset/.frames_cache/check_mailbox_split/Seg2/check_mailbox_night_rgb/frame_000870.png""]","{""max_new_tokens"": 128, ""do_sample"": false}",1233.,2.183,rgb,{},2.5801,rgb,1'233,Qwen/Qwen3-VL-8B-Instruct,4,aligned_dataset/check_mailbox_split/Seg2/rgb,8.458,qwen_vl,rgb__aligned_dataset_check_mailbox_split_seg2_check_mailbox_rgb__text_recognition__01__input_rgb,What is the first room number listed on the wall?,,text_recognition,rgb,aligned_dataset/check_mailbox_split/Seg2/check_mailbox_rgb,rgb__aligned_dataset_check_mailbox_split_seg2_check_mailbox_rgb__text_recognition__01,text_recognition,answered
6.275,4,True,8,"[""aligned_dataset/.frames_cache/check_mailbox_split/Seg2/check_mailbox_day_rgb/frame_000000.png"", ""aligned_dataset/.frames_cache/check_mailbox_split/Seg2/check_mailbox_day_rgb/frame_000300.png"", ""aligned_dataset/.frames_cache/check_mailbox_split/Seg2/check_mailbox_day_rgb/frame_000570.png"", ""aligned_dataset/.frames_cache/check_mailbox_split/Seg2/check_mailbox_day_rgb/frame_000870.png"", ""aligned_dataset/.frames_cache/check_mailbox_split/Seg2/check_mailbox_night_rgb/frame_000000.png"", ""aligned_dataset/.frames_cache/check_mailbox_split/Seg2/check_mailbox_night_rgb/frame_000300.png"", ""aligned_dataset/.frames_cache/check_mailbox_split/Seg2/check_mailbox_night_rgb/frame_000570.png"", ""aligned_dataset/.frames_cache/check_mailbox_split/Seg2/check_mailbox_night_rgb/frame_000870.png""]","{""max_new_tokens"": 128, ""do_sample"": false}","1233, 1234, and 1235.",2.183,rgb,{},2.8592,rgb,"1'233, 1'234, 1'235",Qwen/Qwen3-VL-8B-Instruct,4,aligned_dataset/check_mailbox_split/Seg2/rgb,8.458,qwen_vl,rgb__aligned_dataset_check_mailbox_split_seg2_check_mailbox_rgb__text_recognition__02__input_rgb,What are the three specific numbers displayed in the room directory?,,text_recognition,rgb,aligned_dataset/check_mailbox_split/Seg2/check_mailbox_rgb,rgb__aligned_dataset_check_mailbox_split_seg2_check_mailbox_rgb__text_recognition__02,text_recognition,answered
6.275,4,True,8,"[""aligned_dataset/.frames_cache/check_mailbox_split/Seg2/check_mailbox_day_rgb/frame_000000.png"", ""aligned_dataset/.frames_cache/check_mailbox_split/Seg2/check_mailbox_day_rgb/frame_000300.png"", ""aligned_dataset/.frames_cache/check_mailbox_split/Seg2/check_mailbox_day_rgb/frame_000570.png"", ""aligned_dataset/.frames_cache/check_mailbox_split/Seg2/check_mailbox_day_rgb/frame_000870.png"", ""aligned_dataset/.frames_cache/check_mailbox_split/Seg2/check_mailbox_night_rgb/frame_000000.png"", ""aligned_dataset/.frames_cache/check_mailbox_split/Seg2/check_mailbox_night_rgb/frame_000300.png"", ""aligned_dataset/.frames_cache/check_mailbox_split/Seg2/check_mailbox_night_rgb/frame_000570.png"", ""aligned_dataset/.frames_cache/check_mailbox_split/Seg2/check_mailbox_night_rgb/frame_000870.png""]","{""max_new_tokens"": 128, ""do_sample"": false}",N°.,2.182,rgb,{},2.5092,rgb,N°,Qwen/Qwen3-VL-8B-Instruct,4,aligned_dataset/check_mailbox_split/Seg2/rgb,8.458,qwen_vl,rgb__aligned_dataset_check_mailbox_split_seg2_check_mailbox_rgb__text_recognition__03__input_rgb,What prefix precedes the numbers on the wall?,,text_recognition,rgb,aligned_dataset/check_mailbox_split/Seg2/check_mailbox_rgb,rgb__aligned_dataset_check_mailbox_split_seg2_check_mailbox_rgb__text_recognition__03,text_recognition,answered
6.275,4,True,8,"[""aligned_dataset/.frames_cache/check_mailbox_split/Seg2/check_mailbox_day_rgb/frame_000000.png"", ""aligned_dataset/.frames_cache/check_mailbox_split/Seg2/check_mailbox_day_rgb/frame_000300.png"", ""aligned_dataset/.frames_cache/check_mailbox_split/Seg2/check_mailbox_day_rgb/frame_000570.png"", ""aligned_dataset/.frames_cache/check_mailbox_split/Seg2/check_mailbox_day_rgb/frame_000870.png"", ""aligned_dataset/.frames_cache/check_mailbox_split/Seg2/check_mailbox_night_rgb/frame_000000.png"", ""aligned_dataset/.frames_cache/check_mailbox_split/Seg2/check_mailbox_night_rgb/frame_000300.png"", ""aligned_dataset/.frames_cache/check_mailbox_split/Seg2/check_mailbox_night_rgb/frame_000570.png"", ""aligned_dataset/.frames_cache/check_mailbox_split/Seg2/check_mailbox_night_rgb/frame_000870.png""]","{""max_new_tokens"": 128, ""do_sample"": false}",White.,2.182,rgb,{},2.4976,rgb,white,Qwen/Qwen3-VL-8B-Instruct,4,aligned_dataset/check_mailbox_split/Seg2/rgb,8.458,qwen_vl,rgb__aligned_dataset_check_mailbox_split_seg2_check_mailbox_rgb__text_recognition__04__input_rgb,What color is the text for the room numbers?,,text_recognition,rgb,aligned_dataset/check_mailbox_split/Seg2/check_mailbox_rgb,rgb__aligned_dataset_check_mailbox_split_seg2_check_mailbox_rgb__text_recognition__04,text_recognition,answered
6.275,4,True,8,"[""aligned_dataset/.frames_cache/check_mailbox_split/Seg2/check_mailbox_day_rgb/frame_000000.png"", ""aligned_dataset/.frames_cache/check_mailbox_split/Seg2/check_mailbox_day_rgb/frame_000300.png"", ""aligned_dataset/.frames_cache/check_mailbox_split/Seg2/check_mailbox_day_rgb/frame_000570.png"", ""aligned_dataset/.frames_cache/check_mailbox_split/Seg2/check_mailbox_day_rgb/frame_000870.png"", ""aligned_dataset/.frames_cache/check_mailbox_split/Seg2/check_mailbox_night_rgb/frame_000000.png"", ""aligned_dataset/.frames_cache/check_mailbox_split/Seg2/check_mailbox_night_rgb/frame_000300.png"", ""aligned_dataset/.frames_cache/check_mailbox_split/Seg2/check_mailbox_night_rgb/frame_000570.png"", ""aligned_dataset/.frames_cache/check_mailbox_split/Seg2/check_mailbox_night_rgb/frame_000870.png""]","{""max_new_tokens"": 128, ""do_sample"": false}",Vertical bars (|).,2.183,rgb,{},2.5057,rgb,|,Qwen/Qwen3-VL-8B-Instruct,4,aligned_dataset/check_mailbox_split/Seg2/rgb,8.458,qwen_vl,rgb__aligned_dataset_check_mailbox_split_seg2_check_mailbox_rgb__text_recognition__05__input_rgb,What symbol is used to separate the room numbers on the wall?,,text_recognition,rgb,aligned_dataset/check_mailbox_split/Seg2/check_mailbox_rgb,rgb__aligned_dataset_check_mailbox_split_seg2_check_mailbox_rgb__text_recognition__05,text_recognition,answered
