anls,answer_rate,answered,bleu_4,character_f1,conciseness_violation_rate,frame_counts,incremental_peak_gpu_gb_max,judge_evaluated,judge_label_counts,judge_soft_accuracy,judge_strict_accuracy,judge_strict_accuracy_ci95,judge_unjudgeable_rate,latency_mean_seconds,latency_median_seconds,latency_p95_seconds,max_frames_per_item,meteor,model_key,normalized_exact_match,peak_gpu_gb_max,repetition_rate,rouge_l_f1,section,status_counts,task_aware_score,task_aware_score_ci95,throughput_qa_per_hour,token_f1,token_f1_ci95,total
0.16095935647420473,1.0,1668,0.3321891330775462,0.4792980071504873,0.007194244604316547,[8],1.907,1668,"{""incorrect"": 636, ""partially_correct"": 156, ""correct"": 876}",0.5719424460431655,0.5251798561151079,"{""mean"": 0.5251798561151079, ""low"": 0.5017985611510791, ""high"": 0.5491606714628298}",0.0,1.3102920863309353,1.275,1.4491,[],0.14395064761824097,qwen_vl:Qwen3-VL-4B-Instruct:frame:908771f2,0.13609112709832133,4.767,0.001199040767386091,0.2838139588961605,action,"{""answered"": 1668}",0.335226026216307,"{""mean"": 0.335226026216307, ""low"": 0.31575284074127086, ""high"": 0.35477166397564025}",2747.4790068225775,0.2869136319797697,"{""mean"": 0.2869136319797697, ""low"": 0.27150458016577794, ""high"": 0.30328695012414164}",1668
0.043939469485440766,1.0,1744,0.5242665033112891,0.06349657224055667,0.0,[8],1.908,1744,"{""correct"": 668, ""incorrect"": 1073, ""partially_correct"": 3}",0.3838876146788991,0.3830275229357798,"{""mean"": 0.3830275229357798, ""low"": 0.3606651376146789, ""high"": 0.4076834862385321}",0.0,1.2529702981651376,1.2509,1.2631,[],0.030826639328312408,qwen_vl:Qwen3-VL-4B-Instruct:frame:908771f2,0.04357798165137615,4.768,0.0,0.07070994396234435,counting,"{""answered"": 1744}",0.37327981651376146,"{""mean"": 0.37327981651376146, ""low"": 0.35091743119266056, ""high"": 0.3967889908256881}",2873.172656424398,0.0707469371555968,"{""mean"": 0.0707469371555968, ""low"": 0.0609211719871441, ""high"": 0.08195806995777373}",1744
0.3257801471637136,1.0,604,0.5889220017836905,0.5709271139955794,0.004966887417218543,[8],1.906,604,"{""partially_correct"": 65, ""correct"": 299, ""incorrect"": 240}",0.5488410596026491,0.49503311258278143,"{""mean"": 0.49503311258278143, ""low"": 0.4552980132450331, ""high"": 0.5347682119205298}",0.0,1.292700165562914,1.2644,1.4491,[],0.21905192521565459,qwen_vl:Qwen3-VL-4B-Instruct:frame:908771f2,0.28807947019867547,4.766,0.0,0.38294544939717473,depth_action,"{""answered"": 604}",0.40573925786979115,"{""mean"": 0.40573925786979115, ""low"": 0.3705149748074112, ""high"": 0.4411440769962903}",2784.8685224174624,0.38322138758702023,"{""mean"": 0.38322138758702023, ""low"": 0.34969250003059693, ""high"": 0.4179892323121671}",604
0.07281553398058252,1.0,412,0.57177717228103,0.09323052050375567,0.0,[8],1.907,412,"{""incorrect"": 306, ""correct"": 106}",0.25728155339805825,0.25728155339805825,"{""mean"": 0.25728155339805825, ""low"": 0.21601941747572814, ""high"": 0.29854368932038833}",0.0,1.2525354368932038,1.2508,1.2642,[],0.046232189893651236,qwen_vl:Qwen3-VL-4B-Instruct:frame:908771f2,0.07281553398058252,4.767,0.0,0.09846278317152103,depth_counting,"{""answered"": 412}",0.2621359223300971,"{""mean"": 0.2621359223300971, ""low"": 0.220873786407767, ""high"": 0.30339805825242716}",2874.170178314046,0.09846278317152103,"{""mean"": 0.09846278317152103, ""low"": 0.0720873786407767, ""high"": 0.12718446601941746}",412
0.18008474576271186,1.0,472,0.7087405301583344,0.19855692662272922,0.0,[8],1.911,472,"{""correct"": 285, ""incorrect"": 187}",0.6038135593220338,0.6038135593220338,"{""mean"": 0.6038135593220338, ""low"": 0.5572033898305084, ""high"": 0.6504237288135594}",0.0,1.2532408898305085,1.2511,1.2625,[],0.10372465462786605,qwen_vl:Qwen3-VL-4B-Instruct:frame:908771f2,0.18008474576271186,4.767,0.0,0.21511299435028247,depth_dynamic_counting,"{""answered"": 472}",0.5720338983050848,"{""mean"": 0.5720338983050848, ""low"": 0.5254237288135594, ""high"": 0.6165254237288136}",2872.552299571772,0.21511299435028247,"{""mean"": 0.21511299435028247, ""low"": 0.18149717514124294, ""high"": 0.24985875706214689}",472
0.3991527786362559,1.0,524,0.6394312435783339,0.5146862734641472,0.0,[8],1.907,524,"{""correct"": 279, ""incorrect"": 240, ""partially_correct"": 5}",0.5372137404580153,0.5324427480916031,"{""mean"": 0.5324427480916031, ""low"": 0.4904580152671756, ""high"": 0.5763358778625954}",0.0,1.2806429389312977,1.253,1.4529,[],0.21580142414916897,qwen_vl:Qwen3-VL-4B-Instruct:frame:908771f2,0.37595419847328243,4.767,0.0,0.44453532048951894,depth_dynamic_recognition,"{""answered"": 524}",0.5032533624136678,"{""mean"": 0.5032533624136678, ""low"": 0.4640039985459833, ""high"": 0.5462559069429298}",2811.0880016284755,0.44453532048951894,"{""mean"": 0.44453532048951894, ""low"": 0.4058433296982915, ""high"": 0.4846464921846601}",524
0.2342231275014294,1.0,212,0.3549316575364735,0.43712282058062824,0.0,[8],1.907,212,"{""correct"": 142, ""incorrect"": 64, ""partially_correct"": 6}",0.6839622641509434,0.6698113207547169,"{""mean"": 0.6698113207547169, ""low"": 0.6037735849056604, ""high"": 0.7311320754716981}",0.0,1.2636806603773585,1.2534,1.3041,[],0.1985114757394984,qwen_vl:Qwen3-VL-4B-Instruct:frame:908771f2,0.22641509433962265,4.767,0.0047169811320754715,0.40853548966756514,depth_navigation,"{""answered"": 212}",0.6273584905660378,"{""mean"": 0.6273584905660378, ""low"": 0.5613207547169812, ""high"": 0.6933962264150944}",2848.8209979608096,0.40853548966756514,"{""mean"": 0.40853548966756514, ""low"": 0.3581536388140162, ""high"": 0.45788409703504046}",212
0.7857142857142857,1.0,224,0.8026729290794699,0.8333035929396208,0.004464285714285714,[8],1.908,224,"{""correct"": 216, ""incorrect"": 8}",0.9642857142857143,0.9642857142857143,"{""mean"": 0.9642857142857143, ""low"": 0.9375, ""high"": 0.9866071428571429}",0.0,1.2567647321428572,1.2516,1.2645,[],0.4182117202710521,qwen_vl:Qwen3-VL-4B-Instruct:frame:908771f2,0.7857142857142857,4.768,0.0,0.8584041950113379,depth_non_common,"{""answered"": 224}",0.9660572562358276,"{""mean"": 0.9660572562358276, ""low"": 0.9407596371882087, ""high"": 0.9871031746031746}",2864.4979509106615,0.8584041950113379,"{""mean"": 0.8584041950113379, ""low"": 0.817155612244898, ""high"": 0.8938633786848073}",224
0.14694586562967782,1.0,196,0.49101919848875614,0.4264276147798783,0.00510204081632653,[8],1.912,196,"{""correct"": 77, ""incorrect"": 106, ""partially_correct"": 13}",0.4260204081632653,0.39285714285714285,"{""mean"": 0.39285714285714285, ""low"": 0.32653061224489793, ""high"": 0.4642857142857143}",0.0,1.3296632653061224,1.3056,1.5407,[],0.16099666532595433,qwen_vl:Qwen3-VL-4B-Instruct:frame:908771f2,0.15306122448979592,4.769,0.0,0.23479526425954997,depth_object_recognition,"{""answered"": 196}",0.2456268221574344,"{""mean"": 0.2456268221574344, ""low"": 0.19004697116942015, ""high"": 0.30486718496922577}",2707.4524008687185,0.2358156724228153,"{""mean"": 0.2358156724228153, ""low"": 0.18133908325234857, ""high"": 0.29118885649497894}",196
0.17440578289634892,1.0,212,0.31903795279189806,0.39848726330594925,0.009433962264150943,[8],1.907,212,"{""incorrect"": 72, ""correct"": 137, ""partially_correct"": 3}",0.6533018867924528,0.6462264150943396,"{""mean"": 0.6462264150943396, ""low"": 0.5801886792452831, ""high"": 0.7075471698113207}",0.0,1.308941037735849,1.2537,1.5559,[],0.17221089503949805,qwen_vl:Qwen3-VL-4B-Instruct:frame:908771f2,0.17452830188679244,4.767,0.0047169811320754715,0.35857713425511817,depth_scene_sequence,"{""answered"": 212}",0.5490566037735849,"{""mean"": 0.5490566037735849, ""low"": 0.47641509433962265, ""high"": 0.6132075471698113}",2750.3148699708663,0.36003552455682264,"{""mean"": 0.36003552455682264, ""low"": 0.3122663054614935, ""high"": 0.4073471956884389}",212
0.19780885780885782,1.0,200,0.3543971268722926,0.469166313682465,0.005,[8],1.908,200,"{""correct"": 122, ""incorrect"": 75, ""partially_correct"": 3}",0.6175,0.61,"{""mean"": 0.61, ""low"": 0.54, ""high"": 0.68}",0.0,1.2718935,1.257,1.3337,[],0.18738835845119875,qwen_vl:Qwen3-VL-4B-Instruct:frame:908771f2,0.165,4.768,0.0,0.4031904761904762,depth_spatial_reasoning,"{""answered"": 200}",0.5373333333333333,"{""mean"": 0.5373333333333333, ""low"": 0.4756666666666667, ""high"": 0.6035}",2830.4256606390404,0.4031904761904762,"{""mean"": 0.4031904761904762, ""low"": 0.3501904761904762, ""high"": 0.4556904761904762}",200
0.2884731991268494,1.0,1736,0.6100539152092859,0.31793665544403293,0.0,[8],1.907,1736,"{""incorrect"": 445, ""correct"": 1279, ""partially_correct"": 12}",0.7402073732718893,0.7367511520737328,"{""mean"": 0.7367511520737328, ""low"": 0.7154377880184332, ""high"": 0.7569124423963134}",0.0,1.2526895737327188,1.2514,1.2632,[],0.15318640563859415,qwen_vl:Qwen3-VL-4B-Instruct:frame:908771f2,0.2805299539170507,4.767,0.0,0.31807526510867523,dynamic_counting,"{""answered"": 1736}",0.608204340462405,"{""mean"": 0.608204340462405, ""low"": 0.5859481468352437, ""high"": 0.6315914372365985}",2873.816526845393,0.31807526510867523,"{""mean"": 0.31807526510867523, ""low"": 0.2995178720409135, ""high"": 0.33999958055257595}",1736
0.2875081742220759,1.0,1252,0.45553734918175176,0.44553335651119635,0.003993610223642172,[8],1.908,1252,"{""correct"": 604, ""incorrect"": 601, ""partially_correct"": 47}",0.5011980830670927,0.48242811501597443,"{""mean"": 0.48242811501597443, ""low"": 0.4528753993610224, ""high"": 0.5103833865814696}",0.0,1.3190416134185303,1.2542,1.4718,[],0.17521428063103286,qwen_vl:Qwen3-VL-4B-Instruct:frame:908771f2,0.28115015974440893,4.767,0.003194888178913738,0.3575822319795177,dynamic_recognition,"{""answered"": 1252}",0.4505565424578218,"{""mean"": 0.4505565424578218, ""low"": 0.42253155611690135, ""high"": 0.4768805276193455}",2729.2543035620874,0.3577935341077527,"{""mean"": 0.3577935341077527, ""low"": 0.33428970848699285, ""high"": 0.3805575997564655}",1252
0.3161489768380135,1.0,604,0.6419731290030343,0.5778603796055042,0.006622516556291391,[8],1.907,604,"{""incorrect"": 242, ""correct"": 309, ""partially_correct"": 53}",0.5554635761589404,0.5115894039735099,"{""mean"": 0.5115894039735099, ""low"": 0.4718543046357616, ""high"": 0.5513245033112583}",0.0,1.2995201986754967,1.2728,1.4012,[],0.2036570291909296,qwen_vl:Qwen3-VL-4B-Instruct:frame:908771f2,0.2533112582781457,4.767,0.0016556291390728477,0.36678509399097636,event_action,"{""answered"": 604}",0.37125665908778493,"{""mean"": 0.37125665908778493, ""low"": 0.33622172529457295, ""high"": 0.4049409475733979}",2770.2532085836056,0.3670974196344278,"{""mean"": 0.3670974196344278, ""low"": 0.3331317991621848, ""high"": 0.398813039858034}",604
0.0824074074074074,1.0,540,0.7999809075729213,0.0824074074074074,0.0,[8],1.907,540,"{""correct"": 226, ""incorrect"": 314}",0.4185185185185185,0.4185185185185185,"{""mean"": 0.4185185185185185, ""low"": 0.37777777777777777, ""high"": 0.46111111111111114}",0.0,1.2526944444444446,1.2511,1.2645,[],0.040740740740740744,qwen_vl:Qwen3-VL-4B-Instruct:frame:908771f2,0.08148148148148149,4.767,0.0,0.08148148148148149,event_counting,"{""answered"": 540}",0.42407407407407405,"{""mean"": 0.42407407407407405, ""low"": 0.38333333333333336, ""high"": 0.4666666666666667}",2873.8053529059616,0.08148148148148149,"{""mean"": 0.08148148148148149, ""low"": 0.06111111111111111, ""high"": 0.10555555555555556}",540
0.122,1.0,500,0.8326528909321795,0.122,0.0,[8],1.907,500,"{""incorrect"": 214, ""correct"": 286}",0.572,0.572,"{""mean"": 0.572, ""low"": 0.526, ""high"": 0.616}",0.0,1.2531142,1.2518,1.2645,[],0.061,qwen_vl:Qwen3-VL-4B-Instruct:frame:908771f2,0.122,4.767,0.0,0.122,event_dynamic_counting,"{""answered"": 500}",0.552,"{""mean"": 0.552, ""low"": 0.508, ""high"": 0.594}",2872.8427145746164,0.122,"{""mean"": 0.122, ""low"": 0.092, ""high"": 0.152}",500
0.4809611344537815,1.0,476,0.7799308666834811,0.6030152855609451,0.0021008403361344537,[8],1.907,476,"{""incorrect"": 231, ""correct"": 228, ""partially_correct"": 17}",0.49684873949579833,0.4789915966386555,"{""mean"": 0.4789915966386555, ""low"": 0.4369747899159664, ""high"": 0.523109243697479}",0.0,1.308975630252101,1.2547,1.4725,[],0.26922054308012316,qwen_vl:Qwen3-VL-4B-Instruct:frame:908771f2,0.46638655462184875,4.767,0.0,0.5307723089235694,event_dynamic_recognition,"{""answered"": 476}",0.5328731492597039,"{""mean"": 0.5328731492597039, ""low"": 0.49267707082833134, ""high"": 0.5748099239695879}",2750.2421869432824,0.5307723089235694,"{""mean"": 0.5307723089235694, ""low"": 0.49002601040416166, ""high"": 0.5721188475390157}",476
0.11474727654283265,1.0,212,0.3806798774159905,0.4078733223168171,0.018867924528301886,[8],1.908,212,"{""correct"": 61, ""incorrect"": 135, ""partially_correct"": 16}",0.32547169811320753,0.28773584905660377,"{""mean"": 0.28773584905660377, ""low"": 0.22641509433962265, ""high"": 0.3443396226415094}",0.0,1.3172075471698113,1.2602,1.6025,[],0.08719537758026888,qwen_vl:Qwen3-VL-4B-Instruct:frame:908771f2,0.08018867924528301,4.768,0.0,0.16596572624936579,event_navigation,"{""answered"": 212}",0.13836477987421383,"{""mean"": 0.13836477987421383, ""low"": 0.09512578616352202, ""high"": 0.18396226415094338}",2733.054489199564,0.1701585983667662,"{""mean"": 0.1701585983667662, ""low"": 0.13070279039618662, ""high"": 0.21435327251364988}",212
0.8928571428571429,1.0,224,0.9030274569435452,0.9151515151515152,0.0,[8],1.907,224,"{""correct"": 220, ""incorrect"": 4}",0.9821428571428571,0.9821428571428571,"{""mean"": 0.9821428571428571, ""low"": 0.9642857142857143, ""high"": 0.9955357142857143}",0.0,1.2537642857142857,1.2528,1.2641,[],0.45926985659128516,qwen_vl:Qwen3-VL-4B-Instruct:frame:908771f2,0.8928571428571429,4.767,0.0,0.9303571428571429,event_non_common,"{""answered"": 224}",0.9821428571428571,"{""mean"": 0.9821428571428571, ""low"": 0.9642857142857143, ""high"": 0.9955357142857143}",2871.3531251602326,0.9303571428571429,"{""mean"": 0.9303571428571429, ""low"": 0.903125, ""high"": 0.9566964285714286}",224
0.288834803202976,1.0,212,0.5932187813744636,0.5829217800449885,0.0047169811320754715,[8],1.908,212,"{""correct"": 112, ""incorrect"": 84, ""partially_correct"": 16}",0.5660377358490566,0.5283018867924528,"{""mean"": 0.5283018867924528, ""low"": 0.46226415094339623, ""high"": 0.589622641509434}",0.0,1.347104716981132,1.3308,1.5193,[],0.2614627930474439,qwen_vl:Qwen3-VL-4B-Instruct:frame:908771f2,0.30660377358490565,4.768,0.0,0.4309521453389378,event_object_recognition,"{""answered"": 212}",0.42234961055715775,"{""mean"": 0.42234961055715775, ""low"": 0.35852868305698493, ""high"": 0.4815513626834382}",2672.398036039555,0.433778930712893,"{""mean"": 0.433778930712893, ""low"": 0.36960110120487477, ""high"": 0.49022795862418506}",212
0.046645759608722574,1.0,216,0.27625075289615025,0.4814338635191707,0.08333333333333333,[8],1.908,216,"{""incorrect"": 138, ""partially_correct"": 36, ""correct"": 42}",0.2777777777777778,0.19444444444444445,"{""mean"": 0.19444444444444445, ""low"": 0.14351851851851852, ""high"": 0.25}",0.0,1.4636393518518518,1.3994,1.9413,[],0.0962441734807844,qwen_vl:Qwen3-VL-4B-Instruct:frame:908771f2,0.027777777777777776,4.768,0.032407407407407406,0.1278354378090277,event_scene_sequence,"{""answered"": 216}",0.06481481481481481,"{""mean"": 0.06481481481481481, ""low"": 0.03935185185185185, ""high"": 0.09722222222222222}",2459.6223075343964,0.12970509592868582,"{""mean"": 0.12970509592868582, ""low"": 0.10141779980065209, ""high"": 0.16039086171030614}",216
0.25547040468609095,1.0,216,0.4887259842288657,0.5778757752314206,0.009259259259259259,[8],1.909,216,"{""correct"": 113, ""incorrect"": 101, ""partially_correct"": 2}",0.5277777777777778,0.5231481481481481,"{""mean"": 0.5231481481481481, ""low"": 0.4537037037037037, ""high"": 0.5879629629629629}",0.0,1.3153171296296295,1.2816,1.4708,[],0.2673292506777928,qwen_vl:Qwen3-VL-4B-Instruct:frame:908771f2,0.22685185185185186,4.769,0.0,0.41156627238176086,event_spatial_reasoning,"{""answered"": 216}",0.43888108719657565,"{""mean"": 0.43888108719657565, ""low"": 0.3817865572154788, ""high"": 0.4922552918166953}",2736.982526041987,0.41156627238176086,"{""mean"": 0.41156627238176086, ""low"": 0.35666675010607757, ""high"": 0.4618918908446342}",216
0.3031816555044144,1.0,1792,0.4502551008148717,0.4106766126837886,0.0,[8],1.907,1792,"{""correct"": 1024, ""incorrect"": 756, ""partially_correct"": 12}",0.5747767857142857,0.5714285714285714,"{""mean"": 0.5714285714285714, ""low"": 0.546875, ""high"": 0.59375}",0.0,1.2612638950892858,1.252,1.2852,[],0.17742889860943098,qwen_vl:Qwen3-VL-4B-Instruct:frame:908771f2,0.2963169642857143,4.767,0.0,0.37658746084015693,light_change,"{""answered"": 1792}",0.5188910902720646,"{""mean"": 0.5188910902720646, ""low"": 0.49572582675261245, ""high"": 0.5411582341269842}",2854.2797538378422,0.3771390265751466,"{""mean"": 0.3771390265751466, ""low"": 0.35743915799363585, ""high"": 0.39736857169035433}",1792
0.12708148973646255,1.0,416,0.30025619662629394,0.4825318056223863,0.002403846153846154,[8],1.908,416,"{""incorrect"": 185, ""correct"": 198, ""unjudgeable"": 1, ""partially_correct"": 32}",0.5156626506024097,0.4771084337349398,"{""mean"": 0.4771084337349398, ""low"": 0.42409638554216866, ""high"": 0.5228915662650603}",0.002403846153846154,1.301821153846154,1.2827,1.3941,[],0.13481488904705236,qwen_vl:Qwen3-VL-4B-Instruct:frame:908771f2,0.07451923076923077,4.768,0.0,0.23629556686813624,light_recognition,"{""answered"": 416}",0.2692855790464596,"{""mean"": 0.2692855790464596, ""low"": 0.23495524240716548, ""high"": 0.3060760988898641}",2765.3568152307334,0.24352887793271666,"{""mean"": 0.24352887793271666, ""low"": 0.21393992309984214, ""high"": 0.2745452824790911}",416
0.16590486970230495,1.0,1704,0.3015687862078005,0.36985799016043014,0.002347417840375587,[8],1.908,1704,"{""correct"": 845, ""incorrect"": 789, ""partially_correct"": 68, ""unjudgeable"": 2}",0.5164512338425382,0.4964747356051704,"{""mean"": 0.4964747356051704, ""low"": 0.4717978848413631, ""high"": 0.5211515863689776}",0.0011737089201877935,1.2816528169014085,1.254,1.411,[],0.12250695576325993,qwen_vl:Qwen3-VL-4B-Instruct:frame:908771f2,0.15258215962441316,4.767,0.0,0.2566056556712258,navigation,"{""answered"": 1704}",0.28393974960876367,"{""mean"": 0.28393974960876367, ""low"": 0.2626662754303599, ""high"": 0.30599569640062596}",2808.873005642477,0.2583709760179027,"{""mean"": 0.2583709760179027, ""low"": 0.2407742642082849, ""high"": 0.27526106760542524}",1704
0.3231707317073171,1.0,492,0.3372745916594267,0.4178760710245015,0.0,[8],1.909,492,"{""correct"": 424, ""partially_correct"": 3, ""incorrect"": 65}",0.8648373983739838,0.8617886178861789,"{""mean"": 0.8617886178861789, ""low"": 0.8313008130081301, ""high"": 0.8922764227642277}",0.0,1.2726810975609757,1.2537,1.3644,[],0.20336879106765243,qwen_vl:Qwen3-VL-4B-Instruct:frame:908771f2,0.3231707317073171,4.768,0.0,0.43795121789758606,non_common,"{""answered"": 492}",0.8267113615751404,"{""mean"": 0.8267113615751404, ""low"": 0.7936667005800466, ""high"": 0.8588854912974915}",2828.674054245959,0.4394109144246781,"{""mean"": 0.4394109144246781, ""low"": 0.40581332427832956, ""high"": 0.47501282066679634}",492
0.15201873445218575,1.0,396,0.3566507954838575,0.46196523167361686,0.005050505050505051,[8],1.909,396,"{""incorrect"": 203, ""correct"": 133, ""partially_correct"": 58, ""unjudgeable"": 2}",0.41116751269035534,0.33756345177664976,"{""mean"": 0.33756345177664976, ""low"": 0.2918781725888325, ""high"": 0.383248730964467}",0.005050505050505051,1.3251169191919192,1.278,1.5781,[],0.14980441144202994,qwen_vl:Qwen3-VL-4B-Instruct:frame:908771f2,0.12626262626262627,4.768,0.0,0.2486526412826449,object_recognition,"{""answered"": 396}",0.22902082695860254,"{""mean"": 0.22902082695860254, ""low"": 0.19462139773320467, ""high"": 0.2656764064664665}",2716.7414043700755,0.25670796144963737,"{""mean"": 0.25670796144963737, ""low"": 0.22235151938106118, ""high"": 0.29263801334049705}",396
0.1077494585009842,1.0,1868,0.26064461218509594,0.41412617514636685,0.011241970021413276,[8],1.908,1868,"{""incorrect"": 990, ""partially_correct"": 155, ""correct"": 723}",0.4285331905781585,0.38704496788008563,"{""mean"": 0.38704496788008563, ""low"": 0.36563169164882225, ""high"": 0.4095289079229122}",0.0,1.34113704496788,1.2752,1.6178,[],0.10775299512092536,qwen_vl:Qwen3-VL-4B-Instruct:frame:908771f2,0.09635974304068523,4.768,0.006959314775160599,0.20368634622530948,scene_sequence,"{""answered"": 1868}",0.20973411848679516,"{""mean"": 0.20973411848679516, ""low"": 0.19237152034261243, ""high"": 0.22792648108493932}",2684.2894344822325,0.20801363457985778,"{""mean"": 0.20801363457985778, ""low"": 0.19448574147099199, ""high"": 0.22271907235904928}",1868
0.13781610980181577,1.0,396,0.2125733109405218,0.4160510882947845,0.0,[8],1.909,396,"{""incorrect"": 223, ""partially_correct"": 12, ""correct"": 161}",0.4217171717171717,0.4065656565656566,"{""mean"": 0.4065656565656566, ""low"": 0.3560606060606061, ""high"": 0.45202020202020204}",0.0,1.3389,1.2951,1.5752,[],0.2130489507198055,qwen_vl:Qwen3-VL-4B-Instruct:frame:908771f2,0.047979797979797977,4.769,0.0,0.28560341615241736,spatial_reasoning,"{""answered"": 396}",0.29903170288270037,"{""mean"": 0.29903170288270037, ""low"": 0.2657992488282619, ""high"": 0.3313116600678755}",2688.7743670176983,0.29225869626944345,"{""mean"": 0.29225869626944345, ""low"": 0.26228639322708125, ""high"": 0.3220270255092807}",396
0.16731955378267083,1.0,1604,0.3317328983778228,0.358939708530913,0.0018703241895261845,[8],1.921,1604,"{""correct"": 686, ""incorrect"": 883, ""partially_correct"": 35}",0.43859102244389025,0.42768079800498754,"{""mean"": 0.42768079800498754, ""low"": 0.40399002493765584, ""high"": 0.45261845386533667}",0.0,1.3060890274314214,1.2601,1.4978,[],0.13171257494212965,qwen_vl:Qwen3-VL-4B-Instruct:frame:908771f2,0.13341645885286782,4.78,0.0012468827930174563,0.2389968344435816,text_recognition,"{""answered"": 1604}",0.3434417482963866,"{""mean"": 0.3434417482963866, ""low"": 0.32043258854291984, ""high"": 0.3647258461859839}",2756.320529757322,0.23980210225748633,"{""mean"": 0.23980210225748633, ""low"": 0.22292384160285938, ""high"": 0.25572526901575543}",1604
