day_frame,day_time_seconds,night_frame,night_time_seconds,confidence,status
0,0.0,0,0.0,0.556365,matched
1,0.033333,1,0.033333,0.545877,matched
2,0.066667,2,0.066667,0.535389,matched
3,0.1,3,0.1,0.524901,matched
4,0.133333,4,0.133333,0.514413,matched
5,0.166667,5,0.166667,0.503925,matched
6,0.2,6,0.2,0.493437,matched
7,0.233333,8,0.266667,0.491394,matched
8,0.266667,10,0.333333,0.48935,matched
9,0.3,12,0.4,0.487307,matched
10,0.333333,14,0.466667,0.485264,matched
11,0.366667,16,0.533333,0.48322,matched
12,0.4,18,0.6,0.481177,matched
13,0.433333,20,0.666667,0.481993,matched
14,0.466667,22,0.733333,0.482808,matched
15,0.5,24,0.8,0.483624,matched
16,0.533333,26,0.866667,0.484439,matched
17,0.566667,28,0.933333,0.485255,matched
18,0.6,30,1.0,0.48607,matched
19,0.633333,32,1.066667,0.475882,matched
20,0.666667,34,1.133333,0.465694,matched
21,0.7,36,1.2,0.455506,matched
22,0.733333,38,1.266667,0.445318,matched
23,0.766667,40,1.333333,0.43513,matched
24,0.8,42,1.4,0.424942,matched
25,0.833333,44,1.466667,0.468117,matched
26,0.866667,46,1.533333,0.511292,matched
27,0.9,48,1.6,0.554467,matched
28,0.933333,50,1.666667,0.597642,matched
29,0.966667,52,1.733333,0.640817,matched
30,1.0,54,1.8,0.683992,matched
31,1.033333,56,1.866667,0.668883,matched
32,1.066667,58,1.933333,0.653773,matched
33,1.1,60,2.0,0.638664,matched
34,1.133333,62,2.066667,0.623555,matched
35,1.166667,64,2.133333,0.608445,matched
36,1.2,66,2.2,0.593336,matched
37,1.233333,68,2.266667,0.592177,matched
38,1.266667,70,2.333333,0.591018,matched
39,1.3,72,2.4,0.589859,matched
40,1.333333,74,2.466667,0.588699,matched
41,1.366667,76,2.533333,0.58754,matched
42,1.4,78,2.6,0.586381,matched
43,1.433333,80,2.666667,0.601629,matched
44,1.466667,82,2.733333,0.616877,matched
45,1.5,84,2.8,0.632125,matched
46,1.533333,86,2.866667,0.647372,matched
47,1.566667,88,2.933333,0.66262,matched
48,1.6,90,3.0,0.677868,matched
49,1.633333,92,3.066667,0.689513,matched
50,1.666667,94,3.133333,0.701158,matched
51,1.7,96,3.2,0.712803,matched
52,1.733333,98,3.266667,0.724447,matched
53,1.766667,100,3.333333,0.736092,matched
54,1.8,102,3.4,0.747737,matched
55,1.833333,104,3.466667,0.695331,matched
56,1.866667,106,3.533333,0.642926,matched
57,1.9,108,3.6,0.59052,matched
58,1.933333,110,3.666667,0.538115,matched
59,1.966667,112,3.733333,0.485709,matched
60,2.0,114,3.8,0.433304,matched
61,2.033333,116,3.866667,0.495562,matched
62,2.066667,118,3.933333,0.55782,matched
63,2.1,120,4.0,0.620077,matched
64,2.133333,122,4.066667,0.682335,matched
65,2.166667,124,4.133333,0.744593,matched
66,2.2,126,4.2,0.806851,matched
67,2.233333,128,4.266667,0.789043,matched
68,2.266667,130,4.333333,0.771234,matched
69,2.3,132,4.4,0.753426,matched
70,2.333333,134,4.466667,0.735617,matched
71,2.366667,136,4.533333,0.717809,matched
72,2.4,138,4.6,0.7,matched
73,2.433333,138,4.6,0.693304,matched
74,2.466667,139,4.633333,0.686608,matched
75,2.5,139,4.633333,0.679913,matched
76,2.533333,140,4.666667,0.673217,matched
77,2.566667,141,4.7,0.666521,matched
78,2.6,141,4.7,0.659825,matched
79,2.633333,142,4.733333,0.653129,matched
80,2.666667,142,4.733333,0.646433,matched
81,2.7,143,4.766667,0.639737,matched
82,2.733333,143,4.766667,0.633042,matched
83,2.766667,144,4.8,0.626346,matched
84,2.8,144,4.8,0.61965,matched
85,2.833333,145,4.833333,0.626346,matched
86,2.866667,145,4.833333,0.633042,matched
87,2.9,146,4.866667,0.639738,matched
88,2.933333,146,4.866667,0.646433,matched
89,2.966667,147,4.9,0.653129,matched
90,3.0,147,4.9,0.659825,matched
91,3.033333,148,4.933333,0.666521,matched
92,3.066667,148,4.933333,0.673217,matched
93,3.1,149,4.966667,0.679912,matched
94,3.133333,149,4.966667,0.686608,matched
95,3.166667,149,4.966667,0.693304,matched
96,3.2,150,5.0,0.7,matched
97,3.233333,152,5.066667,0.679993,matched
98,3.266667,154,5.133333,0.659986,matched
99,3.3,156,5.2,0.63998,matched
100,3.333333,158,5.266667,0.619973,matched
101,3.366667,160,5.333333,0.599966,matched
102,3.4,162,5.4,0.579959,matched
103,3.433333,163,5.433333,0.60263,matched
104,3.466667,163,5.433333,0.6253,matched
105,3.5,164,5.466667,0.647971,matched
106,3.533333,164,5.466667,0.670641,matched
107,3.566667,164,5.466667,0.693312,matched
108,3.6,165,5.5,0.715982,matched
109,3.633333,165,5.5,0.738653,matched
110,3.666667,166,5.533333,0.761324,matched
111,3.7,166,5.533333,0.783994,matched
112,3.733333,167,5.566667,0.806665,matched
113,3.766667,167,5.566667,0.829335,matched
114,3.8,168,5.6,0.852006,matched
115,3.833333,168,5.6,0.848105,matched
116,3.866667,169,5.633333,0.844205,matched
117,3.9,170,5.666667,0.840304,matched
118,3.933333,170,5.666667,0.836403,matched
119,3.966667,171,5.7,0.832502,matched
120,4.0,171,5.7,0.828601,matched
121,4.033333,172,5.733333,0.824701,matched
122,4.066667,172,5.733333,0.8208,matched
123,4.1,173,5.766667,0.816899,matched
124,4.133333,173,5.766667,0.812998,matched
125,4.166667,174,5.8,0.809098,matched
126,4.2,174,5.8,0.805197,matched
127,4.233333,175,5.833333,0.800506,matched
128,4.266667,176,5.866667,0.795815,matched
129,4.3,177,5.9,0.791124,matched
130,4.333333,178,5.933333,0.786433,matched
131,4.366667,179,5.966667,0.781742,matched
132,4.4,180,6.0,0.777051,matched
133,4.433333,180,6.0,0.755726,matched
134,4.466667,181,6.033333,0.734401,matched
135,4.5,181,6.033333,0.713076,matched
136,4.533333,182,6.066667,0.691751,matched
137,4.566667,182,6.066667,0.670426,matched
138,4.6,183,6.1,0.649101,matched
139,4.633333,183,6.1,0.627776,matched
140,4.666667,184,6.133333,0.606451,matched
141,4.7,184,6.133333,0.585126,matched
142,4.733333,185,6.166667,0.563801,matched
143,4.766667,185,6.166667,0.542476,matched
144,4.8,186,6.2,0.521151,matched
145,4.833333,186,6.2,0.524672,matched
146,4.866667,187,6.233333,0.528193,matched
147,4.9,187,6.233333,0.531714,matched
148,4.933333,188,6.266667,0.535235,matched
149,4.966667,188,6.266667,0.538756,matched
150,5.0,189,6.3,0.542277,matched
151,5.033333,189,6.3,0.545797,matched
152,5.066667,190,6.333333,0.549318,matched
153,5.1,191,6.366667,0.552839,matched
154,5.133333,191,6.366667,0.55636,matched
155,5.166667,192,6.4,0.559881,matched
156,5.2,192,6.4,0.563402,matched
157,5.233333,193,6.433333,0.566502,matched
158,5.266667,193,6.433333,0.569602,matched
159,5.3,194,6.466667,0.572701,matched
160,5.333333,194,6.466667,0.575801,matched
161,5.366667,195,6.5,0.578901,matched
162,5.4,195,6.5,0.582001,matched
163,5.433333,196,6.533333,0.5851,matched
164,5.466667,196,6.533333,0.5882,matched
165,5.5,197,6.566667,0.5913,matched
166,5.533333,197,6.566667,0.5944,matched
167,5.566667,197,6.566667,0.597499,matched
168,5.6,198,6.6,0.600599,matched
169,5.633333,200,6.666667,0.604306,matched
170,5.666667,202,6.733333,0.608014,matched
171,5.7,204,6.8,0.611721,matched
172,5.733333,206,6.866667,0.615428,matched
173,5.766667,208,6.933333,0.619136,matched
174,5.8,210,7.0,0.622843,matched
175,5.833333,212,7.066667,0.61711,matched
176,5.866667,214,7.133333,0.611376,matched
177,5.9,216,7.2,0.605643,matched
178,5.933333,218,7.266667,0.599909,matched
179,5.966667,220,7.333333,0.594176,matched
180,6.0,222,7.4,0.588442,matched
181,6.033333,223,7.433333,0.584037,matched
182,6.066667,223,7.433333,0.579632,matched
183,6.1,224,7.466667,0.575227,matched
184,6.133333,224,7.466667,0.570821,matched
185,6.166667,224,7.466667,0.566416,matched
186,6.2,225,7.5,0.562011,matched
187,6.233333,225,7.5,0.557606,matched
188,6.266667,226,7.533333,0.553201,matched
189,6.3,226,7.533333,0.548796,matched
190,6.333333,227,7.566667,0.54439,matched
191,6.366667,227,7.566667,0.539985,matched
192,6.4,228,7.6,0.53558,matched
193,6.433333,230,7.666667,0.524001,matched
194,6.466667,232,7.733333,0.512421,matched
195,6.5,234,7.8,0.500842,matched
196,6.533333,236,7.866667,0.489263,matched
197,6.566667,238,7.933333,0.477683,matched
198,6.6,240,8.0,0.466104,matched
199,6.633333,241,8.033333,0.477217,matched
200,6.666667,241,8.033333,0.488329,matched
201,6.7,241,8.033333,0.499442,matched
202,6.733333,242,8.066667,0.510554,matched
203,6.766667,242,8.066667,0.521667,matched
204,6.8,243,8.1,0.532779,matched
205,6.833333,243,8.1,0.543892,matched
206,6.866667,244,8.133333,0.555004,matched
207,6.9,244,8.133333,0.566116,matched
208,6.933333,245,8.166667,0.577229,matched
209,6.966667,245,8.166667,0.588341,matched
210,7.0,246,8.2,0.599454,matched
211,7.033333,248,8.266667,0.591285,matched
212,7.066667,250,8.333333,0.583115,matched
213,7.1,252,8.4,0.574946,matched
214,7.133333,254,8.466667,0.566777,matched
215,7.166667,256,8.533333,0.558607,matched
216,7.2,258,8.6,0.550438,matched
217,7.233333,260,8.666667,0.535224,matched
218,7.266667,262,8.733333,0.52001,matched
219,7.3,264,8.8,0.504796,matched
220,7.333333,266,8.866667,0.489583,matched
221,7.366667,268,8.933333,0.474369,matched
222,7.4,270,9.0,0.459155,matched
223,7.433333,272,9.066667,0.484153,matched
224,7.466667,274,9.133333,0.50915,matched
225,7.5,276,9.2,0.534148,matched
226,7.533333,278,9.266667,0.559146,matched
227,7.566667,280,9.333333,0.584143,matched
228,7.6,282,9.4,0.609141,matched
229,7.633333,284,9.466667,0.597795,matched
230,7.666667,286,9.533333,0.58645,matched
231,7.7,288,9.6,0.575104,matched
232,7.733333,290,9.666667,0.563758,matched
233,7.766667,292,9.733333,0.552413,matched
234,7.8,294,9.8,0.541067,matched
235,7.833333,296,9.866667,0.55679,matched
236,7.866667,298,9.933333,0.572514,matched
237,7.9,300,10.0,0.588237,matched
238,7.933333,302,10.066667,0.60396,matched
239,7.966667,304,10.133333,0.619684,matched
240,8.0,306,10.2,0.635407,matched
241,8.033333,308,10.266667,0.615904,matched
242,8.066667,310,10.333333,0.596402,matched
243,8.1,312,10.4,0.576899,matched
244,8.133333,314,10.466667,0.557396,matched
245,8.166667,316,10.533333,0.537894,matched
246,8.2,318,10.6,0.518391,matched
247,8.233333,320,10.666667,0.525139,matched
248,8.266667,322,10.733333,0.531887,matched
249,8.3,324,10.8,0.538635,matched
250,8.333333,326,10.866667,0.545382,matched
251,8.366667,328,10.933333,0.55213,matched
252,8.4,330,11.0,0.558878,matched
253,8.433333,332,11.066667,0.582399,matched
254,8.466667,334,11.133333,0.605919,matched
255,8.5,336,11.2,0.629439,matched
256,8.533333,338,11.266667,0.652959,matched
257,8.566667,340,11.333333,0.676479,matched
258,8.6,342,11.4,0.7,matched
259,8.633333,344,11.466667,0.678132,matched
260,8.666667,346,11.533333,0.656264,matched
261,8.7,348,11.6,0.634396,matched
262,8.733333,350,11.666667,0.612527,matched
263,8.766667,352,11.733333,0.590659,matched
264,8.8,354,11.8,0.568791,matched
265,8.833333,356,11.866667,0.578485,matched
266,8.866667,358,11.933333,0.588179,matched
267,8.9,360,12.0,0.597872,matched
268,8.933333,362,12.066667,0.607566,matched
269,8.966667,364,12.133333,0.61726,matched
270,9.0,366,12.2,0.626954,matched
271,9.033333,368,12.266667,0.608692,matched
272,9.066667,370,12.333333,0.59043,matched
273,9.1,372,12.4,0.572167,matched
274,9.133333,374,12.466667,0.553905,matched
275,9.166667,376,12.533333,0.535643,matched
276,9.2,378,12.6,0.517381,matched
277,9.233333,380,12.666667,0.527722,matched
278,9.266667,382,12.733333,0.538062,matched
279,9.3,384,12.8,0.548403,matched
280,9.333333,386,12.866667,0.558743,matched
281,9.366667,388,12.933333,0.569084,matched
282,9.4,390,13.0,0.579424,matched
283,9.433333,392,13.066667,0.568661,matched
284,9.466667,394,13.133333,0.557897,matched
285,9.5,396,13.2,0.547134,matched
286,9.533333,398,13.266667,0.536371,matched
287,9.566667,400,13.333333,0.525607,matched
288,9.6,402,13.4,0.514844,matched
289,9.633333,403,13.433333,0.509726,matched
290,9.666667,404,13.466667,0.504607,matched
291,9.7,405,13.5,0.499489,matched
292,9.733333,406,13.533333,0.494371,matched
293,9.766667,407,13.566667,0.489252,matched
294,9.8,408,13.6,0.484134,matched
295,9.833333,410,13.666667,0.498266,matched
296,9.866667,412,13.733333,0.512398,matched
297,9.9,414,13.8,0.52653,matched
298,9.933333,416,13.866667,0.540662,matched
299,9.966667,418,13.933333,0.554794,matched
300,10.0,420,14.0,0.568926,matched
301,10.033333,422,14.066667,0.500747,matched
302,10.066667,424,14.133333,0.432568,matched
303,10.1,426,14.2,0.364388,matched
304,10.133333,428,14.266667,0.296209,review
305,10.166667,430,14.333333,0.22803,review
306,10.2,432,14.4,0.159851,review
307,10.233333,432,14.4,0.158938,review
308,10.266667,433,14.433333,0.158026,review
309,10.3,433,14.433333,0.157113,review
310,10.333333,434,14.466667,0.156201,review
311,10.366667,434,14.466667,0.155288,review
312,10.4,435,14.5,0.154376,review
313,10.433333,435,14.5,0.153463,review
314,10.466667,436,14.533333,0.15255,review
315,10.5,437,14.566667,0.151638,review
316,10.533333,437,14.566667,0.150725,review
317,10.566667,438,14.6,0.149813,review
318,10.6,438,14.6,0.1489,review
319,10.633333,439,14.633333,0.158234,review
320,10.666667,439,14.633333,0.167569,review
321,10.7,440,14.666667,0.176904,review
322,10.733333,440,14.666667,0.186238,review
323,10.766667,441,14.7,0.195573,review
324,10.8,441,14.7,0.204907,review
325,10.833333,442,14.733333,0.214242,review
326,10.866667,442,14.733333,0.223577,review
327,10.9,443,14.766667,0.232911,review
328,10.933333,443,14.766667,0.242246,review
329,10.966667,444,14.8,0.25158,review
330,11.0,444,14.8,0.260915,review
331,11.033333,446,14.866667,0.224375,review
332,11.066667,448,14.933333,0.187835,review
333,11.1,450,15.0,0.151295,review
334,11.133333,452,15.066667,0.114755,review
335,11.166667,454,15.133333,0.078215,review
336,11.2,456,15.2,0.041675,review
337,11.233333,456,15.2,0.045695,review
338,11.266667,457,15.233333,0.049715,review
339,11.3,457,15.233333,0.053735,review
340,11.333333,458,15.266667,0.057755,review
341,11.366667,458,15.266667,0.061775,review
342,11.4,459,15.3,0.065795,review
343,11.433333,459,15.3,0.069815,review
344,11.466667,460,15.333333,0.073835,review
345,11.5,460,15.333333,0.077855,review
346,11.533333,461,15.366667,0.081875,review
347,11.566667,461,15.366667,0.085895,review
348,11.6,462,15.4,0.089915,review
349,11.633333,462,15.4,0.084036,review
350,11.666667,463,15.433333,0.078157,review
351,11.7,463,15.433333,0.072278,review
352,11.733333,464,15.466667,0.066398,review
353,11.766667,464,15.466667,0.060519,review
354,11.8,465,15.5,0.05464,review
355,11.833333,465,15.5,0.048761,review
356,11.866667,466,15.533333,0.042882,review
357,11.9,467,15.566667,0.037003,review
358,11.933333,467,15.566667,0.031123,review
359,11.966667,468,15.6,0.025244,review
360,12.0,468,15.6,0.019365,review
361,12.033333,469,15.633333,0.029967,review
362,12.066667,469,15.633333,0.040568,review
363,12.1,470,15.666667,0.05117,review
364,12.133333,470,15.666667,0.061771,review
365,12.166667,471,15.7,0.072373,review
366,12.2,471,15.7,0.082974,review
367,12.233333,472,15.733333,0.093576,review
368,12.266667,472,15.733333,0.104177,review
369,12.3,473,15.766667,0.114779,review
370,12.333333,473,15.766667,0.12538,review
371,12.366667,474,15.8,0.135982,review
372,12.4,474,15.8,0.146583,review
373,12.433333,475,15.833333,0.148725,review
374,12.466667,475,15.833333,0.150867,review
375,12.5,476,15.866667,0.153009,review
376,12.533333,476,15.866667,0.155151,review
377,12.566667,477,15.9,0.157293,review
378,12.6,477,15.9,0.159436,review
379,12.633333,478,15.933333,0.161578,review
380,12.666667,478,15.933333,0.16372,review
381,12.7,479,15.966667,0.165862,review
382,12.733333,479,15.966667,0.168004,review
383,12.766667,479,15.966667,0.170146,review
384,12.8,480,16.0,0.172288,review
385,12.833333,480,16.0,0.16283,review
386,12.866667,481,16.033333,0.153372,review
387,12.9,482,16.066667,0.143914,review
388,12.933333,482,16.066667,0.134456,review
389,12.966667,483,16.1,0.124998,review
390,13.0,483,16.1,0.11554,review
391,13.033333,484,16.133333,0.106082,review
392,13.066667,484,16.133333,0.096624,review
393,13.1,485,16.166667,0.087166,review
394,13.133333,485,16.166667,0.077708,review
395,13.166667,486,16.2,0.06825,review
396,13.2,486,16.2,0.058792,review
397,13.233333,487,16.233333,0.053893,review
398,13.266667,487,16.233333,0.048993,review
399,13.3,488,16.266667,0.044094,review
400,13.333333,488,16.266667,0.039195,review
401,13.366667,489,16.3,0.034295,review
402,13.4,489,16.3,0.029396,review
403,13.433333,490,16.333333,0.024497,review
404,13.466667,490,16.333333,0.019597,review
405,13.5,490,16.333333,0.014698,review
406,13.533333,491,16.366667,0.009799,review
407,13.566667,491,16.366667,0.004899,review
408,13.6,492,16.4,0.0,review
409,13.633333,492,16.4,0.0,review
410,13.666667,493,16.433333,0.0,review
411,13.7,493,16.433333,0.0,review
412,13.733333,494,16.466667,0.0,review
413,13.766667,494,16.466667,0.0,review
414,13.8,495,16.5,0.0,review
415,13.833333,495,16.5,0.0,review
416,13.866667,496,16.533333,0.0,review
417,13.9,497,16.566667,0.0,review
418,13.933333,497,16.566667,0.0,review
419,13.966667,498,16.6,0.0,review
420,14.0,498,16.6,0.0,review
421,14.033333,499,16.633333,0.003146,review
422,14.066667,499,16.633333,0.006293,review
423,14.1,500,16.666667,0.009439,review
424,14.133333,500,16.666667,0.012585,review
425,14.166667,500,16.666667,0.015732,review
426,14.2,501,16.7,0.018878,review
427,14.233333,501,16.7,0.022024,review
428,14.266667,502,16.733333,0.025171,review
429,14.3,502,16.733333,0.028317,review
430,14.333333,503,16.766667,0.031463,review
431,14.366667,503,16.766667,0.03461,review
432,14.4,504,16.8,0.037756,review
433,14.433333,506,16.866667,0.080311,review
434,14.466667,508,16.933333,0.122865,review
435,14.5,510,17.0,0.16542,review
436,14.533333,512,17.066667,0.207975,review
437,14.566667,514,17.133333,0.250529,review
438,14.6,516,17.2,0.293084,review
439,14.633333,518,17.266667,0.369927,matched
440,14.666667,520,17.333333,0.446771,matched
441,14.7,522,17.4,0.523615,matched
442,14.733333,524,17.466667,0.600459,matched
443,14.766667,526,17.533333,0.677303,matched
444,14.8,528,17.6,0.754147,matched
445,14.833333,530,17.666667,0.760415,matched
446,14.866667,532,17.733333,0.766683,matched
447,14.9,534,17.8,0.772951,matched
448,14.933333,536,17.866667,0.77922,matched
449,14.966667,538,17.933333,0.785488,matched
450,15.0,540,18.0,0.791756,matched
451,15.033333,542,18.066667,0.801319,matched
452,15.066667,544,18.133333,0.810883,matched
453,15.1,546,18.2,0.820447,matched
454,15.133333,548,18.266667,0.83001,matched
455,15.166667,550,18.333333,0.839574,matched
456,15.2,552,18.4,0.849137,matched
457,15.233333,552,18.4,0.822345,matched
458,15.266667,553,18.433333,0.795554,matched
459,15.3,553,18.433333,0.768763,matched
460,15.333333,554,18.466667,0.741971,matched
461,15.366667,554,18.466667,0.71518,matched
462,15.4,555,18.5,0.688389,matched
463,15.433333,555,18.5,0.661597,matched
464,15.466667,556,18.533333,0.634806,matched
465,15.5,557,18.566667,0.608014,matched
466,15.533333,557,18.566667,0.581223,matched
467,15.566667,558,18.6,0.554432,matched
468,15.6,558,18.6,0.52764,matched
469,15.633333,560,18.666667,0.537737,matched
470,15.666667,562,18.733333,0.547834,matched
471,15.7,564,18.8,0.557931,matched
472,15.733333,566,18.866667,0.568028,matched
473,15.766667,568,18.933333,0.578125,matched
474,15.8,570,19.0,0.588222,matched
475,15.833333,572,19.066667,0.621417,matched
476,15.866667,574,19.133333,0.654612,matched
477,15.9,576,19.2,0.687806,matched
478,15.933333,578,19.266667,0.721001,matched
479,15.966667,580,19.333333,0.754196,matched
480,16.0,582,19.4,0.787391,matched
481,16.033333,584,19.466667,0.746182,matched
482,16.066667,586,19.533333,0.704973,matched
483,16.1,588,19.6,0.663764,matched
484,16.133333,590,19.666667,0.622555,matched
485,16.166667,592,19.733333,0.581346,matched
486,16.2,594,19.8,0.540137,matched
487,16.233333,596,19.866667,0.522954,matched
488,16.266667,598,19.933333,0.505772,matched
489,16.3,600,20.0,0.48859,matched
490,16.333333,602,20.066667,0.471407,matched
491,16.366667,604,20.133333,0.454225,matched
492,16.4,606,20.2,0.437043,matched
493,16.433333,608,20.266667,0.427655,matched
494,16.466667,610,20.333333,0.418267,matched
495,16.5,612,20.4,0.40888,matched
496,16.533333,614,20.466667,0.399492,matched
497,16.566667,616,20.533333,0.390104,matched
498,16.6,618,20.6,0.380716,matched
499,16.633333,620,20.666667,0.371432,matched
500,16.666667,622,20.733333,0.362147,matched
501,16.7,624,20.8,0.352863,matched
502,16.733333,626,20.866667,0.343579,review
503,16.766667,628,20.933333,0.334294,review
504,16.8,630,21.0,0.32501,review
505,16.833333,632,21.066667,0.316679,review
506,16.866667,634,21.133333,0.308349,review
507,16.9,636,21.2,0.300018,review
508,16.933333,638,21.266667,0.291688,review
509,16.966667,640,21.333333,0.283357,review
510,17.0,642,21.4,0.275027,review
511,17.033333,644,21.466667,0.263431,review
512,17.066667,646,21.533333,0.251834,review
513,17.1,648,21.6,0.240238,review
514,17.133333,650,21.666667,0.228642,review
515,17.166667,652,21.733333,0.217046,review
516,17.2,654,21.8,0.205449,review
517,17.233333,656,21.866667,0.237676,review
518,17.266667,658,21.933333,0.269905,review
519,17.3,660,22.0,0.302133,review
520,17.333333,662,22.066667,0.334361,review
521,17.366667,664,22.133333,0.366589,matched
522,17.4,666,22.2,0.398817,matched
523,17.433333,668,22.266667,0.358239,matched
524,17.466667,670,22.333333,0.317662,review
525,17.5,672,22.4,0.277085,review
526,17.533333,674,22.466667,0.236508,review
527,17.566667,676,22.533333,0.195931,review
528,17.6,678,22.6,0.155353,review
529,17.633333,680,22.666667,0.195707,review
530,17.666667,682,22.733333,0.236062,review
531,17.7,684,22.8,0.276417,review
532,17.733333,686,22.866667,0.316771,review
533,17.766667,688,22.933333,0.357126,matched
534,17.8,690,23.0,0.39748,matched
535,17.833333,692,23.066667,0.389001,matched
536,17.866667,694,23.133333,0.380522,matched
537,17.9,696,23.2,0.372043,matched
538,17.933333,698,23.266667,0.363564,matched
539,17.966667,700,23.333333,0.355085,matched
540,18.0,702,23.4,0.346606,review
541,18.033333,704,23.466667,0.364292,matched
542,18.066667,706,23.533333,0.381977,matched
543,18.1,708,23.6,0.399663,matched
544,18.133333,710,23.666667,0.417348,matched
545,18.166667,712,23.733333,0.435034,matched
546,18.2,714,23.8,0.45272,matched
547,18.233333,714,23.8,0.439121,matched
548,18.266667,715,23.833333,0.425522,matched
549,18.3,715,23.833333,0.411922,matched
550,18.333333,716,23.866667,0.398323,matched
551,18.366667,716,23.866667,0.384724,matched
552,18.4,717,23.9,0.371124,matched
553,18.433333,717,23.9,0.357525,matched
554,18.466667,718,23.933333,0.343926,review
555,18.5,718,23.933333,0.330326,review
556,18.533333,719,23.966667,0.316727,review
557,18.566667,719,23.966667,0.303128,review
558,18.6,720,24.0,0.289528,review
559,18.633333,722,24.066667,0.332633,review
560,18.666667,724,24.133333,0.375739,matched
561,18.7,726,24.2,0.418844,matched
562,18.733333,728,24.266667,0.46195,matched
563,18.766667,730,24.333333,0.505055,matched
564,18.8,732,24.4,0.54816,matched
565,18.833333,732,24.4,0.535858,matched
566,18.866667,733,24.433333,0.523556,matched
567,18.9,734,24.466667,0.511255,matched
568,18.933333,734,24.466667,0.498953,matched
569,18.966667,734,24.466667,0.486651,matched
570,19.0,735,24.5,0.47435,matched
571,19.033333,736,24.533333,0.462048,matched
572,19.066667,736,24.533333,0.449746,matched
573,19.1,736,24.533333,0.437444,matched
574,19.133333,737,24.566667,0.425143,matched
575,19.166667,738,24.6,0.412841,matched
576,19.2,738,24.6,0.400539,matched
577,19.233333,740,24.666667,0.40568,matched
578,19.266667,742,24.733333,0.410822,matched
579,19.3,744,24.8,0.415963,matched
580,19.333333,746,24.866667,0.421105,matched
581,19.366667,748,24.933333,0.426247,matched
582,19.4,750,25.0,0.431388,matched
583,19.433333,751,25.033333,0.407926,matched
584,19.466667,751,25.033333,0.384464,matched
585,19.5,752,25.066667,0.361002,matched
586,19.533333,752,25.066667,0.33754,review
587,19.566667,753,25.1,0.314078,review
588,19.6,753,25.1,0.290617,review
589,19.633333,754,25.133333,0.267155,review
590,19.666667,754,25.133333,0.243693,review
591,19.7,755,25.166667,0.220231,review
592,19.733333,755,25.166667,0.196769,review
593,19.766667,756,25.2,0.173307,review
594,19.8,756,25.2,0.149847,review
595,19.833333,757,25.233333,0.185434,review
596,19.866667,757,25.233333,0.221021,review
597,19.9,758,25.266667,0.256609,review
598,19.933333,758,25.266667,0.292196,review
599,19.966667,759,25.3,0.327783,review
600,20.0,759,25.3,0.363371,matched
601,20.033333,760,25.333333,0.398958,matched
602,20.066667,760,25.333333,0.434545,matched
603,20.1,760,25.333333,0.470132,matched
604,20.133333,761,25.366667,0.50572,matched
605,20.166667,761,25.366667,0.541307,matched
606,20.2,762,25.4,0.576894,matched
607,20.233333,762,25.4,0.576044,matched
608,20.266667,763,25.433333,0.575194,matched
609,20.3,763,25.433333,0.574343,matched
610,20.333333,764,25.466667,0.573492,matched
611,20.366667,764,25.466667,0.572642,matched
612,20.4,765,25.5,0.571791,matched
613,20.433333,765,25.5,0.57094,matched
614,20.466667,766,25.533333,0.57009,matched
615,20.5,766,25.533333,0.569239,matched
616,20.533333,767,25.566667,0.568388,matched
617,20.566667,768,25.6,0.567538,matched
618,20.6,768,25.6,0.566687,matched
619,20.633333,769,25.633333,0.558801,matched
620,20.666667,769,25.633333,0.550914,matched
621,20.7,769,25.633333,0.543028,matched
622,20.733333,770,25.666667,0.535141,matched
623,20.766667,770,25.666667,0.527255,matched
624,20.8,771,25.7,0.519369,matched
625,20.833333,771,25.7,0.511482,matched
626,20.866667,772,25.733333,0.503596,matched
627,20.9,772,25.733333,0.495709,matched
628,20.933333,773,25.766667,0.487823,matched
629,20.966667,773,25.766667,0.479936,matched
630,21.0,774,25.8,0.47205,matched
631,21.033333,776,25.866667,0.505364,matched
632,21.066667,778,25.933333,0.538678,matched
633,21.1,780,26.0,0.571993,matched
634,21.133333,782,26.066667,0.605307,matched
635,21.166667,784,26.133333,0.638621,matched
636,21.2,786,26.2,0.671935,matched
637,21.233333,788,26.266667,0.662079,matched
638,21.266667,790,26.333333,0.652221,matched
639,21.3,792,26.4,0.642364,matched
640,21.333333,794,26.466667,0.632506,matched
641,21.366667,796,26.533333,0.622648,matched
642,21.4,798,26.6,0.612791,matched
643,21.433333,800,26.666667,0.606051,matched
644,21.466667,802,26.733333,0.599312,matched
645,21.5,804,26.8,0.592573,matched
646,21.533333,806,26.866667,0.585833,matched
647,21.566667,808,26.933333,0.579094,matched
648,21.6,810,27.0,0.572354,matched
649,21.633333,812,27.066667,0.522636,matched
650,21.666667,814,27.133333,0.472918,matched
651,21.7,816,27.2,0.423199,matched
652,21.733333,818,27.266667,0.373481,matched
653,21.766667,820,27.333333,0.323762,review
654,21.8,822,27.4,0.274046,review
655,21.833333,824,27.466667,0.305166,review
656,21.866667,826,27.533333,0.336287,review
657,21.9,828,27.6,0.367407,matched
658,21.933333,830,27.666667,0.398528,matched
659,21.966667,832,27.733333,0.429648,matched
660,22.0,834,27.8,0.460769,matched
661,22.033333,835,27.833333,0.468397,matched
662,22.066667,836,27.866667,0.476024,matched
663,22.1,837,27.9,0.483652,matched
664,22.133333,838,27.933333,0.49128,matched
665,22.166667,839,27.966667,0.498907,matched
666,22.2,840,28.0,0.506535,matched
667,22.233333,842,28.066667,0.470127,matched
668,22.266667,844,28.133333,0.433718,matched
669,22.3,846,28.2,0.397309,matched
670,22.333333,848,28.266667,0.3609,matched
671,22.366667,850,28.333333,0.324491,review
672,22.4,852,28.4,0.288082,review
673,22.433333,852,28.4,0.308319,review
674,22.466667,853,28.433333,0.328556,review
675,22.5,854,28.466667,0.348792,review
676,22.533333,854,28.466667,0.369029,matched
677,22.566667,855,28.5,0.389266,matched
678,22.6,855,28.5,0.409502,matched
679,22.633333,856,28.533333,0.429739,matched
680,22.666667,856,28.533333,0.449976,matched
681,22.7,857,28.566667,0.470212,matched
682,22.733333,857,28.566667,0.490449,matched
683,22.766667,858,28.6,0.510686,matched
684,22.8,858,28.6,0.530921,matched
685,22.833333,860,28.666667,0.502159,matched
686,22.866667,862,28.733333,0.473396,matched
687,22.9,864,28.8,0.444634,matched
688,22.933333,866,28.866667,0.415871,matched
689,22.966667,868,28.933333,0.387109,matched
690,23.0,870,29.0,0.358346,matched
691,23.033333,871,29.033333,0.365915,matched
692,23.066667,871,29.033333,0.373484,matched
693,23.1,872,29.066667,0.381053,matched
694,23.133333,872,29.066667,0.388621,matched
695,23.166667,873,29.1,0.39619,matched
696,23.2,873,29.1,0.403759,matched
697,23.233333,874,29.133333,0.411328,matched
698,23.266667,874,29.133333,0.418897,matched
699,23.3,875,29.166667,0.426466,matched
700,23.333333,875,29.166667,0.434034,matched
701,23.366667,876,29.2,0.441603,matched
702,23.4,876,29.2,0.449172,matched
703,23.433333,877,29.233333,0.445095,matched
704,23.466667,877,29.233333,0.441019,matched
705,23.5,878,29.266667,0.436942,matched
706,23.533333,878,29.266667,0.432866,matched
707,23.566667,879,29.3,0.428789,matched
708,23.6,879,29.3,0.424712,matched
709,23.633333,880,29.333333,0.420636,matched
710,23.666667,880,29.333333,0.416559,matched
711,23.7,881,29.366667,0.412483,matched
712,23.733333,881,29.366667,0.408406,matched
713,23.766667,882,29.4,0.404329,matched
714,23.8,882,29.4,0.400252,matched
715,23.833333,884,29.466667,0.371312,matched
716,23.866667,886,29.533333,0.342372,review
717,23.9,888,29.6,0.313432,review
718,23.933333,890,29.666667,0.284491,review
719,23.966667,892,29.733333,0.255551,review
720,24.0,894,29.8,0.226611,review
721,24.033333,896,29.866667,0.251995,review
722,24.066667,898,29.933333,0.277378,review
723,24.1,900,30.0,0.302762,review
724,24.133333,902,30.066667,0.328146,review
725,24.166667,904,30.133333,0.35353,matched
726,24.2,906,30.2,0.378913,matched
727,24.233333,907,30.233333,0.3856,matched
728,24.266667,907,30.233333,0.392285,matched
729,24.3,908,30.266667,0.398971,matched
730,24.333333,908,30.266667,0.405657,matched
731,24.366667,908,30.266667,0.412342,matched
732,24.4,909,30.3,0.419028,matched
733,24.433333,909,30.3,0.425714,matched
734,24.466667,910,30.333333,0.432399,matched
735,24.5,910,30.333333,0.439085,matched
736,24.533333,911,30.366667,0.445771,matched
737,24.566667,911,30.366667,0.452456,matched
738,24.6,912,30.4,0.459142,matched
739,24.633333,914,30.466667,0.458181,matched
740,24.666667,916,30.533333,0.45722,matched
741,24.7,918,30.6,0.456259,matched
742,24.733333,920,30.666667,0.455298,matched
743,24.766667,922,30.733333,0.454337,matched
744,24.8,924,30.8,0.453374,matched
745,24.833333,926,30.866667,0.377812,matched
746,24.866667,928,30.933333,0.30225,review
747,24.9,930,31.0,0.226687,review
748,24.933333,932,31.066667,0.151125,review
749,24.966667,934,31.133333,0.075562,review
750,25.0,936,31.2,0.0,review
751,25.033333,938,31.266667,0.017808,review
752,25.066667,940,31.333333,0.035616,review
753,25.1,942,31.4,0.053423,review
754,25.133333,944,31.466667,0.071231,review
755,25.166667,946,31.533333,0.089039,review
756,25.2,948,31.6,0.106847,review
757,25.233333,950,31.666667,0.169212,review
758,25.266667,952,31.733333,0.231579,review
759,25.3,954,31.8,0.293946,review
760,25.333333,956,31.866667,0.356312,matched
761,25.366667,958,31.933333,0.418679,matched
762,25.4,960,32.0,0.481045,matched
763,25.433333,962,32.066667,0.454563,matched
764,25.466667,964,32.133333,0.428081,matched
765,25.5,966,32.2,0.401598,matched
766,25.533333,968,32.266667,0.375116,matched
767,25.566667,970,32.333333,0.348634,review
768,25.6,972,32.4,0.322152,review
769,25.633333,973,32.433333,0.33392,review
770,25.666667,973,32.433333,0.345689,review
771,25.7,974,32.466667,0.357458,matched
772,25.733333,974,32.466667,0.369226,matched
773,25.766667,975,32.5,0.380995,matched
774,25.8,975,32.5,0.392763,matched
775,25.833333,975,32.5,0.404532,matched
776,25.866667,976,32.533333,0.416301,matched
777,25.9,976,32.533333,0.428069,matched
778,25.933333,977,32.566667,0.439838,matched
779,25.966667,977,32.566667,0.451606,matched
780,26.0,978,32.6,0.463375,matched
781,26.033333,980,32.666667,0.441701,matched
782,26.066667,982,32.733333,0.420027,matched
783,26.1,984,32.8,0.398353,matched
784,26.133333,986,32.866667,0.376679,matched
785,26.166667,988,32.933333,0.355005,matched
786,26.2,990,33.0,0.333331,review
787,26.233333,992,33.066667,0.326192,review
788,26.266667,994,33.133333,0.319054,review
789,26.3,996,33.2,0.311916,review
790,26.333333,998,33.266667,0.304777,review
791,26.366667,1000,33.333333,0.297639,review
792,26.4,1002,33.4,0.290501,review
793,26.433333,1004,33.466667,0.297103,review
794,26.466667,1006,33.533333,0.303704,review
795,26.5,1008,33.6,0.310306,review
796,26.533333,1010,33.666667,0.316907,review
797,26.566667,1012,33.733333,0.323508,review
798,26.6,1014,33.8,0.33011,review
799,26.633333,1016,33.866667,0.336464,review
800,26.666667,1018,33.933333,0.342817,review
801,26.7,1020,34.0,0.349171,review
802,26.733333,1022,34.066667,0.355525,matched
803,26.766667,1024,34.133333,0.361878,matched
804,26.8,1026,34.2,0.368232,matched
805,26.833333,1028,34.266667,0.373281,matched
806,26.866667,1030,34.333333,0.37833,matched
807,26.9,1032,34.4,0.383379,matched
808,26.933333,1034,34.466667,0.388427,matched
809,26.966667,1036,34.533333,0.393476,matched
810,27.0,1038,34.6,0.398525,matched
811,27.033333,1040,34.666667,0.389684,matched
812,27.066667,1042,34.733333,0.380843,matched
813,27.1,1044,34.8,0.372002,matched
814,27.133333,1046,34.866667,0.36316,matched
815,27.166667,1048,34.933333,0.354319,matched
816,27.2,1050,35.0,0.345478,review
817,27.233333,1052,35.066667,0.333869,review
818,27.266667,1054,35.133333,0.32226,review
819,27.3,1056,35.2,0.310651,review
820,27.333333,1058,35.266667,0.299042,review
821,27.366667,1060,35.333333,0.287433,review
822,27.4,1062,35.4,0.275824,review
823,27.433333,1063,35.433333,0.258025,review
824,27.466667,1063,35.433333,0.240225,review
825,27.5,1064,35.466667,0.222426,review
826,27.533333,1064,35.466667,0.204627,review
827,27.566667,1065,35.5,0.186828,review
828,27.6,1065,35.5,0.169029,review
829,27.633333,1066,35.533333,0.15123,review
830,27.666667,1066,35.533333,0.13343,review
831,27.7,1066,35.533333,0.115631,review
832,27.733333,1067,35.566667,0.097832,review
833,27.766667,1067,35.566667,0.080033,review
834,27.8,1068,35.6,0.062235,review
835,27.833333,1068,35.6,0.086622,review
836,27.866667,1069,35.633333,0.11101,review
837,27.9,1069,35.633333,0.135397,review
838,27.933333,1070,35.666667,0.159785,review
839,27.966667,1070,35.666667,0.184172,review
840,28.0,1071,35.7,0.20856,review
841,28.033333,1071,35.7,0.232948,review
842,28.066667,1072,35.733333,0.257335,review
843,28.1,1072,35.733333,0.281723,review
844,28.133333,1073,35.766667,0.30611,review
845,28.166667,1073,35.766667,0.330498,review
846,28.2,1074,35.8,0.354885,matched
847,28.233333,1076,35.866667,0.350886,matched
848,28.266667,1078,35.933333,0.346887,review
849,28.3,1080,36.0,0.342887,review
850,28.333333,1082,36.066667,0.338887,review
851,28.366667,1084,36.133333,0.334888,review
852,28.4,1086,36.2,0.330888,review
853,28.433333,1088,36.266667,0.330138,review
854,28.466667,1090,36.333333,0.329389,review
855,28.5,1092,36.4,0.328639,review
856,28.533333,1094,36.466667,0.327889,review
857,28.566667,1096,36.533333,0.32714,review
858,28.6,1098,36.6,0.32639,review
859,28.633333,1100,36.666667,0.345264,review
860,28.666667,1102,36.733333,0.364137,matched
861,28.7,1104,36.8,0.383011,matched
862,28.733333,1106,36.866667,0.401885,matched
863,28.766667,1108,36.933333,0.420759,matched
864,28.8,1110,37.0,0.439632,matched
865,28.833333,1111,37.033333,0.427683,matched
866,28.866667,1111,37.033333,0.415734,matched
867,28.9,1112,37.066667,0.403785,matched
868,28.933333,1112,37.066667,0.391836,matched
869,28.966667,1113,37.1,0.379887,matched
870,29.0,1113,37.1,0.367939,matched
871,29.033333,1114,37.133333,0.35599,matched
872,29.066667,1114,37.133333,0.344041,review
873,29.1,1115,37.166667,0.332092,review
874,29.133333,1115,37.166667,0.320143,review
875,29.166667,1116,37.2,0.308194,review
876,29.2,1116,37.2,0.296245,review
877,29.233333,1118,37.266667,0.295322,review
878,29.266667,1120,37.333333,0.294399,review
879,29.3,1122,37.4,0.293476,review
880,29.333333,1124,37.466667,0.292552,review
881,29.366667,1126,37.533333,0.291629,review
882,29.4,1128,37.6,0.290706,review
883,29.433333,1130,37.666667,0.298831,review
884,29.466667,1132,37.733333,0.306957,review
885,29.5,1134,37.8,0.315082,review
886,29.533333,1136,37.866667,0.323207,review
887,29.566667,1138,37.933333,0.331333,review
888,29.6,1140,38.0,0.339458,review
889,29.633333,1140,38.0,0.325663,review
890,29.666667,1141,38.033333,0.311867,review
891,29.7,1142,38.066667,0.298071,review
892,29.733333,1142,38.066667,0.284276,review
893,29.766667,1143,38.1,0.27048,review
894,29.8,1143,38.1,0.256685,review
895,29.833333,1144,38.133333,0.242889,review
896,29.866667,1144,38.133333,0.229093,review
897,29.9,1145,38.166667,0.215298,review
898,29.933333,1145,38.166667,0.201502,review
899,29.966667,1146,38.2,0.187707,review
900,30.0,1146,38.2,0.173911,review
901,30.033333,1147,38.233333,0.185942,review
902,30.066667,1147,38.233333,0.197972,review
903,30.1,1148,38.266667,0.210003,review
904,30.133333,1148,38.266667,0.222034,review
905,30.166667,1149,38.3,0.234064,review
906,30.2,1149,38.3,0.246095,review
907,30.233333,1150,38.333333,0.258126,review
908,30.266667,1150,38.333333,0.270156,review
909,30.3,1151,38.366667,0.282187,review
910,30.333333,1151,38.366667,0.294218,review
911,30.366667,1152,38.4,0.306248,review
912,30.4,1152,38.4,0.318279,review
913,30.433333,1153,38.433333,0.314474,review
914,30.466667,1153,38.433333,0.31067,review
915,30.5,1154,38.466667,0.306865,review
916,30.533333,1154,38.466667,0.30306,review
917,30.566667,1155,38.5,0.299256,review
918,30.6,1155,38.5,0.295451,review
919,30.633333,1156,38.533333,0.291646,review
920,30.666667,1156,38.533333,0.287842,review
921,30.7,1156,38.533333,0.284037,review
922,30.733333,1157,38.566667,0.280232,review
923,30.766667,1157,38.566667,0.276428,review
924,30.8,1158,38.6,0.272623,review
925,30.833333,1160,38.666667,0.272405,review
926,30.866667,1162,38.733333,0.272187,review
927,30.9,1164,38.8,0.271968,review
928,30.933333,1166,38.866667,0.27175,review
929,30.966667,1168,38.933333,0.271532,review
930,31.0,1170,39.0,0.271314,review
931,31.033333,1172,39.066667,0.289895,review
932,31.066667,1174,39.133333,0.308477,review
933,31.1,1176,39.2,0.327058,review
934,31.133333,1178,39.266667,0.34564,review
935,31.166667,1180,39.333333,0.364221,matched
936,31.2,1182,39.4,0.382803,matched
937,31.233333,1183,39.433333,0.396767,matched
938,31.266667,1183,39.433333,0.410731,matched
939,31.3,1184,39.466667,0.424695,matched
940,31.333333,1184,39.466667,0.438659,matched
941,31.366667,1184,39.466667,0.452624,matched
942,31.4,1185,39.5,0.466588,matched
943,31.433333,1185,39.5,0.480552,matched
944,31.466667,1186,39.533333,0.494516,matched
945,31.5,1186,39.533333,0.50848,matched
946,31.533333,1187,39.566667,0.522444,matched
947,31.566667,1187,39.566667,0.536409,matched
948,31.6,1188,39.6,0.550373,matched
949,31.633333,1190,39.666667,0.566097,matched
950,31.666667,1192,39.733333,0.581821,matched
951,31.7,1194,39.8,0.597545,matched
952,31.733333,1196,39.866667,0.613269,matched
953,31.766667,1198,39.933333,0.628992,matched
954,31.8,1200,40.0,0.644716,matched
955,31.833333,1201,40.033333,0.632398,matched
956,31.866667,1201,40.033333,0.62008,matched
957,31.9,1202,40.066667,0.607762,matched
958,31.933333,1202,40.066667,0.595445,matched
959,31.966667,1203,40.1,0.583127,matched
960,32.0,1203,40.1,0.570809,matched
961,32.033333,1204,40.133333,0.558491,matched
962,32.066667,1204,40.133333,0.546173,matched
963,32.1,1205,40.166667,0.533856,matched
964,32.133333,1205,40.166667,0.521538,matched
965,32.166667,1206,40.2,0.50922,matched
966,32.2,1206,40.2,0.496902,matched
967,32.233333,1208,40.266667,0.493678,matched
968,32.266667,1210,40.333333,0.490454,matched
969,32.3,1212,40.4,0.48723,matched
970,32.333333,1214,40.466667,0.484005,matched
971,32.366667,1216,40.533333,0.480781,matched
972,32.4,1218,40.6,0.477557,matched
973,32.433333,1220,40.666667,0.45446,matched
974,32.466667,1222,40.733333,0.431362,matched
975,32.5,1224,40.8,0.408264,matched
976,32.533333,1226,40.866667,0.385165,matched
977,32.566667,1228,40.933333,0.362067,matched
978,32.6,1230,41.0,0.338969,review
979,32.633333,1232,41.066667,0.324458,review
980,32.666667,1234,41.133333,0.309946,review
981,32.7,1236,41.2,0.295434,review
982,32.733333,1238,41.266667,0.280923,review
983,32.766667,1240,41.333333,0.266411,review
984,32.8,1242,41.4,0.2519,review
985,32.833333,1244,41.466667,0.26537,review
986,32.866667,1246,41.533333,0.278839,review
987,32.9,1248,41.6,0.292308,review
988,32.933333,1250,41.666667,0.305777,review
989,32.966667,1252,41.733333,0.319247,review
990,33.0,1254,41.8,0.332716,review
991,33.033333,1256,41.866667,0.299643,review
992,33.066667,1258,41.933333,0.266571,review
993,33.1,1260,42.0,0.233498,review
994,33.133333,1262,42.066667,0.200426,review
995,33.166667,1264,42.133333,0.167353,review
996,33.2,1266,42.2,0.134281,review
997,33.233333,1268,42.266667,0.172062,review
998,33.266667,1270,42.333333,0.209845,review
999,33.3,1272,42.4,0.247628,review
1000,33.333333,1274,42.466667,0.285411,review
1001,33.366667,1276,42.533333,0.323194,review
1002,33.4,1278,42.6,0.360977,matched
1003,33.433333,1280,42.666667,0.320529,review
1004,33.466667,1282,42.733333,0.280078,review
1005,33.5,1284,42.8,0.239626,review
1006,33.533333,1286,42.866667,0.199174,review
1007,33.566667,1288,42.933333,0.158723,review
1008,33.6,1290,43.0,0.118274,review
1009,33.633333,1292,43.066667,0.143648,review
1010,33.666667,1294,43.133333,0.169022,review
1011,33.7,1296,43.2,0.194396,review
1012,33.733333,1298,43.266667,0.21977,review
1013,33.766667,1300,43.333333,0.245144,review
1014,33.8,1302,43.4,0.270517,review
1015,33.833333,1304,43.466667,0.290585,review
1016,33.866667,1306,43.533333,0.310653,review
1017,33.9,1308,43.6,0.330721,review
1018,33.933333,1310,43.666667,0.350788,matched
1019,33.966667,1312,43.733333,0.370856,matched
1020,34.0,1314,43.8,0.390924,matched
1021,34.033333,1316,43.866667,0.388764,matched
1022,34.066667,1318,43.933333,0.386603,matched
1023,34.1,1320,44.0,0.384443,matched
1024,34.133333,1322,44.066667,0.382283,matched
1025,34.166667,1324,44.133333,0.380122,matched
1026,34.2,1326,44.2,0.377962,matched
1027,34.233333,1328,44.266667,0.390371,matched
1028,34.266667,1330,44.333333,0.402781,matched
1029,34.3,1332,44.4,0.41519,matched
1030,34.333333,1334,44.466667,0.4276,matched
1031,34.366667,1336,44.533333,0.440009,matched
1032,34.4,1338,44.6,0.452418,matched
1033,34.433333,1340,44.666667,0.4526,matched
1034,34.466667,1342,44.733333,0.452782,matched
1035,34.5,1344,44.8,0.452963,matched
1036,34.533333,1346,44.866667,0.453144,matched
1037,34.566667,1348,44.933333,0.453326,matched
1038,34.6,1350,45.0,0.453506,matched
1039,34.633333,1352,45.066667,0.439734,matched
1040,34.666667,1354,45.133333,0.425962,matched
1041,34.7,1356,45.2,0.412191,matched
1042,34.733333,1358,45.266667,0.398419,matched
1043,34.766667,1360,45.333333,0.384647,matched
1044,34.8,1362,45.4,0.370875,matched
1045,34.833333,1363,45.433333,0.389452,matched
1046,34.866667,1363,45.433333,0.408028,matched
1047,34.9,1364,45.466667,0.426604,matched
1048,34.933333,1364,45.466667,0.44518,matched
1049,34.966667,1365,45.5,0.463757,matched
1050,35.0,1365,45.5,0.482333,matched
1051,35.033333,1365,45.5,0.500909,matched
1052,35.066667,1366,45.533333,0.519486,matched
1053,35.1,1366,45.533333,0.538062,matched
1054,35.133333,1367,45.566667,0.556638,matched
1055,35.166667,1367,45.566667,0.575214,matched
1056,35.2,1368,45.6,0.593791,matched
1057,35.233333,1368,45.6,0.57504,matched
1058,35.266667,1369,45.633333,0.556289,matched
1059,35.3,1369,45.633333,0.537538,matched
1060,35.333333,1370,45.666667,0.518787,matched
1061,35.366667,1370,45.666667,0.500036,matched
1062,35.4,1371,45.7,0.481285,matched
1063,35.433333,1371,45.7,0.462534,matched
1064,35.466667,1372,45.733333,0.443783,matched
1065,35.5,1372,45.733333,0.425032,matched
1066,35.533333,1373,45.766667,0.406281,matched
1067,35.566667,1373,45.766667,0.38753,matched
1068,35.6,1374,45.8,0.368781,matched
1069,35.633333,1376,45.866667,0.385878,matched
1070,35.666667,1378,45.933333,0.402976,matched
1071,35.7,1380,46.0,0.420074,matched
1072,35.733333,1382,46.066667,0.437171,matched
1073,35.766667,1384,46.133333,0.454269,matched
1074,35.8,1386,46.2,0.471366,matched
1075,35.833333,1387,46.233333,0.482611,matched
1076,35.866667,1387,46.233333,0.493855,matched
1077,35.9,1388,46.266667,0.505099,matched
1078,35.933333,1388,46.266667,0.516343,matched
1079,35.966667,1389,46.3,0.527588,matched
1080,36.0,1389,46.3,0.538832,matched
1081,36.033333,1390,46.333333,0.550076,matched
1082,36.066667,1390,46.333333,0.561321,matched
1083,36.1,1391,46.366667,0.572565,matched
1084,36.133333,1391,46.366667,0.583809,matched
1085,36.166667,1392,46.4,0.595053,matched
1086,36.2,1392,46.4,0.606298,matched
1087,36.233333,1393,46.433333,0.60416,matched
1088,36.266667,1393,46.433333,0.602022,matched
1089,36.3,1394,46.466667,0.599884,matched
1090,36.333333,1394,46.466667,0.597746,matched
1091,36.366667,1395,46.5,0.595608,matched
1092,36.4,1395,46.5,0.59347,matched
1093,36.433333,1396,46.533333,0.591332,matched
1094,36.466667,1396,46.533333,0.589194,matched
1095,36.5,1396,46.533333,0.587056,matched
1096,36.533333,1397,46.566667,0.584918,matched
1097,36.566667,1397,46.566667,0.58278,matched
1098,36.6,1398,46.6,0.580641,matched
1099,36.633333,1400,46.666667,0.569547,matched
1100,36.666667,1402,46.733333,0.558452,matched
1101,36.7,1404,46.8,0.547357,matched
1102,36.733333,1406,46.866667,0.536262,matched
1103,36.766667,1408,46.933333,0.525168,matched
1104,36.8,1410,47.0,0.514073,matched
1105,36.833333,1412,47.066667,0.52967,matched
1106,36.866667,1414,47.133333,0.545266,matched
1107,36.9,1416,47.2,0.560862,matched
1108,36.933333,1418,47.266667,0.576458,matched
1109,36.966667,1420,47.333333,0.592055,matched
1110,37.0,1422,47.4,0.607651,matched
1111,37.033333,1424,47.466667,0.603415,matched
1112,37.066667,1426,47.533333,0.599179,matched
1113,37.1,1428,47.6,0.594944,matched
1114,37.133333,1430,47.666667,0.590708,matched
1115,37.166667,1432,47.733333,0.586472,matched
1116,37.2,1434,47.8,0.582236,matched
1117,37.233333,1434,47.8,0.574392,matched
1118,37.266667,1435,47.833333,0.566547,matched
1119,37.3,1435,47.833333,0.558703,matched
1120,37.333333,1436,47.866667,0.550859,matched
1121,37.366667,1436,47.866667,0.543014,matched
1122,37.4,1437,47.9,0.53517,matched
1123,37.433333,1437,47.9,0.527326,matched
1124,37.466667,1438,47.933333,0.519481,matched
1125,37.5,1439,47.966667,0.511637,matched
1126,37.533333,1439,47.966667,0.503792,matched
1127,37.566667,1440,48.0,0.495948,matched
1128,37.6,1440,48.0,0.488104,matched
1129,37.633333,1442,48.066667,0.483403,matched
1130,37.666667,1444,48.133333,0.478702,matched
1131,37.7,1446,48.2,0.474002,matched
1132,37.733333,1448,48.266667,0.469301,matched
1133,37.766667,1450,48.333333,0.464601,matched
1134,37.8,1452,48.4,0.459901,matched
1135,37.833333,1454,48.466667,0.487226,matched
1136,37.866667,1456,48.533333,0.514551,matched
1137,37.9,1458,48.6,0.541876,matched
1138,37.933333,1460,48.666667,0.569202,matched
1139,37.966667,1462,48.733333,0.596527,matched
1140,38.0,1464,48.8,0.623852,matched
1141,38.033333,1466,48.866667,0.614234,matched
1142,38.066667,1468,48.933333,0.604615,matched
1143,38.1,1470,49.0,0.594997,matched
1144,38.133333,1472,49.066667,0.585379,matched
1145,38.166667,1474,49.133333,0.575761,matched
1146,38.2,1476,49.2,0.566142,matched
1147,38.233333,1478,49.266667,0.57185,matched
1148,38.266667,1480,49.333333,0.577557,matched
1149,38.3,1482,49.4,0.583265,matched
1150,38.333333,1484,49.466667,0.588972,matched
1151,38.366667,1486,49.533333,0.59468,matched
1152,38.4,1488,49.6,0.600388,matched
1153,38.433333,1488,49.6,0.598262,matched
1154,38.466667,1489,49.633333,0.596136,matched
1155,38.5,1489,49.633333,0.59401,matched
1156,38.533333,1490,49.666667,0.591883,matched
1157,38.566667,1490,49.666667,0.589757,matched
1158,38.6,1491,49.7,0.587631,matched
1159,38.633333,1491,49.7,0.585505,matched
1160,38.666667,1492,49.733333,0.583379,matched
1161,38.7,1492,49.733333,0.581252,matched
1162,38.733333,1493,49.766667,0.579126,matched
1163,38.766667,1493,49.766667,0.577,matched
1164,38.8,1494,49.8,0.574874,matched
1165,38.833333,1494,49.8,0.590875,matched
1166,38.866667,1495,49.833333,0.606876,matched
1167,38.9,1495,49.833333,0.622877,matched
1168,38.933333,1496,49.866667,0.638878,matched
1169,38.966667,1496,49.866667,0.654879,matched
1170,39.0,1497,49.9,0.670879,matched
1171,39.033333,1497,49.9,0.68688,matched
1172,39.066667,1498,49.933333,0.702881,matched
1173,39.1,1498,49.933333,0.718882,matched
1174,39.133333,1499,49.966667,0.734883,matched
1175,39.166667,1499,49.966667,0.750884,matched
1176,39.2,1500,50.0,0.766885,matched
1177,39.233333,1502,50.066667,0.738236,matched
1178,39.266667,1504,50.133333,0.709586,matched
1179,39.3,1506,50.2,0.680936,matched
1180,39.333333,1508,50.266667,0.652286,matched
1181,39.366667,1510,50.333333,0.623636,matched
1182,39.4,1512,50.4,0.594986,matched
1183,39.433333,1513,50.433333,0.605404,matched
1184,39.466667,1513,50.433333,0.615823,matched
1185,39.5,1514,50.466667,0.626242,matched
1186,39.533333,1514,50.466667,0.636661,matched
1187,39.566667,1514,50.466667,0.64708,matched
1188,39.6,1515,50.5,0.657499,matched
1189,39.633333,1515,50.5,0.667919,matched
1190,39.666667,1516,50.533333,0.678338,matched
1191,39.7,1516,50.533333,0.688757,matched
1192,39.733333,1517,50.566667,0.699176,matched
1193,39.766667,1517,50.566667,0.709595,matched
1194,39.8,1518,50.6,0.720014,matched
1195,39.833333,1520,50.666667,0.722154,matched
1196,39.866667,1522,50.733333,0.724294,matched
1197,39.9,1524,50.8,0.726434,matched
1198,39.933333,1526,50.866667,0.728573,matched
1199,39.966667,1528,50.933333,0.730713,matched
1200,40.0,1530,51.0,0.732853,matched
1201,40.033333,1531,51.033333,0.727865,matched
1202,40.066667,1532,51.066667,0.722877,matched
1203,40.1,1533,51.1,0.717889,matched
1204,40.133333,1534,51.133333,0.7129,matched
1205,40.166667,1535,51.166667,0.707912,matched
1206,40.2,1536,51.2,0.702924,matched
1207,40.233333,1537,51.233333,0.68872,matched
1208,40.266667,1537,51.233333,0.674516,matched
1209,40.3,1538,51.266667,0.660311,matched
1210,40.333333,1538,51.266667,0.646107,matched
1211,40.366667,1539,51.3,0.631902,matched
1212,40.4,1539,51.3,0.617698,matched
1213,40.433333,1540,51.333333,0.603493,matched
1214,40.466667,1540,51.333333,0.589289,matched
1215,40.5,1541,51.366667,0.575085,matched
1216,40.533333,1541,51.366667,0.56088,matched
1217,40.566667,1542,51.4,0.546676,matched
1218,40.6,1542,51.4,0.532472,matched
1219,40.633333,1543,51.433333,0.525482,matched
1220,40.666667,1543,51.433333,0.518493,matched
1221,40.7,1544,51.466667,0.511503,matched
1222,40.733333,1544,51.466667,0.504514,matched
1223,40.766667,1545,51.5,0.497524,matched
1224,40.8,1545,51.5,0.490535,matched
1225,40.833333,1546,51.533333,0.483545,matched
1226,40.866667,1546,51.533333,0.476556,matched
1227,40.9,1546,51.533333,0.469566,matched
1228,40.933333,1547,51.566667,0.462577,matched
1229,40.966667,1547,51.566667,0.455587,matched
1230,41.0,1548,51.6,0.448598,matched
1231,41.033333,1550,51.666667,0.458181,matched
1232,41.066667,1552,51.733333,0.467764,matched
1233,41.1,1554,51.8,0.477347,matched
1234,41.133333,1556,51.866667,0.486931,matched
1235,41.166667,1558,51.933333,0.496514,matched
1236,41.2,1560,52.0,0.506097,matched
1237,41.233333,1560,52.0,0.489474,matched
1238,41.266667,1561,52.033333,0.472851,matched
1239,41.3,1562,52.066667,0.456228,matched
1240,41.333333,1562,52.066667,0.439605,matched
1241,41.366667,1563,52.1,0.422982,matched
1242,41.4,1563,52.1,0.406359,matched
1243,41.433333,1564,52.133333,0.389736,matched
1244,41.466667,1564,52.133333,0.373113,matched
1245,41.5,1565,52.166667,0.35649,matched
1246,41.533333,1565,52.166667,0.339867,review
1247,41.566667,1566,52.2,0.323244,review
1248,41.6,1566,52.2,0.306623,review
1249,41.633333,1568,52.266667,0.32233,review
1250,41.666667,1570,52.333333,0.338038,review
1251,41.7,1572,52.4,0.353745,matched
1252,41.733333,1574,52.466667,0.369452,matched
1253,41.766667,1576,52.533333,0.38516,matched
1254,41.8,1578,52.6,0.400868,matched
1255,41.833333,1580,52.666667,0.435544,matched
1256,41.866667,1582,52.733333,0.470221,matched
1257,41.9,1584,52.8,0.504897,matched
1258,41.933333,1586,52.866667,0.539573,matched
1259,41.966667,1588,52.933333,0.57425,matched
1260,42.0,1590,53.0,0.608926,matched
1261,42.033333,1592,53.066667,0.580117,matched
1262,42.066667,1594,53.133333,0.551309,matched
1263,42.1,1596,53.2,0.5225,matched
1264,42.133333,1598,53.266667,0.493692,matched
1265,42.166667,1600,53.333333,0.464883,matched
1266,42.2,1602,53.4,0.436075,matched
1267,42.233333,1604,53.466667,0.459473,matched
1268,42.266667,1606,53.533333,0.482872,matched
1269,42.3,1608,53.6,0.506271,matched
1270,42.333333,1610,53.666667,0.52967,matched
1271,42.366667,1612,53.733333,0.553069,matched
1272,42.4,1614,53.8,0.576468,matched
1273,42.433333,1616,53.866667,0.531771,matched
1274,42.466667,1618,53.933333,0.48707,matched
1275,42.5,1620,54.0,0.44237,matched
1276,42.533333,1622,54.066667,0.397669,matched
1277,42.566667,1624,54.133333,0.352968,matched
1278,42.6,1626,54.2,0.308272,review
1279,42.633333,1628,54.266667,0.348482,review
1280,42.666667,1630,54.333333,0.388693,matched
1281,42.7,1632,54.4,0.428903,matched
1282,42.733333,1634,54.466667,0.469114,matched
1283,42.766667,1636,54.533333,0.509324,matched
1284,42.8,1638,54.6,0.549533,matched
1285,42.833333,1640,54.666667,0.515689,matched
1286,42.866667,1642,54.733333,0.481844,matched
1287,42.9,1644,54.8,0.448,matched
1288,42.933333,1646,54.866667,0.414155,matched
1289,42.966667,1648,54.933333,0.380311,matched
1290,43.0,1650,55.0,0.346466,review
1291,43.033333,1652,55.066667,0.360698,matched
1292,43.066667,1654,55.133333,0.374931,matched
1293,43.1,1656,55.2,0.389163,matched
1294,43.133333,1658,55.266667,0.403396,matched
1295,43.166667,1660,55.333333,0.417628,matched
1296,43.2,1662,55.4,0.431861,matched
1297,43.233333,1664,55.466667,0.434237,matched
1298,43.266667,1666,55.533333,0.436614,matched
1299,43.3,1668,55.6,0.43899,matched
1300,43.333333,1670,55.666667,0.441366,matched
1301,43.366667,1672,55.733333,0.443743,matched
1302,43.4,1674,55.8,0.446119,matched
1303,43.433333,1674,55.8,0.422649,matched
1304,43.466667,1675,55.833333,0.399177,matched
1305,43.5,1675,55.833333,0.375706,matched
1306,43.533333,1676,55.866667,0.352234,matched
1307,43.566667,1676,55.866667,0.328763,review
1308,43.6,1677,55.9,0.305291,review
1309,43.633333,1677,55.9,0.28182,review
1310,43.666667,1678,55.933333,0.258348,review
1311,43.7,1678,55.933333,0.234877,review
1312,43.733333,1679,55.966667,0.211405,review
1313,43.766667,1680,56.0,0.187934,review
1314,43.8,1680,56.0,0.164464,review
1315,43.833333,1682,56.066667,0.193007,review
1316,43.866667,1684,56.133333,0.221551,review
1317,43.9,1686,56.2,0.250094,review
1318,43.933333,1688,56.266667,0.278638,review
1319,43.966667,1690,56.333333,0.307181,review
1320,44.0,1692,56.4,0.335725,review
1321,44.033333,1694,56.466667,0.286659,review
1322,44.066667,1696,56.533333,0.237593,review
1323,44.1,1698,56.6,0.188527,review
1324,44.133333,1700,56.666667,0.139461,review
1325,44.166667,1702,56.733333,0.090395,review
1326,44.2,1704,56.8,0.041329,review
1327,44.233333,1706,56.866667,0.078852,review
1328,44.266667,1708,56.933333,0.116378,review
1329,44.3,1710,57.0,0.153903,review
1330,44.333333,1712,57.066667,0.191428,review
1331,44.366667,1714,57.133333,0.228953,review
1332,44.4,1716,57.2,0.266478,review
1333,44.433333,1717,57.233333,0.263936,review
1334,44.466667,1717,57.233333,0.261392,review
1335,44.5,1718,57.266667,0.258848,review
1336,44.533333,1718,57.266667,0.256303,review
1337,44.566667,1719,57.3,0.253759,review
1338,44.6,1719,57.3,0.251215,review
1339,44.633333,1720,57.333333,0.248671,review
1340,44.666667,1720,57.333333,0.246127,review
1341,44.7,1721,57.366667,0.243582,review
1342,44.733333,1721,57.366667,0.241038,review
1343,44.766667,1722,57.4,0.238494,review
1344,44.8,1722,57.4,0.235951,review
1345,44.833333,1724,57.466667,0.258852,review
1346,44.866667,1726,57.533333,0.281753,review
1347,44.9,1728,57.6,0.304655,review
1348,44.933333,1730,57.666667,0.327556,review
1349,44.966667,1732,57.733333,0.350458,matched
1350,45.0,1734,57.8,0.373359,matched
1351,45.033333,1736,57.866667,0.3692,matched
1352,45.066667,1738,57.933333,0.36504,matched
1353,45.1,1740,58.0,0.360881,matched
1354,45.133333,1742,58.066667,0.356721,matched
1355,45.166667,1744,58.133333,0.352562,matched
1356,45.2,1746,58.2,0.348402,review
1357,45.233333,1748,58.266667,0.362829,matched
1358,45.266667,1750,58.333333,0.377257,matched
1359,45.3,1752,58.4,0.391684,matched
1360,45.333333,1754,58.466667,0.406112,matched
1361,45.366667,1756,58.533333,0.42054,matched
1362,45.4,1758,58.6,0.434967,matched
1363,45.433333,1760,58.666667,0.401586,matched
1364,45.466667,1762,58.733333,0.368203,matched
1365,45.5,1764,58.8,0.33482,review
1366,45.533333,1766,58.866667,0.301437,review
1367,45.566667,1768,58.933333,0.268054,review
1368,45.6,1770,59.0,0.234674,review
1369,45.633333,1772,59.066667,0.287962,review
1370,45.666667,1774,59.133333,0.34125,review
1371,45.7,1776,59.2,0.394538,matched
1372,45.733333,1778,59.266667,0.447826,matched
1373,45.766667,1780,59.333333,0.501114,matched
1374,45.8,1782,59.4,0.554402,matched
1375,45.833333,1784,59.466667,0.587778,matched
1376,45.866667,1786,59.533333,0.621154,matched
1377,45.9,1788,59.6,0.65453,matched
1378,45.933333,1790,59.666667,0.687907,matched
1379,45.966667,1792,59.733333,0.721283,matched
1380,46.0,1794,59.8,0.754659,matched
1381,46.033333,1794,59.8,0.738525,matched
1382,46.066667,1795,59.833333,0.72239,matched
1383,46.1,1795,59.833333,0.706256,matched
1384,46.133333,1796,59.866667,0.690122,matched
1385,46.166667,1796,59.866667,0.673988,matched
1386,46.2,1797,59.9,0.657853,matched
1387,46.233333,1797,59.9,0.641719,matched
1388,46.266667,1798,59.933333,0.625585,matched
1389,46.3,1798,59.933333,0.609451,matched
1390,46.333333,1799,59.966667,0.593316,matched
1391,46.366667,1799,59.966667,0.577182,matched
1392,46.4,1800,60.0,0.561048,matched
1393,46.433333,1801,60.033333,0.590462,matched
1394,46.466667,1802,60.066667,0.619879,matched
1395,46.5,1803,60.1,0.649296,matched
1396,46.533333,1804,60.133333,0.678713,matched
1397,46.566667,1805,60.166667,0.70813,matched
1398,46.6,1806,60.2,0.737545,matched
1399,46.633333,1808,60.266667,0.731287,matched
1400,46.666667,1810,60.333333,0.72503,matched
1401,46.7,1812,60.4,0.718772,matched
1402,46.733333,1814,60.466667,0.712515,matched
1403,46.766667,1816,60.533333,0.706257,matched
1404,46.8,1818,60.6,0.7,matched
1405,46.833333,1820,60.666667,0.70177,matched
1406,46.866667,1822,60.733333,0.703539,matched
1407,46.9,1824,60.8,0.705309,matched
1408,46.933333,1826,60.866667,0.707079,matched
1409,46.966667,1828,60.933333,0.708848,matched
1410,47.0,1830,61.0,0.710618,matched
1411,47.033333,1830,61.0,0.709733,matched
1412,47.066667,1831,61.033333,0.708848,matched
1413,47.1,1832,61.066667,0.707964,matched
1414,47.133333,1832,61.066667,0.707079,matched
1415,47.166667,1832,61.066667,0.706194,matched
1416,47.2,1833,61.1,0.705309,matched
1417,47.233333,1834,61.133333,0.704424,matched
1418,47.266667,1834,61.133333,0.703539,matched
1419,47.3,1834,61.133333,0.702655,matched
1420,47.333333,1835,61.166667,0.70177,matched
1421,47.366667,1836,61.2,0.700885,matched
1422,47.4,1836,61.2,0.7,matched
1423,47.433333,1837,61.233333,0.697906,matched
1424,47.466667,1837,61.233333,0.695813,matched
1425,47.5,1838,61.266667,0.693719,matched
1426,47.533333,1838,61.266667,0.691625,matched
1427,47.566667,1839,61.3,0.689532,matched
1428,47.6,1839,61.3,0.687438,matched
1429,47.633333,1840,61.333333,0.685344,matched
1430,47.666667,1840,61.333333,0.683251,matched
1431,47.7,1841,61.366667,0.681157,matched
1432,47.733333,1841,61.366667,0.679063,matched
1433,47.766667,1842,61.4,0.67697,matched
1434,47.8,1842,61.4,0.674876,matched
1435,47.833333,1843,61.433333,0.673826,matched
1436,47.866667,1843,61.433333,0.672776,matched
1437,47.9,1844,61.466667,0.671726,matched
1438,47.933333,1844,61.466667,0.670676,matched
1439,47.966667,1845,61.5,0.669626,matched
1440,48.0,1845,61.5,0.668576,matched
1441,48.033333,1845,61.5,0.667526,matched
1442,48.066667,1846,61.533333,0.666476,matched
1443,48.1,1846,61.533333,0.665426,matched
1444,48.133333,1847,61.566667,0.664376,matched
1445,48.166667,1847,61.566667,0.663326,matched
1446,48.2,1848,61.6,0.662276,matched
1447,48.233333,1848,61.6,0.666509,matched
1448,48.266667,1849,61.633333,0.670742,matched
1449,48.3,1849,61.633333,0.674975,matched
1450,48.333333,1850,61.666667,0.679208,matched
1451,48.366667,1850,61.666667,0.683441,matched
1452,48.4,1851,61.7,0.687674,matched
1453,48.433333,1851,61.7,0.691906,matched
1454,48.466667,1852,61.733333,0.696139,matched
1455,48.5,1852,61.733333,0.700372,matched
1456,48.533333,1853,61.766667,0.704605,matched
1457,48.566667,1853,61.766667,0.708838,matched
1458,48.6,1854,61.8,0.713071,matched
1459,48.633333,1856,61.866667,0.710119,matched
1460,48.666667,1858,61.933333,0.707168,matched
1461,48.7,1860,62.0,0.704216,matched
1462,48.733333,1862,62.066667,0.701264,matched
1463,48.766667,1864,62.133333,0.698313,matched
1464,48.8,1866,62.2,0.695361,matched
1465,48.833333,1868,62.266667,0.697421,matched
1466,48.866667,1870,62.333333,0.699481,matched
1467,48.9,1872,62.4,0.701541,matched
1468,48.933333,1874,62.466667,0.7036,matched
1469,48.966667,1876,62.533333,0.70566,matched
1470,49.0,1878,62.6,0.70772,matched
1471,49.033333,1880,62.666667,0.701449,matched
1472,49.066667,1882,62.733333,0.695178,matched
1473,49.1,1884,62.8,0.688907,matched
1474,49.133333,1886,62.866667,0.682636,matched
1475,49.166667,1888,62.933333,0.676365,matched
1476,49.2,1890,63.0,0.670094,matched
1477,49.233333,1890,63.0,0.665372,matched
1478,49.266667,1891,63.033333,0.66065,matched
1479,49.3,1892,63.066667,0.655928,matched
1480,49.333333,1892,63.066667,0.651205,matched
1481,49.366667,1893,63.1,0.646483,matched
1482,49.4,1893,63.1,0.641761,matched
1483,49.433333,1894,63.133333,0.637039,matched
1484,49.466667,1894,63.133333,0.632317,matched
1485,49.5,1895,63.166667,0.627594,matched
1486,49.533333,1895,63.166667,0.622872,matched
1487,49.566667,1896,63.2,0.61815,matched
1488,49.6,1896,63.2,0.613428,matched
1489,49.633333,1897,63.233333,0.620643,matched
1490,49.666667,1897,63.233333,0.627857,matched
1491,49.7,1898,63.266667,0.635071,matched
1492,49.733333,1898,63.266667,0.642286,matched
1493,49.766667,1899,63.3,0.6495,matched
1494,49.8,1899,63.3,0.656714,matched
1495,49.833333,1900,63.333333,0.663928,matched
1496,49.866667,1900,63.333333,0.671143,matched
1497,49.9,1901,63.366667,0.678357,matched
1498,49.933333,1901,63.366667,0.685571,matched
1499,49.966667,1902,63.4,0.692786,matched
1500,50.0,1902,63.4,0.7,matched
1501,50.033333,1903,63.433333,0.7,matched
1502,50.066667,1903,63.433333,0.7,matched
1503,50.1,1904,63.466667,0.7,matched
1504,50.133333,1904,63.466667,0.7,matched
1505,50.166667,1904,63.466667,0.7,matched
1506,50.2,1905,63.5,0.7,matched
1507,50.233333,1905,63.5,0.7,matched
1508,50.266667,1906,63.533333,0.7,matched
1509,50.3,1906,63.533333,0.7,matched
1510,50.333333,1907,63.566667,0.7,matched
1511,50.366667,1907,63.566667,0.7,matched
1512,50.4,1908,63.6,0.7,matched
1513,50.433333,1910,63.666667,0.700348,matched
1514,50.466667,1912,63.733333,0.700697,matched
1515,50.5,1914,63.8,0.701045,matched
1516,50.533333,1916,63.866667,0.701394,matched
1517,50.566667,1918,63.933333,0.701742,matched
1518,50.6,1920,64.0,0.702091,matched
1519,50.633333,1921,64.033333,0.70298,matched
1520,50.666667,1921,64.033333,0.703869,matched
1521,50.7,1921,64.033333,0.704758,matched
1522,50.733333,1922,64.066667,0.705647,matched
1523,50.766667,1922,64.066667,0.706536,matched
1524,50.8,1923,64.1,0.707425,matched
1525,50.833333,1923,64.1,0.708313,matched
1526,50.866667,1924,64.133333,0.709202,matched
1527,50.9,1924,64.133333,0.710091,matched
1528,50.933333,1925,64.166667,0.71098,matched
1529,50.966667,1925,64.166667,0.711869,matched
1530,51.0,1926,64.2,0.712758,matched
1531,51.033333,1926,64.2,0.707012,matched
1532,51.066667,1927,64.233333,0.701267,matched
1533,51.1,1927,64.233333,0.695521,matched
1534,51.133333,1928,64.266667,0.689775,matched
1535,51.166667,1928,64.266667,0.68403,matched
1536,51.2,1929,64.3,0.678284,matched
1537,51.233333,1929,64.3,0.672538,matched
1538,51.266667,1930,64.333333,0.666793,matched
1539,51.3,1930,64.333333,0.661047,matched
1540,51.333333,1931,64.366667,0.655302,matched
1541,51.366667,1932,64.4,0.649556,matched
1542,51.4,1932,64.4,0.64381,matched
1543,51.433333,1933,64.433333,0.640045,matched
1544,51.466667,1933,64.433333,0.636279,matched
1545,51.5,1934,64.466667,0.632514,matched
1546,51.533333,1934,64.466667,0.628748,matched
1547,51.566667,1934,64.466667,0.624983,matched
1548,51.6,1935,64.5,0.621217,matched
1549,51.633333,1935,64.5,0.617452,matched
1550,51.666667,1936,64.533333,0.613686,matched
1551,51.7,1936,64.533333,0.60992,matched
1552,51.733333,1937,64.566667,0.606155,matched
1553,51.766667,1937,64.566667,0.602389,matched
1554,51.8,1938,64.6,0.598624,matched
1555,51.833333,1940,64.666667,0.598999,matched
1556,51.866667,1942,64.733333,0.599373,matched
1557,51.9,1944,64.8,0.599748,matched
1558,51.933333,1946,64.866667,0.600123,matched
1559,51.966667,1948,64.933333,0.600497,matched
1560,52.0,1950,65.0,0.600872,matched
1561,52.033333,1952,65.066667,0.60702,matched
1562,52.066667,1954,65.133333,0.613167,matched
1563,52.1,1956,65.2,0.619315,matched
1564,52.133333,1958,65.266667,0.625463,matched
1565,52.166667,1960,65.333333,0.63161,matched
1566,52.2,1962,65.4,0.637758,matched
1567,52.233333,1964,65.466667,0.632596,matched
1568,52.266667,1966,65.533333,0.627433,matched
1569,52.3,1968,65.6,0.622271,matched
1570,52.333333,1970,65.666667,0.617108,matched
1571,52.366667,1972,65.733333,0.611946,matched
1572,52.4,1974,65.8,0.606783,matched
1573,52.433333,1976,65.866667,0.621565,matched
1574,52.466667,1978,65.933333,0.636348,matched
1575,52.5,1980,66.0,0.651131,matched
1576,52.533333,1982,66.066667,0.665914,matched
1577,52.566667,1984,66.133333,0.680697,matched
1578,52.6,1986,66.2,0.69548,matched
1579,52.633333,1988,66.266667,0.717704,matched
1580,52.666667,1990,66.333333,0.739928,matched
1581,52.7,1992,66.4,0.762152,matched
1582,52.733333,1994,66.466667,0.784376,matched
1583,52.766667,1996,66.533333,0.8066,matched
1584,52.8,1998,66.6,0.828824,matched
1585,52.833333,2000,66.666667,0.821128,matched
1586,52.866667,2002,66.733333,0.813432,matched
1587,52.9,2004,66.8,0.805736,matched
1588,52.933333,2006,66.866667,0.798041,matched
1589,52.966667,2008,66.933333,0.790345,matched
1590,53.0,2010,67.0,0.782649,matched
1591,53.033333,2010,67.0,0.755685,matched
1592,53.066667,2011,67.033333,0.728722,matched
1593,53.1,2011,67.033333,0.701758,matched
1594,53.133333,2012,67.066667,0.674794,matched
1595,53.166667,2012,67.066667,0.64783,matched
1596,53.2,2013,67.1,0.620867,matched
1597,53.233333,2013,67.1,0.593903,matched
1598,53.266667,2014,67.133333,0.566939,matched
1599,53.3,2014,67.133333,0.539975,matched
1600,53.333333,2015,67.166667,0.513012,matched
1601,53.366667,2015,67.166667,0.486048,matched
1602,53.4,2016,67.2,0.459084,matched
1603,53.433333,2016,67.2,0.486089,matched
1604,53.466667,2017,67.233333,0.513095,matched
1605,53.5,2017,67.233333,0.540102,matched
1606,53.533333,2018,67.266667,0.567109,matched
1607,53.566667,2018,67.266667,0.594116,matched
1608,53.6,2019,67.3,0.621123,matched
1609,53.633333,2019,67.3,0.64813,matched
1610,53.666667,2020,67.333333,0.675136,matched
1611,53.7,2021,67.366667,0.702143,matched
1612,53.733333,2021,67.366667,0.72915,matched
1613,53.766667,2022,67.4,0.756157,matched
1614,53.8,2022,67.4,0.783163,matched
1615,53.833333,2024,67.466667,0.786893,matched
1616,53.866667,2026,67.533333,0.790623,matched
1617,53.9,2028,67.6,0.794354,matched
1618,53.933333,2030,67.666667,0.798084,matched
1619,53.966667,2032,67.733333,0.801814,matched
1620,54.0,2034,67.8,0.805544,matched
1621,54.033333,2036,67.866667,0.806967,matched
1622,54.066667,2038,67.933333,0.80839,matched
1623,54.1,2040,68.0,0.809812,matched
1624,54.133333,2042,68.066667,0.811235,matched
1625,54.166667,2044,68.133333,0.812658,matched
1626,54.2,2046,68.2,0.814081,matched
1627,54.233333,2048,68.266667,0.825416,matched
1628,54.266667,2050,68.333333,0.836751,matched
1629,54.3,2052,68.4,0.848086,matched
1630,54.333333,2054,68.466667,0.859421,matched
1631,54.366667,2056,68.533333,0.870756,matched
1632,54.4,2058,68.6,0.882091,matched
1633,54.433333,2060,68.666667,0.842193,matched
1634,54.466667,2062,68.733333,0.802292,matched
1635,54.5,2064,68.8,0.762392,matched
1636,54.533333,2066,68.866667,0.722491,matched
1637,54.566667,2068,68.933333,0.68259,matched
1638,54.6,2070,69.0,0.642691,matched
1639,54.633333,2071,69.033333,0.650887,matched
1640,54.666667,2072,69.066667,0.659083,matched
1641,54.7,2073,69.1,0.667279,matched
1642,54.733333,2074,69.133333,0.675475,matched
1643,54.766667,2075,69.166667,0.683671,matched
1644,54.8,2076,69.2,0.691866,matched
1645,54.833333,2078,69.266667,0.663947,matched
1646,54.866667,2080,69.333333,0.636027,matched
1647,54.9,2082,69.4,0.608107,matched
1648,54.933333,2084,69.466667,0.580187,matched
1649,54.966667,2086,69.533333,0.552268,matched
1650,55.0,2088,69.6,0.524348,matched
1651,55.033333,2088,69.6,0.528132,matched
1652,55.066667,2089,69.633333,0.531916,matched
1653,55.1,2089,69.633333,0.535701,matched
1654,55.133333,2090,69.666667,0.539485,matched
1655,55.166667,2091,69.7,0.543269,matched
1656,55.2,2091,69.7,0.547053,matched
1657,55.233333,2092,69.733333,0.550838,matched
1658,55.266667,2092,69.733333,0.554622,matched
1659,55.3,2093,69.766667,0.558406,matched
1660,55.333333,2093,69.766667,0.56219,matched
1661,55.366667,2094,69.8,0.565975,matched
1662,55.4,2094,69.8,0.569759,matched
1663,55.433333,2096,69.866667,0.575112,matched
1664,55.466667,2098,69.933333,0.580466,matched
1665,55.5,2100,70.0,0.58582,matched
1666,55.533333,2102,70.066667,0.591173,matched
1667,55.566667,2104,70.133333,0.596527,matched
1668,55.6,2106,70.2,0.60188,matched
1669,55.633333,2106,70.2,0.60315,matched
1670,55.666667,2107,70.233333,0.60442,matched
1671,55.7,2107,70.233333,0.605689,matched
1672,55.733333,2108,70.266667,0.606959,matched
1673,55.766667,2108,70.266667,0.608229,matched
1674,55.8,2109,70.3,0.609499,matched
1675,55.833333,2109,70.3,0.610768,matched
1676,55.866667,2110,70.333333,0.612038,matched
1677,55.9,2111,70.366667,0.613308,matched
1678,55.933333,2111,70.366667,0.614578,matched
1679,55.966667,2112,70.4,0.615847,matched
1680,56.0,2112,70.4,0.617117,matched
1681,56.033333,2113,70.433333,0.631872,matched
1682,56.066667,2113,70.433333,0.646626,matched
1683,56.1,2114,70.466667,0.661381,matched
1684,56.133333,2114,70.466667,0.676135,matched
1685,56.166667,2114,70.466667,0.69089,matched
1686,56.2,2115,70.5,0.705645,matched
1687,56.233333,2115,70.5,0.720399,matched
1688,56.266667,2116,70.533333,0.735154,matched
1689,56.3,2116,70.533333,0.749908,matched
1690,56.333333,2117,70.566667,0.764663,matched
1691,56.366667,2117,70.566667,0.779418,matched
1692,56.4,2118,70.6,0.794172,matched
1693,56.433333,2118,70.6,0.794558,matched
1694,56.466667,2119,70.633333,0.794942,matched
1695,56.5,2119,70.633333,0.795327,matched
1696,56.533333,2120,70.666667,0.795712,matched
1697,56.566667,2121,70.7,0.796097,matched
1698,56.6,2121,70.7,0.796481,matched
1699,56.633333,2122,70.733333,0.796866,matched
1700,56.666667,2122,70.733333,0.797251,matched
1701,56.7,2123,70.766667,0.797636,matched
1702,56.733333,2123,70.766667,0.79802,matched
1703,56.766667,2124,70.8,0.798405,matched
1704,56.8,2124,70.8,0.79879,matched
1705,56.833333,2126,70.866667,0.787689,matched
1706,56.866667,2128,70.933333,0.776589,matched
1707,56.9,2130,71.0,0.765489,matched
1708,56.933333,2132,71.066667,0.754389,matched
1709,56.966667,2134,71.133333,0.743288,matched
1710,57.0,2136,71.2,0.732188,matched
1711,57.033333,2138,71.266667,0.693591,matched
1712,57.066667,2140,71.333333,0.654994,matched
1713,57.1,2142,71.4,0.616397,matched
1714,57.133333,2144,71.466667,0.577801,matched
1715,57.166667,2146,71.533333,0.539204,matched
1716,57.2,2148,71.6,0.500607,matched
1717,57.233333,2148,71.6,0.505527,matched
1718,57.266667,2149,71.633333,0.510449,matched
1719,57.3,2149,71.633333,0.51537,matched
1720,57.333333,2150,71.666667,0.520292,matched
1721,57.366667,2151,71.7,0.525213,matched
1722,57.4,2151,71.7,0.530135,matched
1723,57.433333,2152,71.733333,0.535056,matched
1724,57.466667,2152,71.733333,0.539977,matched
1725,57.5,2153,71.766667,0.544899,matched
1726,57.533333,2153,71.766667,0.54982,matched
1727,57.566667,2154,71.8,0.554742,matched
1728,57.6,2154,71.8,0.559664,matched
1729,57.633333,2156,71.866667,0.580463,matched
1730,57.666667,2158,71.933333,0.601261,matched
1731,57.7,2160,72.0,0.62206,matched
1732,57.733333,2162,72.066667,0.642859,matched
1733,57.766667,2164,72.133333,0.663658,matched
1734,57.8,2166,72.2,0.684455,matched
1735,57.833333,2168,72.266667,0.656315,matched
1736,57.866667,2170,72.333333,0.628174,matched
1737,57.9,2172,72.4,0.600034,matched
1738,57.933333,2174,72.466667,0.571893,matched
1739,57.966667,2176,72.533333,0.543753,matched
1740,58.0,2178,72.6,0.515612,matched
1741,58.033333,2178,72.6,0.472645,matched
1742,58.066667,2179,72.633333,0.429677,matched
1743,58.1,2179,72.633333,0.386709,matched
1744,58.133333,2180,72.666667,0.343742,review
1745,58.166667,2181,72.7,0.300774,review
1746,58.2,2181,72.7,0.257807,review
1747,58.233333,2182,72.733333,0.214839,review
1748,58.266667,2182,72.733333,0.171872,review
1749,58.3,2183,72.766667,0.128904,review
1750,58.333333,2183,72.766667,0.085937,review
1751,58.366667,2184,72.8,0.042969,review
1752,58.4,2184,72.8,2e-06,review
1753,58.433333,2185,72.833333,0.0,review
1754,58.466667,2185,72.833333,0.0,review
1755,58.5,2186,72.866667,0.0,review
1756,58.533333,2186,72.866667,0.0,review
1757,58.566667,2187,72.9,0.0,review
1758,58.6,2187,72.9,0.0,review
1759,58.633333,2188,72.933333,0.0,review
1760,58.666667,2188,72.933333,0.0,review
1761,58.7,2189,72.966667,0.0,review
1762,58.733333,2189,72.966667,0.0,review
1763,58.766667,2190,73.0,0.0,review
1764,58.8,2190,73.0,0.0,review
1765,58.833333,2192,73.066667,0.0,review
1766,58.866667,2194,73.133333,0.0,review
1767,58.9,2196,73.2,0.0,review
1768,58.933333,2198,73.266667,0.0,review
1769,58.966667,2200,73.333333,0.0,review
1770,59.0,2202,73.4,0.0,review
1771,59.033333,2204,73.466667,0.035473,review
1772,59.066667,2206,73.533333,0.070945,review
1773,59.1,2208,73.6,0.106418,review
1774,59.133333,2210,73.666667,0.14189,review
1775,59.166667,2212,73.733333,0.177363,review
1776,59.2,2214,73.8,0.212835,review
1777,59.233333,2216,73.866667,0.20094,review
1778,59.266667,2218,73.933333,0.189043,review
1779,59.3,2220,74.0,0.177146,review
1780,59.333333,2222,74.066667,0.16525,review
1781,59.366667,2224,74.133333,0.153353,review
1782,59.4,2226,74.2,0.141457,review
1783,59.433333,2228,74.266667,0.117881,review
1784,59.466667,2230,74.333333,0.094304,review
1785,59.5,2232,74.4,0.070728,review
1786,59.533333,2234,74.466667,0.047152,review
1787,59.566667,2236,74.533333,0.023575,review
1788,59.6,2238,74.6,0.0,review
1789,59.633333,2238,74.6,0.0,review
1790,59.666667,2239,74.633333,0.0,review
1791,59.7,2240,74.666667,0.0,review
1792,59.733333,2240,74.666667,0.0,review
1793,59.766667,2241,74.7,0.0,review
1794,59.8,2241,74.7,0.0,review
1795,59.833333,2242,74.733333,0.0,review
1796,59.866667,2242,74.733333,0.0,review
1797,59.9,2243,74.766667,0.0,review
1798,59.933333,2243,74.766667,0.0,review
1799,59.966667,2244,74.8,0.0,review
1800,60.0,2244,74.8,0.0,review
1801,60.033333,2245,74.833333,0.0,review
1802,60.066667,2245,74.833333,0.0,review
1803,60.1,2246,74.866667,0.0,review
1804,60.133333,2246,74.866667,0.0,review
1805,60.166667,2247,74.9,0.0,review
1806,60.2,2247,74.9,0.0,review
1807,60.233333,2248,74.933333,0.0,review
1808,60.266667,2248,74.933333,0.0,review
1809,60.3,2249,74.966667,0.0,review
1810,60.333333,2249,74.966667,0.0,review
1811,60.366667,2249,74.966667,0.0,review
1812,60.4,2250,75.0,0.0,review
1813,60.433333,2250,75.0,0.0,review
1814,60.466667,2251,75.033333,0.0,review
1815,60.5,2251,75.033333,0.0,review
1816,60.533333,2252,75.066667,0.0,review
1817,60.566667,2252,75.066667,0.0,review
1818,60.6,2253,75.1,0.0,review
1819,60.633333,2253,75.1,0.0,review
1820,60.666667,2254,75.133333,0.0,review
1821,60.7,2254,75.133333,0.0,review
1822,60.733333,2255,75.166667,0.0,review
1823,60.766667,2255,75.166667,0.0,review
1824,60.8,2256,75.2,0.0,review
1825,60.833333,2256,75.2,0.0,review
1826,60.866667,2257,75.233333,0.0,review
1827,60.9,2257,75.233333,0.0,review
1828,60.933333,2258,75.266667,0.0,review
1829,60.966667,2258,75.266667,0.0,review
1830,61.0,2259,75.3,0.0,review
1831,61.033333,2259,75.3,0.0,review
1832,61.066667,2260,75.333333,0.0,review
1833,61.1,2261,75.366667,0.0,review
1834,61.133333,2261,75.366667,0.0,review
1835,61.166667,2262,75.4,0.0,review
1836,61.2,2262,75.4,0.0,review
1837,61.233333,2264,75.466667,0.024525,review
1838,61.266667,2266,75.533333,0.049051,review
1839,61.3,2268,75.6,0.073577,review
1840,61.333333,2270,75.666667,0.098103,review
1841,61.366667,2272,75.733333,0.122629,review
1842,61.4,2274,75.8,0.147155,review
1843,61.433333,2276,75.866667,0.202912,review
1844,61.466667,2278,75.933333,0.258671,review
1845,61.5,2280,76.0,0.314431,review
1846,61.533333,2282,76.066667,0.37019,matched
1847,61.566667,2284,76.133333,0.425949,matched
1848,61.6,2286,76.2,0.481704,matched
1849,61.633333,2288,76.266667,0.460832,matched
1850,61.666667,2290,76.333333,0.439961,matched
1851,61.7,2292,76.4,0.419089,matched
1852,61.733333,2294,76.466667,0.398218,matched
1853,61.766667,2296,76.533333,0.377346,matched
1854,61.8,2298,76.6,0.356475,matched
1855,61.833333,2300,76.666667,0.340468,review
1856,61.866667,2302,76.733333,0.324461,review
1857,61.9,2304,76.8,0.308455,review
1858,61.933333,2306,76.866667,0.292448,review
1859,61.966667,2308,76.933333,0.276442,review
1860,62.0,2310,77.0,0.260435,review
1861,62.033333,2312,77.066667,0.262233,review
1862,62.066667,2314,77.133333,0.264032,review
1863,62.1,2316,77.2,0.26583,review
1864,62.133333,2318,77.266667,0.267628,review
1865,62.166667,2320,77.333333,0.269427,review
1866,62.2,2322,77.4,0.271225,review
1867,62.233333,2324,77.466667,0.229914,review
1868,62.266667,2326,77.533333,0.188603,review
1869,62.3,2328,77.6,0.147291,review
1870,62.333333,2330,77.666667,0.105979,review
1871,62.366667,2332,77.733333,0.064668,review
1872,62.4,2334,77.8,0.023356,review
1873,62.433333,2336,77.866667,0.019462,review
1874,62.466667,2338,77.933333,0.015569,review
1875,62.5,2340,78.0,0.011677,review
1876,62.533333,2342,78.066667,0.007785,review
1877,62.566667,2344,78.133333,0.003892,review
1878,62.6,2346,78.2,0.0,review
1879,62.633333,2348,78.266667,0.0,review
1880,62.666667,2350,78.333333,0.0,review
1881,62.7,2352,78.4,0.0,review
1882,62.733333,2354,78.466667,0.0,review
1883,62.766667,2356,78.533333,0.0,review
1884,62.8,2358,78.6,0.0,review
1885,62.833333,2360,78.666667,0.0,review
1886,62.866667,2362,78.733333,0.0,review
1887,62.9,2364,78.8,0.0,review
1888,62.933333,2366,78.866667,0.0,review
1889,62.966667,2368,78.933333,0.0,review
1890,63.0,2370,79.0,0.0,review
1891,63.033333,2372,79.066667,0.0,review
1892,63.066667,2374,79.133333,0.0,review
1893,63.1,2376,79.2,0.0,review
1894,63.133333,2378,79.266667,0.0,review
1895,63.166667,2380,79.333333,0.0,review
1896,63.2,2382,79.4,0.0,review
1897,63.233333,2384,79.466667,0.0,review
1898,63.266667,2386,79.533333,0.0,review
1899,63.3,2388,79.6,0.0,review
1900,63.333333,2390,79.666667,0.0,review
1901,63.366667,2392,79.733333,0.0,review
1902,63.4,2394,79.8,0.0,review
1903,63.433333,2396,79.866667,0.0,review
1904,63.466667,2398,79.933333,0.0,review
1905,63.5,2400,80.0,0.0,review
1906,63.533333,2402,80.066667,0.0,review
1907,63.566667,2404,80.133333,0.0,review
1908,63.6,2406,80.2,0.0,review
1909,63.633333,2408,80.266667,0.0,review
1910,63.666667,2410,80.333333,0.0,review
1911,63.7,2412,80.4,0.0,review
1912,63.733333,2414,80.466667,0.0,review
1913,63.766667,2416,80.533333,0.0,review
1914,63.8,2418,80.6,0.0,review
1915,63.833333,2420,80.666667,0.0,review
1916,63.866667,2422,80.733333,0.0,review
1917,63.9,2424,80.8,0.0,review
1918,63.933333,2426,80.866667,0.0,review
1919,63.966667,2428,80.933333,0.0,review
1920,64.0,2430,81.0,0.0,review
1921,64.033333,2432,81.066667,0.0,review
1922,64.066667,2434,81.133333,0.0,review
1923,64.1,2436,81.2,0.0,review
1924,64.133333,2438,81.266667,0.0,review
1925,64.166667,2440,81.333333,0.0,review
1926,64.2,2442,81.4,1e-06,review
1927,64.233333,2444,81.466667,0.01265,review
1928,64.266667,2446,81.533333,0.025298,review
1929,64.3,2448,81.6,0.037947,review
1930,64.333333,2450,81.666667,0.050595,review
1931,64.366667,2452,81.733333,0.063244,review
1932,64.4,2454,81.8,0.075892,review
1933,64.433333,2456,81.866667,0.07405,review
1934,64.466667,2458,81.933333,0.072207,review
1935,64.5,2460,82.0,0.070364,review
1936,64.533333,2462,82.066667,0.068521,review
1937,64.566667,2464,82.133333,0.066678,review
1938,64.6,2466,82.2,0.064835,review
1939,64.633333,2468,82.266667,0.068754,review
1940,64.666667,2470,82.333333,0.072673,review
1941,64.7,2472,82.4,0.076592,review
1942,64.733333,2474,82.466667,0.080511,review
1943,64.766667,2476,82.533333,0.084431,review
1944,64.8,2478,82.6,0.08835,review
1945,64.833333,2480,82.666667,0.148344,review
1946,64.866667,2482,82.733333,0.208344,review
1947,64.9,2484,82.8,0.268343,review
1948,64.933333,2486,82.866667,0.328343,review
1949,64.966667,2488,82.933333,0.388342,matched
1950,65.0,2490,83.0,0.448342,matched
1951,65.033333,2492,83.066667,0.39815,matched
1952,65.066667,2494,83.133333,0.347957,review
1953,65.1,2496,83.2,0.297765,review
1954,65.133333,2498,83.266667,0.247572,review
1955,65.166667,2500,83.333333,0.19738,review
1956,65.2,2502,83.4,0.147194,review
1957,65.233333,2504,83.466667,0.169581,review
1958,65.266667,2506,83.533333,0.191967,review
1959,65.3,2508,83.6,0.214354,review
1960,65.333333,2510,83.666667,0.236741,review
1961,65.366667,2512,83.733333,0.259127,review
1962,65.4,2514,83.8,0.281514,review
1963,65.433333,2516,83.866667,0.302092,review
1964,65.466667,2518,83.933333,0.32267,review
1965,65.5,2520,84.0,0.343248,review
1966,65.533333,2522,84.066667,0.363826,matched
1967,65.566667,2524,84.133333,0.384404,matched
1968,65.6,2526,84.2,0.404981,matched
1969,65.633333,2528,84.266667,0.407597,matched
1970,65.666667,2530,84.333333,0.410214,matched
1971,65.7,2532,84.4,0.41283,matched
1972,65.733333,2534,84.466667,0.415446,matched
1973,65.766667,2536,84.533333,0.418062,matched
1974,65.8,2538,84.6,0.420679,matched
1975,65.833333,2540,84.666667,0.420104,matched
1976,65.866667,2542,84.733333,0.419529,matched
1977,65.9,2544,84.8,0.418954,matched
1978,65.933333,2546,84.866667,0.418379,matched
1979,65.966667,2548,84.933333,0.417804,matched
1980,66.0,2550,85.0,0.417229,matched
1981,66.033333,2552,85.066667,0.429492,matched
1982,66.066667,2554,85.133333,0.441755,matched
1983,66.1,2556,85.2,0.454018,matched
1984,66.133333,2558,85.266667,0.466281,matched
1985,66.166667,2560,85.333333,0.478544,matched
1986,66.2,2562,85.4,0.490799,matched
1987,66.233333,2564,85.466667,0.408999,matched
1988,66.266667,2566,85.533333,0.3272,review
1989,66.3,2568,85.6,0.245401,review
1990,66.333333,2570,85.666667,0.163602,review
1991,66.366667,2572,85.733333,0.081803,review
1992,66.4,2574,85.8,4e-06,review
1993,66.433333,2576,85.866667,0.0,review
1994,66.466667,2578,85.933333,0.0,review
1995,66.5,2580,86.0,0.0,review
1996,66.533333,2582,86.066667,0.0,review
1997,66.566667,2584,86.133333,0.0,review
1998,66.6,2586,86.2,0.0,review
1999,66.633333,2588,86.266667,0.0,review
2000,66.666667,2590,86.333333,0.0,review
2001,66.7,2592,86.4,0.0,review
2002,66.733333,2594,86.466667,0.0,review
2003,66.766667,2596,86.533333,0.0,review
2004,66.8,2598,86.6,0.0,review
2005,66.833333,2600,86.666667,0.0,review
2006,66.866667,2602,86.733333,0.0,review
2007,66.9,2604,86.8,0.0,review
2008,66.933333,2606,86.866667,0.0,review
2009,66.966667,2608,86.933333,0.0,review
2010,67.0,2610,87.0,0.0,review
2011,67.033333,2612,87.066667,0.0,review
2012,67.066667,2614,87.133333,0.0,review
2013,67.1,2616,87.2,0.0,review
2014,67.133333,2618,87.266667,0.0,review
2015,67.166667,2620,87.333333,0.0,review
2016,67.2,2622,87.4,0.0,review
2017,67.233333,2624,87.466667,0.0,review
2018,67.266667,2626,87.533333,0.0,review
2019,67.3,2628,87.6,0.0,review
2020,67.333333,2630,87.666667,0.0,review
2021,67.366667,2632,87.733333,0.0,review
2022,67.4,2634,87.8,0.0,review
2023,67.433333,2636,87.866667,0.06644,review
2024,67.466667,2638,87.933333,0.132884,review
2025,67.5,2640,88.0,0.199327,review
2026,67.533333,2642,88.066667,0.265771,review
2027,67.566667,2644,88.133333,0.332215,review
2028,67.6,2646,88.2,0.398654,matched
2029,67.633333,2648,88.266667,0.37126,matched
2030,67.666667,2650,88.333333,0.343866,review
2031,67.7,2652,88.4,0.316473,review
2032,67.733333,2654,88.466667,0.289079,review
2033,67.766667,2656,88.533333,0.261685,review
2034,67.8,2658,88.6,0.234292,review
2035,67.833333,2660,88.666667,0.195244,review
2036,67.866667,2662,88.733333,0.156195,review
2037,67.9,2664,88.8,0.117146,review
2038,67.933333,2666,88.866667,0.078098,review
2039,67.966667,2668,88.933333,0.039049,review
2040,68.0,2670,89.0,0.0,review
2041,68.033333,2670,89.0,0.000109,review
2042,68.066667,2671,89.033333,0.000219,review
2043,68.1,2671,89.033333,0.000328,review
2044,68.133333,2672,89.066667,0.000438,review
2045,68.166667,2672,89.066667,0.000547,review
2046,68.2,2673,89.1,0.000657,review
2047,68.233333,2673,89.1,0.000766,review
2048,68.266667,2674,89.133333,0.000876,review
2049,68.3,2674,89.133333,0.000985,review
2050,68.333333,2675,89.166667,0.001095,review
2051,68.366667,2675,89.166667,0.001204,review
2052,68.4,2676,89.2,0.001314,review
2053,68.433333,2677,89.233333,0.071359,review
2054,68.466667,2678,89.266667,0.141407,review
2055,68.5,2679,89.3,0.211455,review
2056,68.533333,2680,89.333333,0.281502,review
2057,68.566667,2681,89.366667,0.35155,matched
2058,68.6,,,0.0,unmatched
2059,68.633333,,,0.0,unmatched
2060,68.666667,,,0.0,unmatched
2061,68.7,,,0.0,unmatched
2062,68.733333,,,0.0,unmatched
2063,68.766667,,,0.0,unmatched
2064,68.8,,,0.0,unmatched
2065,68.833333,,,0.0,unmatched
2066,68.866667,,,0.0,unmatched
2067,68.9,,,0.0,unmatched
2068,68.933333,,,0.0,unmatched
2069,68.966667,,,0.0,unmatched
2070,69.0,,,0.0,unmatched
2071,69.033333,,,0.0,unmatched
2072,69.066667,,,0.0,unmatched
2073,69.1,,,0.0,unmatched
2074,69.133333,,,0.0,unmatched
2075,69.166667,,,0.0,unmatched
2076,69.2,,,0.0,unmatched
2077,69.233333,,,0.0,unmatched
2078,69.266667,,,0.0,unmatched
2079,69.3,,,0.0,unmatched
2080,69.333333,,,0.0,unmatched
2081,69.366667,,,0.0,unmatched
2082,69.4,,,0.0,unmatched
2083,69.433333,,,0.0,unmatched
2084,69.466667,,,0.0,unmatched
2085,69.5,,,0.0,unmatched
2086,69.533333,,,0.0,unmatched
2087,69.566667,,,0.0,unmatched
2088,69.6,,,0.0,unmatched
2089,69.633333,,,0.0,unmatched
2090,69.666667,,,0.0,unmatched
2091,69.7,,,0.0,unmatched
2092,69.733333,,,0.0,unmatched
2093,69.766667,,,0.0,unmatched
2094,69.8,,,0.0,unmatched
2095,69.833333,,,0.0,unmatched
2096,69.866667,,,0.0,unmatched
2097,69.9,,,0.0,unmatched
2098,69.933333,,,0.0,unmatched
2099,69.966667,,,0.0,unmatched
2100,70.0,,,0.0,unmatched
2101,70.033333,,,0.0,unmatched
2102,70.066667,,,0.0,unmatched
2103,70.1,,,0.0,unmatched
2104,70.133333,,,0.0,unmatched
2105,70.166667,,,0.0,unmatched
2106,70.2,,,0.0,unmatched
2107,70.233333,,,0.0,unmatched
2108,70.266667,,,0.0,unmatched
2109,70.3,,,0.0,unmatched
2110,70.333333,,,0.0,unmatched
2111,70.366667,,,0.0,unmatched
2112,70.4,,,0.0,unmatched
2113,70.433333,,,0.0,unmatched
2114,70.466667,,,0.0,unmatched
2115,70.5,,,0.0,unmatched
2116,70.533333,,,0.0,unmatched
2117,70.566667,,,0.0,unmatched
2118,70.6,,,0.0,unmatched
2119,70.633333,,,0.0,unmatched
2120,70.666667,,,0.0,unmatched
2121,70.7,,,0.0,unmatched
2122,70.733333,,,0.0,unmatched
2123,70.766667,,,0.0,unmatched
2124,70.8,,,0.0,unmatched
2125,70.833333,,,0.0,unmatched
2126,70.866667,,,0.0,unmatched
2127,70.9,,,0.0,unmatched
2128,70.933333,,,0.0,unmatched
2129,70.966667,,,0.0,unmatched
2130,71.0,,,0.0,unmatched
2131,71.033333,,,0.0,unmatched
2132,71.066667,,,0.0,unmatched
2133,71.1,,,0.0,unmatched
2134,71.133333,,,0.0,unmatched
2135,71.166667,,,0.0,unmatched
2136,71.2,,,0.0,unmatched
2137,71.233333,,,0.0,unmatched
2138,71.266667,,,0.0,unmatched
2139,71.3,,,0.0,unmatched
2140,71.333333,,,0.0,unmatched
2141,71.366667,,,0.0,unmatched
2142,71.4,,,0.0,unmatched
2143,71.433333,,,0.0,unmatched
2144,71.466667,,,0.0,unmatched
2145,71.5,,,0.0,unmatched
2146,71.533333,,,0.0,unmatched
2147,71.566667,,,0.0,unmatched
2148,71.6,,,0.0,unmatched
2149,71.633333,,,0.0,unmatched
2150,71.666667,,,0.0,unmatched
2151,71.7,,,0.0,unmatched
2152,71.733333,,,0.0,unmatched
2153,71.766667,,,0.0,unmatched
2154,71.8,,,0.0,unmatched
2155,71.833333,,,0.0,unmatched
2156,71.866667,,,0.0,unmatched
2157,71.9,,,0.0,unmatched
2158,71.933333,,,0.0,unmatched
2159,71.966667,,,0.0,unmatched
2160,72.0,,,0.0,unmatched
2161,72.033333,,,0.0,unmatched
2162,72.066667,,,0.0,unmatched
2163,72.1,,,0.0,unmatched
2164,72.133333,,,0.0,unmatched
2165,72.166667,,,0.0,unmatched
2166,72.2,,,0.0,unmatched
2167,72.233333,,,0.0,unmatched
2168,72.266667,,,0.0,unmatched
2169,72.3,,,0.0,unmatched
2170,72.333333,,,0.0,unmatched
2171,72.366667,,,0.0,unmatched
2172,72.4,,,0.0,unmatched
2173,72.433333,,,0.0,unmatched
2174,72.466667,,,0.0,unmatched
2175,72.5,,,0.0,unmatched
2176,72.533333,,,0.0,unmatched
2177,72.566667,,,0.0,unmatched
2178,72.6,,,0.0,unmatched
2179,72.633333,,,0.0,unmatched
2180,72.666667,,,0.0,unmatched
2181,72.7,,,0.0,unmatched
2182,72.733333,,,0.0,unmatched
2183,72.766667,,,0.0,unmatched
2184,72.8,,,0.0,unmatched
2185,72.833333,,,0.0,unmatched
2186,72.866667,,,0.0,unmatched
2187,72.9,,,0.0,unmatched
2188,72.933333,,,0.0,unmatched
2189,72.966667,,,0.0,unmatched
2190,73.0,,,0.0,unmatched
2191,73.033333,,,0.0,unmatched
2192,73.066667,,,0.0,unmatched
2193,73.1,,,0.0,unmatched
2194,73.133333,,,0.0,unmatched
2195,73.166667,,,0.0,unmatched
2196,73.2,,,0.0,unmatched
2197,73.233333,,,0.0,unmatched
2198,73.266667,,,0.0,unmatched
2199,73.3,,,0.0,unmatched
2200,73.333333,,,0.0,unmatched
2201,73.366667,,,0.0,unmatched
2202,73.4,,,0.0,unmatched
2203,73.433333,,,0.0,unmatched
2204,73.466667,,,0.0,unmatched
2205,73.5,,,0.0,unmatched
2206,73.533333,,,0.0,unmatched
2207,73.566667,,,0.0,unmatched
2208,73.6,,,0.0,unmatched
2209,73.633333,,,0.0,unmatched
2210,73.666667,,,0.0,unmatched
2211,73.7,,,0.0,unmatched
2212,73.733333,,,0.0,unmatched
2213,73.766667,,,0.0,unmatched
2214,73.8,,,0.0,unmatched
2215,73.833333,,,0.0,unmatched
2216,73.866667,,,0.0,unmatched
2217,73.9,,,0.0,unmatched
2218,73.933333,,,0.0,unmatched
2219,73.966667,,,0.0,unmatched
2220,74.0,,,0.0,unmatched
2221,74.033333,,,0.0,unmatched
2222,74.066667,,,0.0,unmatched
2223,74.1,,,0.0,unmatched
2224,74.133333,,,0.0,unmatched
2225,74.166667,,,0.0,unmatched
2226,74.2,,,0.0,unmatched
2227,74.233333,,,0.0,unmatched
2228,74.266667,,,0.0,unmatched
2229,74.3,,,0.0,unmatched
2230,74.333333,,,0.0,unmatched
2231,74.366667,,,0.0,unmatched
2232,74.4,,,0.0,unmatched
2233,74.433333,,,0.0,unmatched
2234,74.466667,,,0.0,unmatched
2235,74.5,,,0.0,unmatched
2236,74.533333,,,0.0,unmatched
2237,74.566667,,,0.0,unmatched
2238,74.6,,,0.0,unmatched
2239,74.633333,,,0.0,unmatched
2240,74.666667,,,0.0,unmatched
2241,74.7,,,0.0,unmatched
2242,74.733333,,,0.0,unmatched
2243,74.766667,,,0.0,unmatched
2244,74.8,,,0.0,unmatched
2245,74.833333,,,0.0,unmatched
2246,74.866667,,,0.0,unmatched
2247,74.9,,,0.0,unmatched
2248,74.933333,,,0.0,unmatched
2249,74.966667,,,0.0,unmatched
2250,75.0,,,0.0,unmatched
2251,75.033333,,,0.0,unmatched
2252,75.066667,,,0.0,unmatched
2253,75.1,,,0.0,unmatched
2254,75.133333,,,0.0,unmatched
2255,75.166667,,,0.0,unmatched
2256,75.2,,,0.0,unmatched
2257,75.233333,,,0.0,unmatched
2258,75.266667,,,0.0,unmatched
2259,75.3,,,0.0,unmatched
2260,75.333333,,,0.0,unmatched
2261,75.366667,,,0.0,unmatched
2262,75.4,,,0.0,unmatched
2263,75.433333,,,0.0,unmatched
2264,75.466667,,,0.0,unmatched
2265,75.5,,,0.0,unmatched
2266,75.533333,,,0.0,unmatched
2267,75.566667,,,0.0,unmatched
2268,75.6,,,0.0,unmatched
2269,75.633333,,,0.0,unmatched
2270,75.666667,,,0.0,unmatched
2271,75.7,,,0.0,unmatched
2272,75.733333,,,0.0,unmatched
2273,75.766667,,,0.0,unmatched
2274,75.8,,,0.0,unmatched
2275,75.833333,,,0.0,unmatched
2276,75.866667,,,0.0,unmatched
2277,75.9,,,0.0,unmatched
2278,75.933333,,,0.0,unmatched
2279,75.966667,,,0.0,unmatched
