qa_id,modality,section,pair_key,question,provider,model_name,model_answer,status,reason,frame_count,frame_paths
rgb__aligned_dataset_brew_tea_split_seg1_rgb__object_recognition__01,rgb,object_recognition,aligned_dataset/brew_tea_split/Seg1/rgb,What is the pattern on the white teacup located to the left of the tea tray?,molmo2,allenai/Molmo2-4B,strip,answered,,30,"[""aligned_dataset/.frames_cache/brew_tea_split/Seg1/cloudy_no_light_rgb/frame_000000.png"", ""aligned_dataset/.frames_cache/brew_tea_split/Seg1/cloudy_no_light_rgb/frame_000030.png"", ""aligned_dataset/.frames_cache/brew_tea_split/Seg1/cloudy_no_light_rgb/frame_000060.png"", ""aligned_dataset/.frames_cache/brew_tea_split/Seg1/cloudy_no_light_rgb/frame_000090.png"", ""aligned_dataset/.frames_cache/brew_tea_split/Seg1/cloudy_no_light_rgb/frame_000120.png"", ""aligned_dataset/.frames_cache/brew_tea_split/Seg1/cloudy_no_light_rgb/frame_000150.png"", ""aligned_dataset/.frames_cache/brew_tea_split/Seg1/cloudy_no_light_rgb/frame_000180.png"", ""aligned_dataset/.frames_cache/brew_tea_split/Seg1/cloudy_no_light_rgb/frame_000210.png"", ""aligned_dataset/.frames_cache/brew_tea_split/Seg1/cloudy_no_light_rgb/frame_000240.png"", ""aligned_dataset/.frames_cache/brew_tea_split/Seg1/cloudy_no_light_rgb/frame_000270.png"", ""aligned_dataset/.frames_cache/brew_tea_split/Seg1/cloudy_no_light_rgb/frame_000300.png"", ""aligned_dataset/.frames_cache/brew_tea_split/Seg1/cloudy_no_light_rgb/frame_000330.png"", ""aligned_dataset/.frames_cache/brew_tea_split/Seg1/cloudy_no_light_rgb/frame_000360.png"", ""aligned_dataset/.frames_cache/brew_tea_split/Seg1/cloudy_no_light_rgb/frame_000390.png"", ""aligned_dataset/.frames_cache/brew_tea_split/Seg1/cloudy_no_light_rgb/frame_000420.png"", ""aligned_dataset/.frames_cache/brew_tea_split/Seg1/with_light_rgb/frame_000450.png"", ""aligned_dataset/.frames_cache/brew_tea_split/Seg1/with_light_rgb/frame_000480.png"", ""aligned_dataset/.frames_cache/brew_tea_split/Seg1/with_light_rgb/frame_000510.png"", ""aligned_dataset/.frames_cache/brew_tea_split/Seg1/with_light_rgb/frame_000540.png"", ""aligned_dataset/.frames_cache/brew_tea_split/Seg1/with_light_rgb/frame_000570.png"", ""aligned_dataset/.frames_cache/brew_tea_split/Seg1/with_light_rgb/frame_000600.png"", ""aligned_dataset/.frames_cache/brew_tea_split/Seg1/with_light_rgb/frame_000630.png"", ""aligned_dataset/.frames_cache/brew_tea_split/Seg1/with_light_rgb/frame_000660.png"", ""aligned_dataset/.frames_cache/brew_tea_split/Seg1/with_light_rgb/frame_000690.png"", ""aligned_dataset/.frames_cache/brew_tea_split/Seg1/with_light_rgb/frame_000720.png"", ""aligned_dataset/.frames_cache/brew_tea_split/Seg1/with_light_rgb/frame_000750.png"", ""aligned_dataset/.frames_cache/brew_tea_split/Seg1/with_light_rgb/frame_000780.png"", ""aligned_dataset/.frames_cache/brew_tea_split/Seg1/with_light_rgb/frame_000810.png"", ""aligned_dataset/.frames_cache/brew_tea_split/Seg1/with_light_rgb/frame_000840.png"", ""aligned_dataset/.frames_cache/brew_tea_split/Seg1/with_light_rgb/frame_000870.png""]"
rgb__aligned_dataset_brew_tea_split_seg1_rgb__spatial_reasoning__01,rgb,spatial_reasoning,aligned_dataset/brew_tea_split/Seg1/rgb,Where is the glass jar located relative to the patterned teacup?,molmo2,allenai/Molmo2-4B,right,answered,,30,"[""aligned_dataset/.frames_cache/brew_tea_split/Seg1/cloudy_no_light_rgb/frame_000000.png"", ""aligned_dataset/.frames_cache/brew_tea_split/Seg1/cloudy_no_light_rgb/frame_000030.png"", ""aligned_dataset/.frames_cache/brew_tea_split/Seg1/cloudy_no_light_rgb/frame_000060.png"", ""aligned_dataset/.frames_cache/brew_tea_split/Seg1/cloudy_no_light_rgb/frame_000090.png"", ""aligned_dataset/.frames_cache/brew_tea_split/Seg1/cloudy_no_light_rgb/frame_000120.png"", ""aligned_dataset/.frames_cache/brew_tea_split/Seg1/cloudy_no_light_rgb/frame_000150.png"", ""aligned_dataset/.frames_cache/brew_tea_split/Seg1/cloudy_no_light_rgb/frame_000180.png"", ""aligned_dataset/.frames_cache/brew_tea_split/Seg1/cloudy_no_light_rgb/frame_000210.png"", ""aligned_dataset/.frames_cache/brew_tea_split/Seg1/cloudy_no_light_rgb/frame_000240.png"", ""aligned_dataset/.frames_cache/brew_tea_split/Seg1/cloudy_no_light_rgb/frame_000270.png"", ""aligned_dataset/.frames_cache/brew_tea_split/Seg1/cloudy_no_light_rgb/frame_000300.png"", ""aligned_dataset/.frames_cache/brew_tea_split/Seg1/cloudy_no_light_rgb/frame_000330.png"", ""aligned_dataset/.frames_cache/brew_tea_split/Seg1/cloudy_no_light_rgb/frame_000360.png"", ""aligned_dataset/.frames_cache/brew_tea_split/Seg1/cloudy_no_light_rgb/frame_000390.png"", ""aligned_dataset/.frames_cache/brew_tea_split/Seg1/cloudy_no_light_rgb/frame_000420.png"", ""aligned_dataset/.frames_cache/brew_tea_split/Seg1/with_light_rgb/frame_000450.png"", ""aligned_dataset/.frames_cache/brew_tea_split/Seg1/with_light_rgb/frame_000480.png"", ""aligned_dataset/.frames_cache/brew_tea_split/Seg1/with_light_rgb/frame_000510.png"", ""aligned_dataset/.frames_cache/brew_tea_split/Seg1/with_light_rgb/frame_000540.png"", ""aligned_dataset/.frames_cache/brew_tea_split/Seg1/with_light_rgb/frame_000570.png"", ""aligned_dataset/.frames_cache/brew_tea_split/Seg1/with_light_rgb/frame_000600.png"", ""aligned_dataset/.frames_cache/brew_tea_split/Seg1/with_light_rgb/frame_000630.png"", ""aligned_dataset/.frames_cache/brew_tea_split/Seg1/with_light_rgb/frame_000660.png"", ""aligned_dataset/.frames_cache/brew_tea_split/Seg1/with_light_rgb/frame_000690.png"", ""aligned_dataset/.frames_cache/brew_tea_split/Seg1/with_light_rgb/frame_000720.png"", ""aligned_dataset/.frames_cache/brew_tea_split/Seg1/with_light_rgb/frame_000750.png"", ""aligned_dataset/.frames_cache/brew_tea_split/Seg1/with_light_rgb/frame_000780.png"", ""aligned_dataset/.frames_cache/brew_tea_split/Seg1/with_light_rgb/frame_000810.png"", ""aligned_dataset/.frames_cache/brew_tea_split/Seg1/with_light_rgb/frame_000840.png"", ""aligned_dataset/.frames_cache/brew_tea_split/Seg1/with_light_rgb/frame_000870.png""]"
rgb__aligned_dataset_brew_tea_split_seg1_rgb__text_recognition__01,rgb,text_recognition,aligned_dataset/brew_tea_split/Seg1/rgb,What word is visible on one of the containers in the red basket?,molmo2,allenai/Molmo2-4B,tea,answered,,30,"[""aligned_dataset/.frames_cache/brew_tea_split/Seg1/cloudy_no_light_rgb/frame_000000.png"", ""aligned_dataset/.frames_cache/brew_tea_split/Seg1/cloudy_no_light_rgb/frame_000030.png"", ""aligned_dataset/.frames_cache/brew_tea_split/Seg1/cloudy_no_light_rgb/frame_000060.png"", ""aligned_dataset/.frames_cache/brew_tea_split/Seg1/cloudy_no_light_rgb/frame_000090.png"", ""aligned_dataset/.frames_cache/brew_tea_split/Seg1/cloudy_no_light_rgb/frame_000120.png"", ""aligned_dataset/.frames_cache/brew_tea_split/Seg1/cloudy_no_light_rgb/frame_000150.png"", ""aligned_dataset/.frames_cache/brew_tea_split/Seg1/cloudy_no_light_rgb/frame_000180.png"", ""aligned_dataset/.frames_cache/brew_tea_split/Seg1/cloudy_no_light_rgb/frame_000210.png"", ""aligned_dataset/.frames_cache/brew_tea_split/Seg1/cloudy_no_light_rgb/frame_000240.png"", ""aligned_dataset/.frames_cache/brew_tea_split/Seg1/cloudy_no_light_rgb/frame_000270.png"", ""aligned_dataset/.frames_cache/brew_tea_split/Seg1/cloudy_no_light_rgb/frame_000300.png"", ""aligned_dataset/.frames_cache/brew_tea_split/Seg1/cloudy_no_light_rgb/frame_000330.png"", ""aligned_dataset/.frames_cache/brew_tea_split/Seg1/cloudy_no_light_rgb/frame_000360.png"", ""aligned_dataset/.frames_cache/brew_tea_split/Seg1/cloudy_no_light_rgb/frame_000390.png"", ""aligned_dataset/.frames_cache/brew_tea_split/Seg1/cloudy_no_light_rgb/frame_000420.png"", ""aligned_dataset/.frames_cache/brew_tea_split/Seg1/with_light_rgb/frame_000450.png"", ""aligned_dataset/.frames_cache/brew_tea_split/Seg1/with_light_rgb/frame_000480.png"", ""aligned_dataset/.frames_cache/brew_tea_split/Seg1/with_light_rgb/frame_000510.png"", ""aligned_dataset/.frames_cache/brew_tea_split/Seg1/with_light_rgb/frame_000540.png"", ""aligned_dataset/.frames_cache/brew_tea_split/Seg1/with_light_rgb/frame_000570.png"", ""aligned_dataset/.frames_cache/brew_tea_split/Seg1/with_light_rgb/frame_000600.png"", ""aligned_dataset/.frames_cache/brew_tea_split/Seg1/with_light_rgb/frame_000630.png"", ""aligned_dataset/.frames_cache/brew_tea_split/Seg1/with_light_rgb/frame_000660.png"", ""aligned_dataset/.frames_cache/brew_tea_split/Seg1/with_light_rgb/frame_000690.png"", ""aligned_dataset/.frames_cache/brew_tea_split/Seg1/with_light_rgb/frame_000720.png"", ""aligned_dataset/.frames_cache/brew_tea_split/Seg1/with_light_rgb/frame_000750.png"", ""aligned_dataset/.frames_cache/brew_tea_split/Seg1/with_light_rgb/frame_000780.png"", ""aligned_dataset/.frames_cache/brew_tea_split/Seg1/with_light_rgb/frame_000810.png"", ""aligned_dataset/.frames_cache/brew_tea_split/Seg1/with_light_rgb/frame_000840.png"", ""aligned_dataset/.frames_cache/brew_tea_split/Seg1/with_light_rgb/frame_000870.png""]"
rgb__aligned_dataset_brew_tea_split_seg1_rgb__text_recognition__02,rgb,text_recognition,aligned_dataset/brew_tea_split/Seg1/rgb,What is the temperature shown on the digital display in frame 000600?,molmo2,allenai/Molmo2-4B,9,answered,,30,"[""aligned_dataset/.frames_cache/brew_tea_split/Seg1/cloudy_no_light_rgb/frame_000600.png"", ""aligned_dataset/.frames_cache/brew_tea_split/Seg1/with_light_rgb/frame_000600.png"", ""aligned_dataset/.frames_cache/brew_tea_split/Seg1/cloudy_no_light_rgb/frame_000000.png"", ""aligned_dataset/.frames_cache/brew_tea_split/Seg1/cloudy_no_light_rgb/frame_000030.png"", ""aligned_dataset/.frames_cache/brew_tea_split/Seg1/cloudy_no_light_rgb/frame_000060.png"", ""aligned_dataset/.frames_cache/brew_tea_split/Seg1/cloudy_no_light_rgb/frame_000090.png"", ""aligned_dataset/.frames_cache/brew_tea_split/Seg1/cloudy_no_light_rgb/frame_000120.png"", ""aligned_dataset/.frames_cache/brew_tea_split/Seg1/with_light_rgb/frame_000150.png"", ""aligned_dataset/.frames_cache/brew_tea_split/Seg1/with_light_rgb/frame_000180.png"", ""aligned_dataset/.frames_cache/brew_tea_split/Seg1/with_light_rgb/frame_000210.png"", ""aligned_dataset/.frames_cache/brew_tea_split/Seg1/with_light_rgb/frame_000240.png"", ""aligned_dataset/.frames_cache/brew_tea_split/Seg1/with_light_rgb/frame_000270.png"", ""aligned_dataset/.frames_cache/brew_tea_split/Seg1/with_light_rgb/frame_000300.png"", ""aligned_dataset/.frames_cache/brew_tea_split/Seg1/with_light_rgb/frame_000330.png"", ""aligned_dataset/.frames_cache/brew_tea_split/Seg1/with_light_rgb/frame_000360.png"", ""aligned_dataset/.frames_cache/brew_tea_split/Seg1/with_light_rgb/frame_000390.png"", ""aligned_dataset/.frames_cache/brew_tea_split/Seg1/cloudy_no_light_rgb/frame_000450.png"", ""aligned_dataset/.frames_cache/brew_tea_split/Seg1/cloudy_no_light_rgb/frame_000480.png"", ""aligned_dataset/.frames_cache/brew_tea_split/Seg1/cloudy_no_light_rgb/frame_000510.png"", ""aligned_dataset/.frames_cache/brew_tea_split/Seg1/cloudy_no_light_rgb/frame_000540.png"", ""aligned_dataset/.frames_cache/brew_tea_split/Seg1/cloudy_no_light_rgb/frame_000570.png"", ""aligned_dataset/.frames_cache/brew_tea_split/Seg1/cloudy_no_light_rgb/frame_000630.png"", ""aligned_dataset/.frames_cache/brew_tea_split/Seg1/cloudy_no_light_rgb/frame_000660.png"", ""aligned_dataset/.frames_cache/brew_tea_split/Seg1/cloudy_no_light_rgb/frame_000690.png"", ""aligned_dataset/.frames_cache/brew_tea_split/Seg1/cloudy_no_light_rgb/frame_000720.png"", ""aligned_dataset/.frames_cache/brew_tea_split/Seg1/with_light_rgb/frame_000750.png"", ""aligned_dataset/.frames_cache/brew_tea_split/Seg1/with_light_rgb/frame_000780.png"", ""aligned_dataset/.frames_cache/brew_tea_split/Seg1/with_light_rgb/frame_000810.png"", ""aligned_dataset/.frames_cache/brew_tea_split/Seg1/with_light_rgb/frame_000840.png"", ""aligned_dataset/.frames_cache/brew_tea_split/Seg1/with_light_rgb/frame_000870.png""]"
rgb__aligned_dataset_brew_tea_split_seg1_rgb__text_recognition__03,rgb,text_recognition,aligned_dataset/brew_tea_split/Seg1/rgb,What word is visible on another container near the first one in the red basket?,molmo2,allenai/Molmo2-4B,tea,answered,,30,"[""aligned_dataset/.frames_cache/brew_tea_split/Seg1/cloudy_no_light_rgb/frame_000000.png"", ""aligned_dataset/.frames_cache/brew_tea_split/Seg1/cloudy_no_light_rgb/frame_000030.png"", ""aligned_dataset/.frames_cache/brew_tea_split/Seg1/cloudy_no_light_rgb/frame_000060.png"", ""aligned_dataset/.frames_cache/brew_tea_split/Seg1/cloudy_no_light_rgb/frame_000090.png"", ""aligned_dataset/.frames_cache/brew_tea_split/Seg1/cloudy_no_light_rgb/frame_000120.png"", ""aligned_dataset/.frames_cache/brew_tea_split/Seg1/cloudy_no_light_rgb/frame_000150.png"", ""aligned_dataset/.frames_cache/brew_tea_split/Seg1/cloudy_no_light_rgb/frame_000180.png"", ""aligned_dataset/.frames_cache/brew_tea_split/Seg1/cloudy_no_light_rgb/frame_000210.png"", ""aligned_dataset/.frames_cache/brew_tea_split/Seg1/cloudy_no_light_rgb/frame_000240.png"", ""aligned_dataset/.frames_cache/brew_tea_split/Seg1/cloudy_no_light_rgb/frame_000270.png"", ""aligned_dataset/.frames_cache/brew_tea_split/Seg1/cloudy_no_light_rgb/frame_000300.png"", ""aligned_dataset/.frames_cache/brew_tea_split/Seg1/cloudy_no_light_rgb/frame_000330.png"", ""aligned_dataset/.frames_cache/brew_tea_split/Seg1/cloudy_no_light_rgb/frame_000360.png"", ""aligned_dataset/.frames_cache/brew_tea_split/Seg1/cloudy_no_light_rgb/frame_000390.png"", ""aligned_dataset/.frames_cache/brew_tea_split/Seg1/cloudy_no_light_rgb/frame_000420.png"", ""aligned_dataset/.frames_cache/brew_tea_split/Seg1/with_light_rgb/frame_000450.png"", ""aligned_dataset/.frames_cache/brew_tea_split/Seg1/with_light_rgb/frame_000480.png"", ""aligned_dataset/.frames_cache/brew_tea_split/Seg1/with_light_rgb/frame_000510.png"", ""aligned_dataset/.frames_cache/brew_tea_split/Seg1/with_light_rgb/frame_000540.png"", ""aligned_dataset/.frames_cache/brew_tea_split/Seg1/with_light_rgb/frame_000570.png"", ""aligned_dataset/.frames_cache/brew_tea_split/Seg1/with_light_rgb/frame_000600.png"", ""aligned_dataset/.frames_cache/brew_tea_split/Seg1/with_light_rgb/frame_000630.png"", ""aligned_dataset/.frames_cache/brew_tea_split/Seg1/with_light_rgb/frame_000660.png"", ""aligned_dataset/.frames_cache/brew_tea_split/Seg1/with_light_rgb/frame_000690.png"", ""aligned_dataset/.frames_cache/brew_tea_split/Seg1/with_light_rgb/frame_000720.png"", ""aligned_dataset/.frames_cache/brew_tea_split/Seg1/with_light_rgb/frame_000750.png"", ""aligned_dataset/.frames_cache/brew_tea_split/Seg1/with_light_rgb/frame_000780.png"", ""aligned_dataset/.frames_cache/brew_tea_split/Seg1/with_light_rgb/frame_000810.png"", ""aligned_dataset/.frames_cache/brew_tea_split/Seg1/with_light_rgb/frame_000840.png"", ""aligned_dataset/.frames_cache/brew_tea_split/Seg1/with_light_rgb/frame_000870.png""]"
rgb__aligned_dataset_brew_tea_split_seg1_rgb__text_recognition__04,rgb,text_recognition,aligned_dataset/brew_tea_split/Seg1/rgb,What language are the characters on the tea tray in?,molmo2,allenai/Molmo2-4B,Japanese,answered,,30,"[""aligned_dataset/.frames_cache/brew_tea_split/Seg1/cloudy_no_light_rgb/frame_000000.png"", ""aligned_dataset/.frames_cache/brew_tea_split/Seg1/cloudy_no_light_rgb/frame_000030.png"", ""aligned_dataset/.frames_cache/brew_tea_split/Seg1/cloudy_no_light_rgb/frame_000060.png"", ""aligned_dataset/.frames_cache/brew_tea_split/Seg1/cloudy_no_light_rgb/frame_000090.png"", ""aligned_dataset/.frames_cache/brew_tea_split/Seg1/cloudy_no_light_rgb/frame_000120.png"", ""aligned_dataset/.frames_cache/brew_tea_split/Seg1/cloudy_no_light_rgb/frame_000150.png"", ""aligned_dataset/.frames_cache/brew_tea_split/Seg1/cloudy_no_light_rgb/frame_000180.png"", ""aligned_dataset/.frames_cache/brew_tea_split/Seg1/cloudy_no_light_rgb/frame_000210.png"", ""aligned_dataset/.frames_cache/brew_tea_split/Seg1/cloudy_no_light_rgb/frame_000240.png"", ""aligned_dataset/.frames_cache/brew_tea_split/Seg1/cloudy_no_light_rgb/frame_000270.png"", ""aligned_dataset/.frames_cache/brew_tea_split/Seg1/cloudy_no_light_rgb/frame_000300.png"", ""aligned_dataset/.frames_cache/brew_tea_split/Seg1/cloudy_no_light_rgb/frame_000330.png"", ""aligned_dataset/.frames_cache/brew_tea_split/Seg1/cloudy_no_light_rgb/frame_000360.png"", ""aligned_dataset/.frames_cache/brew_tea_split/Seg1/cloudy_no_light_rgb/frame_000390.png"", ""aligned_dataset/.frames_cache/brew_tea_split/Seg1/cloudy_no_light_rgb/frame_000420.png"", ""aligned_dataset/.frames_cache/brew_tea_split/Seg1/with_light_rgb/frame_000450.png"", ""aligned_dataset/.frames_cache/brew_tea_split/Seg1/with_light_rgb/frame_000480.png"", ""aligned_dataset/.frames_cache/brew_tea_split/Seg1/with_light_rgb/frame_000510.png"", ""aligned_dataset/.frames_cache/brew_tea_split/Seg1/with_light_rgb/frame_000540.png"", ""aligned_dataset/.frames_cache/brew_tea_split/Seg1/with_light_rgb/frame_000570.png"", ""aligned_dataset/.frames_cache/brew_tea_split/Seg1/with_light_rgb/frame_000600.png"", ""aligned_dataset/.frames_cache/brew_tea_split/Seg1/with_light_rgb/frame_000630.png"", ""aligned_dataset/.frames_cache/brew_tea_split/Seg1/with_light_rgb/frame_000660.png"", ""aligned_dataset/.frames_cache/brew_tea_split/Seg1/with_light_rgb/frame_000690.png"", ""aligned_dataset/.frames_cache/brew_tea_split/Seg1/with_light_rgb/frame_000720.png"", ""aligned_dataset/.frames_cache/brew_tea_split/Seg1/with_light_rgb/frame_000750.png"", ""aligned_dataset/.frames_cache/brew_tea_split/Seg1/with_light_rgb/frame_000780.png"", ""aligned_dataset/.frames_cache/brew_tea_split/Seg1/with_light_rgb/frame_000810.png"", ""aligned_dataset/.frames_cache/brew_tea_split/Seg1/with_light_rgb/frame_000840.png"", ""aligned_dataset/.frames_cache/brew_tea_split/Seg1/with_light_rgb/frame_000870.png""]"
rgb__aligned_dataset_brew_tea_split_seg1_rgb__text_recognition__05,rgb,text_recognition,aligned_dataset/brew_tea_split/Seg1/rgb,What is the temperature reading in frame 000690?,molmo2,allenai/Molmo2-4B,9,answered,,30,"[""aligned_dataset/.frames_cache/brew_tea_split/Seg1/cloudy_no_light_rgb/frame_000690.png"", ""aligned_dataset/.frames_cache/brew_tea_split/Seg1/with_light_rgb/frame_000690.png"", ""aligned_dataset/.frames_cache/brew_tea_split/Seg1/cloudy_no_light_rgb/frame_000000.png"", ""aligned_dataset/.frames_cache/brew_tea_split/Seg1/cloudy_no_light_rgb/frame_000030.png"", ""aligned_dataset/.frames_cache/brew_tea_split/Seg1/cloudy_no_light_rgb/frame_000060.png"", ""aligned_dataset/.frames_cache/brew_tea_split/Seg1/cloudy_no_light_rgb/frame_000090.png"", ""aligned_dataset/.frames_cache/brew_tea_split/Seg1/cloudy_no_light_rgb/frame_000120.png"", ""aligned_dataset/.frames_cache/brew_tea_split/Seg1/with_light_rgb/frame_000150.png"", ""aligned_dataset/.frames_cache/brew_tea_split/Seg1/with_light_rgb/frame_000180.png"", ""aligned_dataset/.frames_cache/brew_tea_split/Seg1/with_light_rgb/frame_000210.png"", ""aligned_dataset/.frames_cache/brew_tea_split/Seg1/with_light_rgb/frame_000240.png"", ""aligned_dataset/.frames_cache/brew_tea_split/Seg1/with_light_rgb/frame_000270.png"", ""aligned_dataset/.frames_cache/brew_tea_split/Seg1/with_light_rgb/frame_000300.png"", ""aligned_dataset/.frames_cache/brew_tea_split/Seg1/with_light_rgb/frame_000330.png"", ""aligned_dataset/.frames_cache/brew_tea_split/Seg1/with_light_rgb/frame_000360.png"", ""aligned_dataset/.frames_cache/brew_tea_split/Seg1/with_light_rgb/frame_000390.png"", ""aligned_dataset/.frames_cache/brew_tea_split/Seg1/cloudy_no_light_rgb/frame_000450.png"", ""aligned_dataset/.frames_cache/brew_tea_split/Seg1/cloudy_no_light_rgb/frame_000480.png"", ""aligned_dataset/.frames_cache/brew_tea_split/Seg1/cloudy_no_light_rgb/frame_000510.png"", ""aligned_dataset/.frames_cache/brew_tea_split/Seg1/cloudy_no_light_rgb/frame_000540.png"", ""aligned_dataset/.frames_cache/brew_tea_split/Seg1/cloudy_no_light_rgb/frame_000570.png"", ""aligned_dataset/.frames_cache/brew_tea_split/Seg1/cloudy_no_light_rgb/frame_000600.png"", ""aligned_dataset/.frames_cache/brew_tea_split/Seg1/cloudy_no_light_rgb/frame_000630.png"", ""aligned_dataset/.frames_cache/brew_tea_split/Seg1/cloudy_no_light_rgb/frame_000660.png"", ""aligned_dataset/.frames_cache/brew_tea_split/Seg1/cloudy_no_light_rgb/frame_000720.png"", ""aligned_dataset/.frames_cache/brew_tea_split/Seg1/with_light_rgb/frame_000750.png"", ""aligned_dataset/.frames_cache/brew_tea_split/Seg1/with_light_rgb/frame_000780.png"", ""aligned_dataset/.frames_cache/brew_tea_split/Seg1/with_light_rgb/frame_000810.png"", ""aligned_dataset/.frames_cache/brew_tea_split/Seg1/with_light_rgb/frame_000840.png"", ""aligned_dataset/.frames_cache/brew_tea_split/Seg1/with_light_rgb/frame_000870.png""]"
rgb__aligned_dataset_brew_tea_split_seg1_rgb__text_recognition__06,rgb,text_recognition,aligned_dataset/brew_tea_split/Seg1/rgb,What temperature is displayed in frame 000840?,molmo2,allenai/Molmo2-4B,1,answered,,30,"[""aligned_dataset/.frames_cache/brew_tea_split/Seg1/cloudy_no_light_rgb/frame_000840.png"", ""aligned_dataset/.frames_cache/brew_tea_split/Seg1/with_light_rgb/frame_000840.png"", ""aligned_dataset/.frames_cache/brew_tea_split/Seg1/cloudy_no_light_rgb/frame_000000.png"", ""aligned_dataset/.frames_cache/brew_tea_split/Seg1/cloudy_no_light_rgb/frame_000030.png"", ""aligned_dataset/.frames_cache/brew_tea_split/Seg1/cloudy_no_light_rgb/frame_000060.png"", ""aligned_dataset/.frames_cache/brew_tea_split/Seg1/cloudy_no_light_rgb/frame_000090.png"", ""aligned_dataset/.frames_cache/brew_tea_split/Seg1/cloudy_no_light_rgb/frame_000120.png"", ""aligned_dataset/.frames_cache/brew_tea_split/Seg1/with_light_rgb/frame_000150.png"", ""aligned_dataset/.frames_cache/brew_tea_split/Seg1/with_light_rgb/frame_000180.png"", ""aligned_dataset/.frames_cache/brew_tea_split/Seg1/with_light_rgb/frame_000210.png"", ""aligned_dataset/.frames_cache/brew_tea_split/Seg1/with_light_rgb/frame_000240.png"", ""aligned_dataset/.frames_cache/brew_tea_split/Seg1/with_light_rgb/frame_000270.png"", ""aligned_dataset/.frames_cache/brew_tea_split/Seg1/with_light_rgb/frame_000300.png"", ""aligned_dataset/.frames_cache/brew_tea_split/Seg1/with_light_rgb/frame_000330.png"", ""aligned_dataset/.frames_cache/brew_tea_split/Seg1/with_light_rgb/frame_000360.png"", ""aligned_dataset/.frames_cache/brew_tea_split/Seg1/with_light_rgb/frame_000390.png"", ""aligned_dataset/.frames_cache/brew_tea_split/Seg1/cloudy_no_light_rgb/frame_000450.png"", ""aligned_dataset/.frames_cache/brew_tea_split/Seg1/cloudy_no_light_rgb/frame_000480.png"", ""aligned_dataset/.frames_cache/brew_tea_split/Seg1/cloudy_no_light_rgb/frame_000510.png"", ""aligned_dataset/.frames_cache/brew_tea_split/Seg1/cloudy_no_light_rgb/frame_000540.png"", ""aligned_dataset/.frames_cache/brew_tea_split/Seg1/cloudy_no_light_rgb/frame_000570.png"", ""aligned_dataset/.frames_cache/brew_tea_split/Seg1/cloudy_no_light_rgb/frame_000600.png"", ""aligned_dataset/.frames_cache/brew_tea_split/Seg1/cloudy_no_light_rgb/frame_000630.png"", ""aligned_dataset/.frames_cache/brew_tea_split/Seg1/cloudy_no_light_rgb/frame_000660.png"", ""aligned_dataset/.frames_cache/brew_tea_split/Seg1/cloudy_no_light_rgb/frame_000690.png"", ""aligned_dataset/.frames_cache/brew_tea_split/Seg1/with_light_rgb/frame_000720.png"", ""aligned_dataset/.frames_cache/brew_tea_split/Seg1/with_light_rgb/frame_000750.png"", ""aligned_dataset/.frames_cache/brew_tea_split/Seg1/with_light_rgb/frame_000780.png"", ""aligned_dataset/.frames_cache/brew_tea_split/Seg1/with_light_rgb/frame_000810.png"", ""aligned_dataset/.frames_cache/brew_tea_split/Seg1/with_light_rgb/frame_000870.png""]"
rgb__aligned_dataset_brew_tea_split_seg1_rgb__text_recognition__07,rgb,text_recognition,aligned_dataset/brew_tea_split/Seg1/rgb,What is the final temperature shown in the video?,molmo2,allenai/Molmo2-4B,1,answered,,30,"[""aligned_dataset/.frames_cache/brew_tea_split/Seg1/cloudy_no_light_rgb/frame_000000.png"", ""aligned_dataset/.frames_cache/brew_tea_split/Seg1/cloudy_no_light_rgb/frame_000030.png"", ""aligned_dataset/.frames_cache/brew_tea_split/Seg1/cloudy_no_light_rgb/frame_000060.png"", ""aligned_dataset/.frames_cache/brew_tea_split/Seg1/cloudy_no_light_rgb/frame_000090.png"", ""aligned_dataset/.frames_cache/brew_tea_split/Seg1/cloudy_no_light_rgb/frame_000120.png"", ""aligned_dataset/.frames_cache/brew_tea_split/Seg1/cloudy_no_light_rgb/frame_000150.png"", ""aligned_dataset/.frames_cache/brew_tea_split/Seg1/cloudy_no_light_rgb/frame_000180.png"", ""aligned_dataset/.frames_cache/brew_tea_split/Seg1/cloudy_no_light_rgb/frame_000210.png"", ""aligned_dataset/.frames_cache/brew_tea_split/Seg1/cloudy_no_light_rgb/frame_000240.png"", ""aligned_dataset/.frames_cache/brew_tea_split/Seg1/cloudy_no_light_rgb/frame_000270.png"", ""aligned_dataset/.frames_cache/brew_tea_split/Seg1/cloudy_no_light_rgb/frame_000300.png"", ""aligned_dataset/.frames_cache/brew_tea_split/Seg1/cloudy_no_light_rgb/frame_000330.png"", ""aligned_dataset/.frames_cache/brew_tea_split/Seg1/cloudy_no_light_rgb/frame_000360.png"", ""aligned_dataset/.frames_cache/brew_tea_split/Seg1/cloudy_no_light_rgb/frame_000390.png"", ""aligned_dataset/.frames_cache/brew_tea_split/Seg1/cloudy_no_light_rgb/frame_000420.png"", ""aligned_dataset/.frames_cache/brew_tea_split/Seg1/with_light_rgb/frame_000450.png"", ""aligned_dataset/.frames_cache/brew_tea_split/Seg1/with_light_rgb/frame_000480.png"", ""aligned_dataset/.frames_cache/brew_tea_split/Seg1/with_light_rgb/frame_000510.png"", ""aligned_dataset/.frames_cache/brew_tea_split/Seg1/with_light_rgb/frame_000540.png"", ""aligned_dataset/.frames_cache/brew_tea_split/Seg1/with_light_rgb/frame_000570.png"", ""aligned_dataset/.frames_cache/brew_tea_split/Seg1/with_light_rgb/frame_000600.png"", ""aligned_dataset/.frames_cache/brew_tea_split/Seg1/with_light_rgb/frame_000630.png"", ""aligned_dataset/.frames_cache/brew_tea_split/Seg1/with_light_rgb/frame_000660.png"", ""aligned_dataset/.frames_cache/brew_tea_split/Seg1/with_light_rgb/frame_000690.png"", ""aligned_dataset/.frames_cache/brew_tea_split/Seg1/with_light_rgb/frame_000720.png"", ""aligned_dataset/.frames_cache/brew_tea_split/Seg1/with_light_rgb/frame_000750.png"", ""aligned_dataset/.frames_cache/brew_tea_split/Seg1/with_light_rgb/frame_000780.png"", ""aligned_dataset/.frames_cache/brew_tea_split/Seg1/with_light_rgb/frame_000810.png"", ""aligned_dataset/.frames_cache/brew_tea_split/Seg1/with_light_rgb/frame_000840.png"", ""aligned_dataset/.frames_cache/brew_tea_split/Seg1/with_light_rgb/frame_000870.png""]"
rgb__aligned_dataset_brew_tea_split_seg1_rgb__text_recognition__08,rgb,text_recognition,aligned_dataset/brew_tea_split/Seg1/rgb,What color are the characters on the tea tray?,molmo2,allenai/Molmo2-4B,white,answered,,30,"[""aligned_dataset/.frames_cache/brew_tea_split/Seg1/cloudy_no_light_rgb/frame_000000.png"", ""aligned_dataset/.frames_cache/brew_tea_split/Seg1/cloudy_no_light_rgb/frame_000030.png"", ""aligned_dataset/.frames_cache/brew_tea_split/Seg1/cloudy_no_light_rgb/frame_000060.png"", ""aligned_dataset/.frames_cache/brew_tea_split/Seg1/cloudy_no_light_rgb/frame_000090.png"", ""aligned_dataset/.frames_cache/brew_tea_split/Seg1/cloudy_no_light_rgb/frame_000120.png"", ""aligned_dataset/.frames_cache/brew_tea_split/Seg1/cloudy_no_light_rgb/frame_000150.png"", ""aligned_dataset/.frames_cache/brew_tea_split/Seg1/cloudy_no_light_rgb/frame_000180.png"", ""aligned_dataset/.frames_cache/brew_tea_split/Seg1/cloudy_no_light_rgb/frame_000210.png"", ""aligned_dataset/.frames_cache/brew_tea_split/Seg1/cloudy_no_light_rgb/frame_000240.png"", ""aligned_dataset/.frames_cache/brew_tea_split/Seg1/cloudy_no_light_rgb/frame_000270.png"", ""aligned_dataset/.frames_cache/brew_tea_split/Seg1/cloudy_no_light_rgb/frame_000300.png"", ""aligned_dataset/.frames_cache/brew_tea_split/Seg1/cloudy_no_light_rgb/frame_000330.png"", ""aligned_dataset/.frames_cache/brew_tea_split/Seg1/cloudy_no_light_rgb/frame_000360.png"", ""aligned_dataset/.frames_cache/brew_tea_split/Seg1/cloudy_no_light_rgb/frame_000390.png"", ""aligned_dataset/.frames_cache/brew_tea_split/Seg1/cloudy_no_light_rgb/frame_000420.png"", ""aligned_dataset/.frames_cache/brew_tea_split/Seg1/with_light_rgb/frame_000450.png"", ""aligned_dataset/.frames_cache/brew_tea_split/Seg1/with_light_rgb/frame_000480.png"", ""aligned_dataset/.frames_cache/brew_tea_split/Seg1/with_light_rgb/frame_000510.png"", ""aligned_dataset/.frames_cache/brew_tea_split/Seg1/with_light_rgb/frame_000540.png"", ""aligned_dataset/.frames_cache/brew_tea_split/Seg1/with_light_rgb/frame_000570.png"", ""aligned_dataset/.frames_cache/brew_tea_split/Seg1/with_light_rgb/frame_000600.png"", ""aligned_dataset/.frames_cache/brew_tea_split/Seg1/with_light_rgb/frame_000630.png"", ""aligned_dataset/.frames_cache/brew_tea_split/Seg1/with_light_rgb/frame_000660.png"", ""aligned_dataset/.frames_cache/brew_tea_split/Seg1/with_light_rgb/frame_000690.png"", ""aligned_dataset/.frames_cache/brew_tea_split/Seg1/with_light_rgb/frame_000720.png"", ""aligned_dataset/.frames_cache/brew_tea_split/Seg1/with_light_rgb/frame_000750.png"", ""aligned_dataset/.frames_cache/brew_tea_split/Seg1/with_light_rgb/frame_000780.png"", ""aligned_dataset/.frames_cache/brew_tea_split/Seg1/with_light_rgb/frame_000810.png"", ""aligned_dataset/.frames_cache/brew_tea_split/Seg1/with_light_rgb/frame_000840.png"", ""aligned_dataset/.frames_cache/brew_tea_split/Seg1/with_light_rgb/frame_000870.png""]"
rgb__aligned_dataset_brew_tea_split_seg1_rgb__scene_sequence__01,rgb,scene_sequence,aligned_dataset/brew_tea_split/Seg1/rgb,What is the first thing I see after the darkness?,molmo2,allenai/Molmo2-4B,tea,answered,,30,"[""aligned_dataset/.frames_cache/brew_tea_split/Seg1/cloudy_no_light_rgb/frame_000000.png"", ""aligned_dataset/.frames_cache/brew_tea_split/Seg1/cloudy_no_light_rgb/frame_000030.png"", ""aligned_dataset/.frames_cache/brew_tea_split/Seg1/cloudy_no_light_rgb/frame_000060.png"", ""aligned_dataset/.frames_cache/brew_tea_split/Seg1/cloudy_no_light_rgb/frame_000090.png"", ""aligned_dataset/.frames_cache/brew_tea_split/Seg1/cloudy_no_light_rgb/frame_000120.png"", ""aligned_dataset/.frames_cache/brew_tea_split/Seg1/cloudy_no_light_rgb/frame_000150.png"", ""aligned_dataset/.frames_cache/brew_tea_split/Seg1/cloudy_no_light_rgb/frame_000180.png"", ""aligned_dataset/.frames_cache/brew_tea_split/Seg1/cloudy_no_light_rgb/frame_000210.png"", ""aligned_dataset/.frames_cache/brew_tea_split/Seg1/cloudy_no_light_rgb/frame_000240.png"", ""aligned_dataset/.frames_cache/brew_tea_split/Seg1/cloudy_no_light_rgb/frame_000270.png"", ""aligned_dataset/.frames_cache/brew_tea_split/Seg1/cloudy_no_light_rgb/frame_000300.png"", ""aligned_dataset/.frames_cache/brew_tea_split/Seg1/cloudy_no_light_rgb/frame_000330.png"", ""aligned_dataset/.frames_cache/brew_tea_split/Seg1/cloudy_no_light_rgb/frame_000360.png"", ""aligned_dataset/.frames_cache/brew_tea_split/Seg1/cloudy_no_light_rgb/frame_000390.png"", ""aligned_dataset/.frames_cache/brew_tea_split/Seg1/cloudy_no_light_rgb/frame_000420.png"", ""aligned_dataset/.frames_cache/brew_tea_split/Seg1/with_light_rgb/frame_000450.png"", ""aligned_dataset/.frames_cache/brew_tea_split/Seg1/with_light_rgb/frame_000480.png"", ""aligned_dataset/.frames_cache/brew_tea_split/Seg1/with_light_rgb/frame_000510.png"", ""aligned_dataset/.frames_cache/brew_tea_split/Seg1/with_light_rgb/frame_000540.png"", ""aligned_dataset/.frames_cache/brew_tea_split/Seg1/with_light_rgb/frame_000570.png"", ""aligned_dataset/.frames_cache/brew_tea_split/Seg1/with_light_rgb/frame_000600.png"", ""aligned_dataset/.frames_cache/brew_tea_split/Seg1/with_light_rgb/frame_000630.png"", ""aligned_dataset/.frames_cache/brew_tea_split/Seg1/with_light_rgb/frame_000660.png"", ""aligned_dataset/.frames_cache/brew_tea_split/Seg1/with_light_rgb/frame_000690.png"", ""aligned_dataset/.frames_cache/brew_tea_split/Seg1/with_light_rgb/frame_000720.png"", ""aligned_dataset/.frames_cache/brew_tea_split/Seg1/with_light_rgb/frame_000750.png"", ""aligned_dataset/.frames_cache/brew_tea_split/Seg1/with_light_rgb/frame_000780.png"", ""aligned_dataset/.frames_cache/brew_tea_split/Seg1/with_light_rgb/frame_000810.png"", ""aligned_dataset/.frames_cache/brew_tea_split/Seg1/with_light_rgb/frame_000840.png"", ""aligned_dataset/.frames_cache/brew_tea_split/Seg1/with_light_rgb/frame_000870.png""]"
rgb__aligned_dataset_brew_tea_split_seg1_rgb__scene_sequence__05,rgb,scene_sequence,aligned_dataset/brew_tea_split/Seg1/rgb,What did the hand interact with first?,molmo2,allenai/Molmo2-4B,tea,answered,,30,"[""aligned_dataset/.frames_cache/brew_tea_split/Seg1/cloudy_no_light_rgb/frame_000000.png"", ""aligned_dataset/.frames_cache/brew_tea_split/Seg1/cloudy_no_light_rgb/frame_000030.png"", ""aligned_dataset/.frames_cache/brew_tea_split/Seg1/cloudy_no_light_rgb/frame_000060.png"", ""aligned_dataset/.frames_cache/brew_tea_split/Seg1/cloudy_no_light_rgb/frame_000090.png"", ""aligned_dataset/.frames_cache/brew_tea_split/Seg1/cloudy_no_light_rgb/frame_000120.png"", ""aligned_dataset/.frames_cache/brew_tea_split/Seg1/cloudy_no_light_rgb/frame_000150.png"", ""aligned_dataset/.frames_cache/brew_tea_split/Seg1/cloudy_no_light_rgb/frame_000180.png"", ""aligned_dataset/.frames_cache/brew_tea_split/Seg1/cloudy_no_light_rgb/frame_000210.png"", ""aligned_dataset/.frames_cache/brew_tea_split/Seg1/cloudy_no_light_rgb/frame_000240.png"", ""aligned_dataset/.frames_cache/brew_tea_split/Seg1/cloudy_no_light_rgb/frame_000270.png"", ""aligned_dataset/.frames_cache/brew_tea_split/Seg1/cloudy_no_light_rgb/frame_000300.png"", ""aligned_dataset/.frames_cache/brew_tea_split/Seg1/cloudy_no_light_rgb/frame_000330.png"", ""aligned_dataset/.frames_cache/brew_tea_split/Seg1/cloudy_no_light_rgb/frame_000360.png"", ""aligned_dataset/.frames_cache/brew_tea_split/Seg1/cloudy_no_light_rgb/frame_000390.png"", ""aligned_dataset/.frames_cache/brew_tea_split/Seg1/cloudy_no_light_rgb/frame_000420.png"", ""aligned_dataset/.frames_cache/brew_tea_split/Seg1/with_light_rgb/frame_000450.png"", ""aligned_dataset/.frames_cache/brew_tea_split/Seg1/with_light_rgb/frame_000480.png"", ""aligned_dataset/.frames_cache/brew_tea_split/Seg1/with_light_rgb/frame_000510.png"", ""aligned_dataset/.frames_cache/brew_tea_split/Seg1/with_light_rgb/frame_000540.png"", ""aligned_dataset/.frames_cache/brew_tea_split/Seg1/with_light_rgb/frame_000570.png"", ""aligned_dataset/.frames_cache/brew_tea_split/Seg1/with_light_rgb/frame_000600.png"", ""aligned_dataset/.frames_cache/brew_tea_split/Seg1/with_light_rgb/frame_000630.png"", ""aligned_dataset/.frames_cache/brew_tea_split/Seg1/with_light_rgb/frame_000660.png"", ""aligned_dataset/.frames_cache/brew_tea_split/Seg1/with_light_rgb/frame_000690.png"", ""aligned_dataset/.frames_cache/brew_tea_split/Seg1/with_light_rgb/frame_000720.png"", ""aligned_dataset/.frames_cache/brew_tea_split/Seg1/with_light_rgb/frame_000750.png"", ""aligned_dataset/.frames_cache/brew_tea_split/Seg1/with_light_rgb/frame_000780.png"", ""aligned_dataset/.frames_cache/brew_tea_split/Seg1/with_light_rgb/frame_000810.png"", ""aligned_dataset/.frames_cache/brew_tea_split/Seg1/with_light_rgb/frame_000840.png"", ""aligned_dataset/.frames_cache/brew_tea_split/Seg1/with_light_rgb/frame_000870.png""]"
rgb__aligned_dataset_brew_tea_split_seg1_rgb__scene_sequence__06,rgb,scene_sequence,aligned_dataset/brew_tea_split/Seg1/rgb,What is the final scene shown in the video?,molmo2,allenai/Molmo2-4B,put,answered,,30,"[""aligned_dataset/.frames_cache/brew_tea_split/Seg1/cloudy_no_light_rgb/frame_000000.png"", ""aligned_dataset/.frames_cache/brew_tea_split/Seg1/cloudy_no_light_rgb/frame_000030.png"", ""aligned_dataset/.frames_cache/brew_tea_split/Seg1/cloudy_no_light_rgb/frame_000060.png"", ""aligned_dataset/.frames_cache/brew_tea_split/Seg1/cloudy_no_light_rgb/frame_000090.png"", ""aligned_dataset/.frames_cache/brew_tea_split/Seg1/cloudy_no_light_rgb/frame_000120.png"", ""aligned_dataset/.frames_cache/brew_tea_split/Seg1/cloudy_no_light_rgb/frame_000150.png"", ""aligned_dataset/.frames_cache/brew_tea_split/Seg1/cloudy_no_light_rgb/frame_000180.png"", ""aligned_dataset/.frames_cache/brew_tea_split/Seg1/cloudy_no_light_rgb/frame_000210.png"", ""aligned_dataset/.frames_cache/brew_tea_split/Seg1/cloudy_no_light_rgb/frame_000240.png"", ""aligned_dataset/.frames_cache/brew_tea_split/Seg1/cloudy_no_light_rgb/frame_000270.png"", ""aligned_dataset/.frames_cache/brew_tea_split/Seg1/cloudy_no_light_rgb/frame_000300.png"", ""aligned_dataset/.frames_cache/brew_tea_split/Seg1/cloudy_no_light_rgb/frame_000330.png"", ""aligned_dataset/.frames_cache/brew_tea_split/Seg1/cloudy_no_light_rgb/frame_000360.png"", ""aligned_dataset/.frames_cache/brew_tea_split/Seg1/cloudy_no_light_rgb/frame_000390.png"", ""aligned_dataset/.frames_cache/brew_tea_split/Seg1/cloudy_no_light_rgb/frame_000420.png"", ""aligned_dataset/.frames_cache/brew_tea_split/Seg1/with_light_rgb/frame_000450.png"", ""aligned_dataset/.frames_cache/brew_tea_split/Seg1/with_light_rgb/frame_000480.png"", ""aligned_dataset/.frames_cache/brew_tea_split/Seg1/with_light_rgb/frame_000510.png"", ""aligned_dataset/.frames_cache/brew_tea_split/Seg1/with_light_rgb/frame_000540.png"", ""aligned_dataset/.frames_cache/brew_tea_split/Seg1/with_light_rgb/frame_000570.png"", ""aligned_dataset/.frames_cache/brew_tea_split/Seg1/with_light_rgb/frame_000600.png"", ""aligned_dataset/.frames_cache/brew_tea_split/Seg1/with_light_rgb/frame_000630.png"", ""aligned_dataset/.frames_cache/brew_tea_split/Seg1/with_light_rgb/frame_000660.png"", ""aligned_dataset/.frames_cache/brew_tea_split/Seg1/with_light_rgb/frame_000690.png"", ""aligned_dataset/.frames_cache/brew_tea_split/Seg1/with_light_rgb/frame_000720.png"", ""aligned_dataset/.frames_cache/brew_tea_split/Seg1/with_light_rgb/frame_000750.png"", ""aligned_dataset/.frames_cache/brew_tea_split/Seg1/with_light_rgb/frame_000780.png"", ""aligned_dataset/.frames_cache/brew_tea_split/Seg1/with_light_rgb/frame_000810.png"", ""aligned_dataset/.frames_cache/brew_tea_split/Seg1/with_light_rgb/frame_000840.png"", ""aligned_dataset/.frames_cache/brew_tea_split/Seg1/with_light_rgb/frame_000870.png""]"
rgb__aligned_dataset_brew_tea_split_seg1_rgb__scene_sequence__07,rgb,scene_sequence,aligned_dataset/brew_tea_split/Seg1/rgb,Did the camera move between different rooms?,molmo2,allenai/Molmo2-4B,no,answered,,30,"[""aligned_dataset/.frames_cache/brew_tea_split/Seg1/cloudy_no_light_rgb/frame_000000.png"", ""aligned_dataset/.frames_cache/brew_tea_split/Seg1/cloudy_no_light_rgb/frame_000030.png"", ""aligned_dataset/.frames_cache/brew_tea_split/Seg1/cloudy_no_light_rgb/frame_000060.png"", ""aligned_dataset/.frames_cache/brew_tea_split/Seg1/cloudy_no_light_rgb/frame_000090.png"", ""aligned_dataset/.frames_cache/brew_tea_split/Seg1/cloudy_no_light_rgb/frame_000120.png"", ""aligned_dataset/.frames_cache/brew_tea_split/Seg1/cloudy_no_light_rgb/frame_000150.png"", ""aligned_dataset/.frames_cache/brew_tea_split/Seg1/cloudy_no_light_rgb/frame_000180.png"", ""aligned_dataset/.frames_cache/brew_tea_split/Seg1/cloudy_no_light_rgb/frame_000210.png"", ""aligned_dataset/.frames_cache/brew_tea_split/Seg1/cloudy_no_light_rgb/frame_000240.png"", ""aligned_dataset/.frames_cache/brew_tea_split/Seg1/cloudy_no_light_rgb/frame_000270.png"", ""aligned_dataset/.frames_cache/brew_tea_split/Seg1/cloudy_no_light_rgb/frame_000300.png"", ""aligned_dataset/.frames_cache/brew_tea_split/Seg1/cloudy_no_light_rgb/frame_000330.png"", ""aligned_dataset/.frames_cache/brew_tea_split/Seg1/cloudy_no_light_rgb/frame_000360.png"", ""aligned_dataset/.frames_cache/brew_tea_split/Seg1/cloudy_no_light_rgb/frame_000390.png"", ""aligned_dataset/.frames_cache/brew_tea_split/Seg1/cloudy_no_light_rgb/frame_000420.png"", ""aligned_dataset/.frames_cache/brew_tea_split/Seg1/with_light_rgb/frame_000450.png"", ""aligned_dataset/.frames_cache/brew_tea_split/Seg1/with_light_rgb/frame_000480.png"", ""aligned_dataset/.frames_cache/brew_tea_split/Seg1/with_light_rgb/frame_000510.png"", ""aligned_dataset/.frames_cache/brew_tea_split/Seg1/with_light_rgb/frame_000540.png"", ""aligned_dataset/.frames_cache/brew_tea_split/Seg1/with_light_rgb/frame_000570.png"", ""aligned_dataset/.frames_cache/brew_tea_split/Seg1/with_light_rgb/frame_000600.png"", ""aligned_dataset/.frames_cache/brew_tea_split/Seg1/with_light_rgb/frame_000630.png"", ""aligned_dataset/.frames_cache/brew_tea_split/Seg1/with_light_rgb/frame_000660.png"", ""aligned_dataset/.frames_cache/brew_tea_split/Seg1/with_light_rgb/frame_000690.png"", ""aligned_dataset/.frames_cache/brew_tea_split/Seg1/with_light_rgb/frame_000720.png"", ""aligned_dataset/.frames_cache/brew_tea_split/Seg1/with_light_rgb/frame_000750.png"", ""aligned_dataset/.frames_cache/brew_tea_split/Seg1/with_light_rgb/frame_000780.png"", ""aligned_dataset/.frames_cache/brew_tea_split/Seg1/with_light_rgb/frame_000810.png"", ""aligned_dataset/.frames_cache/brew_tea_split/Seg1/with_light_rgb/frame_000840.png"", ""aligned_dataset/.frames_cache/brew_tea_split/Seg1/with_light_rgb/frame_000870.png""]"
rgb__aligned_dataset_brew_tea_split_seg1_rgb__scene_sequence__10,rgb,scene_sequence,aligned_dataset/brew_tea_split/Seg1/rgb,What is the color of the basket in the background?,molmo2,allenai/Molmo2-4B,brown,answered,,30,"[""aligned_dataset/.frames_cache/brew_tea_split/Seg1/cloudy_no_light_rgb/frame_000000.png"", ""aligned_dataset/.frames_cache/brew_tea_split/Seg1/cloudy_no_light_rgb/frame_000030.png"", ""aligned_dataset/.frames_cache/brew_tea_split/Seg1/cloudy_no_light_rgb/frame_000060.png"", ""aligned_dataset/.frames_cache/brew_tea_split/Seg1/cloudy_no_light_rgb/frame_000090.png"", ""aligned_dataset/.frames_cache/brew_tea_split/Seg1/cloudy_no_light_rgb/frame_000120.png"", ""aligned_dataset/.frames_cache/brew_tea_split/Seg1/cloudy_no_light_rgb/frame_000150.png"", ""aligned_dataset/.frames_cache/brew_tea_split/Seg1/cloudy_no_light_rgb/frame_000180.png"", ""aligned_dataset/.frames_cache/brew_tea_split/Seg1/cloudy_no_light_rgb/frame_000210.png"", ""aligned_dataset/.frames_cache/brew_tea_split/Seg1/cloudy_no_light_rgb/frame_000240.png"", ""aligned_dataset/.frames_cache/brew_tea_split/Seg1/cloudy_no_light_rgb/frame_000270.png"", ""aligned_dataset/.frames_cache/brew_tea_split/Seg1/cloudy_no_light_rgb/frame_000300.png"", ""aligned_dataset/.frames_cache/brew_tea_split/Seg1/cloudy_no_light_rgb/frame_000330.png"", ""aligned_dataset/.frames_cache/brew_tea_split/Seg1/cloudy_no_light_rgb/frame_000360.png"", ""aligned_dataset/.frames_cache/brew_tea_split/Seg1/cloudy_no_light_rgb/frame_000390.png"", ""aligned_dataset/.frames_cache/brew_tea_split/Seg1/cloudy_no_light_rgb/frame_000420.png"", ""aligned_dataset/.frames_cache/brew_tea_split/Seg1/with_light_rgb/frame_000450.png"", ""aligned_dataset/.frames_cache/brew_tea_split/Seg1/with_light_rgb/frame_000480.png"", ""aligned_dataset/.frames_cache/brew_tea_split/Seg1/with_light_rgb/frame_000510.png"", ""aligned_dataset/.frames_cache/brew_tea_split/Seg1/with_light_rgb/frame_000540.png"", ""aligned_dataset/.frames_cache/brew_tea_split/Seg1/with_light_rgb/frame_000570.png"", ""aligned_dataset/.frames_cache/brew_tea_split/Seg1/with_light_rgb/frame_000600.png"", ""aligned_dataset/.frames_cache/brew_tea_split/Seg1/with_light_rgb/frame_000630.png"", ""aligned_dataset/.frames_cache/brew_tea_split/Seg1/with_light_rgb/frame_000660.png"", ""aligned_dataset/.frames_cache/brew_tea_split/Seg1/with_light_rgb/frame_000690.png"", ""aligned_dataset/.frames_cache/brew_tea_split/Seg1/with_light_rgb/frame_000720.png"", ""aligned_dataset/.frames_cache/brew_tea_split/Seg1/with_light_rgb/frame_000750.png"", ""aligned_dataset/.frames_cache/brew_tea_split/Seg1/with_light_rgb/frame_000780.png"", ""aligned_dataset/.frames_cache/brew_tea_split/Seg1/with_light_rgb/frame_000810.png"", ""aligned_dataset/.frames_cache/brew_tea_split/Seg1/with_light_rgb/frame_000840.png"", ""aligned_dataset/.frames_cache/brew_tea_split/Seg1/with_light_rgb/frame_000870.png""]"
rgb__aligned_dataset_brew_tea_split_seg1_rgb__light_recognition__01,rgb,light_recognition,aligned_dataset/brew_tea_split/Seg1/rgb,Where are the strongest light reflections visible in the scene?,molmo2,allenai/Molmo2-4B,F,answered,,30,"[""aligned_dataset/.frames_cache/brew_tea_split/Seg1/cloudy_no_light_rgb/frame_000000.png"", ""aligned_dataset/.frames_cache/brew_tea_split/Seg1/cloudy_no_light_rgb/frame_000030.png"", ""aligned_dataset/.frames_cache/brew_tea_split/Seg1/cloudy_no_light_rgb/frame_000060.png"", ""aligned_dataset/.frames_cache/brew_tea_split/Seg1/cloudy_no_light_rgb/frame_000090.png"", ""aligned_dataset/.frames_cache/brew_tea_split/Seg1/cloudy_no_light_rgb/frame_000120.png"", ""aligned_dataset/.frames_cache/brew_tea_split/Seg1/cloudy_no_light_rgb/frame_000150.png"", ""aligned_dataset/.frames_cache/brew_tea_split/Seg1/cloudy_no_light_rgb/frame_000180.png"", ""aligned_dataset/.frames_cache/brew_tea_split/Seg1/cloudy_no_light_rgb/frame_000210.png"", ""aligned_dataset/.frames_cache/brew_tea_split/Seg1/cloudy_no_light_rgb/frame_000240.png"", ""aligned_dataset/.frames_cache/brew_tea_split/Seg1/cloudy_no_light_rgb/frame_000270.png"", ""aligned_dataset/.frames_cache/brew_tea_split/Seg1/cloudy_no_light_rgb/frame_000300.png"", ""aligned_dataset/.frames_cache/brew_tea_split/Seg1/cloudy_no_light_rgb/frame_000330.png"", ""aligned_dataset/.frames_cache/brew_tea_split/Seg1/cloudy_no_light_rgb/frame_000360.png"", ""aligned_dataset/.frames_cache/brew_tea_split/Seg1/cloudy_no_light_rgb/frame_000390.png"", ""aligned_dataset/.frames_cache/brew_tea_split/Seg1/cloudy_no_light_rgb/frame_000420.png"", ""aligned_dataset/.frames_cache/brew_tea_split/Seg1/with_light_rgb/frame_000450.png"", ""aligned_dataset/.frames_cache/brew_tea_split/Seg1/with_light_rgb/frame_000480.png"", ""aligned_dataset/.frames_cache/brew_tea_split/Seg1/with_light_rgb/frame_000510.png"", ""aligned_dataset/.frames_cache/brew_tea_split/Seg1/with_light_rgb/frame_000540.png"", ""aligned_dataset/.frames_cache/brew_tea_split/Seg1/with_light_rgb/frame_000570.png"", ""aligned_dataset/.frames_cache/brew_tea_split/Seg1/with_light_rgb/frame_000600.png"", ""aligned_dataset/.frames_cache/brew_tea_split/Seg1/with_light_rgb/frame_000630.png"", ""aligned_dataset/.frames_cache/brew_tea_split/Seg1/with_light_rgb/frame_000660.png"", ""aligned_dataset/.frames_cache/brew_tea_split/Seg1/with_light_rgb/frame_000690.png"", ""aligned_dataset/.frames_cache/brew_tea_split/Seg1/with_light_rgb/frame_000720.png"", ""aligned_dataset/.frames_cache/brew_tea_split/Seg1/with_light_rgb/frame_000750.png"", ""aligned_dataset/.frames_cache/brew_tea_split/Seg1/with_light_rgb/frame_000780.png"", ""aligned_dataset/.frames_cache/brew_tea_split/Seg1/with_light_rgb/frame_000810.png"", ""aligned_dataset/.frames_cache/brew_tea_split/Seg1/with_light_rgb/frame_000840.png"", ""aligned_dataset/.frames_cache/brew_tea_split/Seg1/with_light_rgb/frame_000870.png""]"
rgb__aligned_dataset_brew_tea_split_seg1_rgb__light_change__01,rgb,light_change,aligned_dataset/brew_tea_split/Seg1/rgb,Did the lights turn on or off at the beginning?,molmo2,allenai/Molmo2-4B,on,answered,,30,"[""aligned_dataset/.frames_cache/brew_tea_split/Seg1/cloudy_no_light_rgb/frame_000000.png"", ""aligned_dataset/.frames_cache/brew_tea_split/Seg1/cloudy_no_light_rgb/frame_000030.png"", ""aligned_dataset/.frames_cache/brew_tea_split/Seg1/cloudy_no_light_rgb/frame_000060.png"", ""aligned_dataset/.frames_cache/brew_tea_split/Seg1/cloudy_no_light_rgb/frame_000090.png"", ""aligned_dataset/.frames_cache/brew_tea_split/Seg1/cloudy_no_light_rgb/frame_000120.png"", ""aligned_dataset/.frames_cache/brew_tea_split/Seg1/cloudy_no_light_rgb/frame_000150.png"", ""aligned_dataset/.frames_cache/brew_tea_split/Seg1/cloudy_no_light_rgb/frame_000180.png"", ""aligned_dataset/.frames_cache/brew_tea_split/Seg1/cloudy_no_light_rgb/frame_000210.png"", ""aligned_dataset/.frames_cache/brew_tea_split/Seg1/cloudy_no_light_rgb/frame_000240.png"", ""aligned_dataset/.frames_cache/brew_tea_split/Seg1/cloudy_no_light_rgb/frame_000270.png"", ""aligned_dataset/.frames_cache/brew_tea_split/Seg1/cloudy_no_light_rgb/frame_000300.png"", ""aligned_dataset/.frames_cache/brew_tea_split/Seg1/cloudy_no_light_rgb/frame_000330.png"", ""aligned_dataset/.frames_cache/brew_tea_split/Seg1/cloudy_no_light_rgb/frame_000360.png"", ""aligned_dataset/.frames_cache/brew_tea_split/Seg1/cloudy_no_light_rgb/frame_000390.png"", ""aligned_dataset/.frames_cache/brew_tea_split/Seg1/cloudy_no_light_rgb/frame_000420.png"", ""aligned_dataset/.frames_cache/brew_tea_split/Seg1/with_light_rgb/frame_000450.png"", ""aligned_dataset/.frames_cache/brew_tea_split/Seg1/with_light_rgb/frame_000480.png"", ""aligned_dataset/.frames_cache/brew_tea_split/Seg1/with_light_rgb/frame_000510.png"", ""aligned_dataset/.frames_cache/brew_tea_split/Seg1/with_light_rgb/frame_000540.png"", ""aligned_dataset/.frames_cache/brew_tea_split/Seg1/with_light_rgb/frame_000570.png"", ""aligned_dataset/.frames_cache/brew_tea_split/Seg1/with_light_rgb/frame_000600.png"", ""aligned_dataset/.frames_cache/brew_tea_split/Seg1/with_light_rgb/frame_000630.png"", ""aligned_dataset/.frames_cache/brew_tea_split/Seg1/with_light_rgb/frame_000660.png"", ""aligned_dataset/.frames_cache/brew_tea_split/Seg1/with_light_rgb/frame_000690.png"", ""aligned_dataset/.frames_cache/brew_tea_split/Seg1/with_light_rgb/frame_000720.png"", ""aligned_dataset/.frames_cache/brew_tea_split/Seg1/with_light_rgb/frame_000750.png"", ""aligned_dataset/.frames_cache/brew_tea_split/Seg1/with_light_rgb/frame_000780.png"", ""aligned_dataset/.frames_cache/brew_tea_split/Seg1/with_light_rgb/frame_000810.png"", ""aligned_dataset/.frames_cache/brew_tea_split/Seg1/with_light_rgb/frame_000840.png"", ""aligned_dataset/.frames_cache/brew_tea_split/Seg1/with_light_rgb/frame_000870.png""]"
rgb__aligned_dataset_brew_tea_split_seg1_rgb__light_change__02,rgb,light_change,aligned_dataset/brew_tea_split/Seg1/rgb,Is the light getting brighter or darker after the initial transition?,molmo2,allenai/Molmo2-4B,d,answered,,30,"[""aligned_dataset/.frames_cache/brew_tea_split/Seg1/cloudy_no_light_rgb/frame_000000.png"", ""aligned_dataset/.frames_cache/brew_tea_split/Seg1/cloudy_no_light_rgb/frame_000030.png"", ""aligned_dataset/.frames_cache/brew_tea_split/Seg1/cloudy_no_light_rgb/frame_000060.png"", ""aligned_dataset/.frames_cache/brew_tea_split/Seg1/cloudy_no_light_rgb/frame_000090.png"", ""aligned_dataset/.frames_cache/brew_tea_split/Seg1/cloudy_no_light_rgb/frame_000120.png"", ""aligned_dataset/.frames_cache/brew_tea_split/Seg1/cloudy_no_light_rgb/frame_000150.png"", ""aligned_dataset/.frames_cache/brew_tea_split/Seg1/cloudy_no_light_rgb/frame_000180.png"", ""aligned_dataset/.frames_cache/brew_tea_split/Seg1/cloudy_no_light_rgb/frame_000210.png"", ""aligned_dataset/.frames_cache/brew_tea_split/Seg1/cloudy_no_light_rgb/frame_000240.png"", ""aligned_dataset/.frames_cache/brew_tea_split/Seg1/cloudy_no_light_rgb/frame_000270.png"", ""aligned_dataset/.frames_cache/brew_tea_split/Seg1/cloudy_no_light_rgb/frame_000300.png"", ""aligned_dataset/.frames_cache/brew_tea_split/Seg1/cloudy_no_light_rgb/frame_000330.png"", ""aligned_dataset/.frames_cache/brew_tea_split/Seg1/cloudy_no_light_rgb/frame_000360.png"", ""aligned_dataset/.frames_cache/brew_tea_split/Seg1/cloudy_no_light_rgb/frame_000390.png"", ""aligned_dataset/.frames_cache/brew_tea_split/Seg1/cloudy_no_light_rgb/frame_000420.png"", ""aligned_dataset/.frames_cache/brew_tea_split/Seg1/with_light_rgb/frame_000450.png"", ""aligned_dataset/.frames_cache/brew_tea_split/Seg1/with_light_rgb/frame_000480.png"", ""aligned_dataset/.frames_cache/brew_tea_split/Seg1/with_light_rgb/frame_000510.png"", ""aligned_dataset/.frames_cache/brew_tea_split/Seg1/with_light_rgb/frame_000540.png"", ""aligned_dataset/.frames_cache/brew_tea_split/Seg1/with_light_rgb/frame_000570.png"", ""aligned_dataset/.frames_cache/brew_tea_split/Seg1/with_light_rgb/frame_000600.png"", ""aligned_dataset/.frames_cache/brew_tea_split/Seg1/with_light_rgb/frame_000630.png"", ""aligned_dataset/.frames_cache/brew_tea_split/Seg1/with_light_rgb/frame_000660.png"", ""aligned_dataset/.frames_cache/brew_tea_split/Seg1/with_light_rgb/frame_000690.png"", ""aligned_dataset/.frames_cache/brew_tea_split/Seg1/with_light_rgb/frame_000720.png"", ""aligned_dataset/.frames_cache/brew_tea_split/Seg1/with_light_rgb/frame_000750.png"", ""aligned_dataset/.frames_cache/brew_tea_split/Seg1/with_light_rgb/frame_000780.png"", ""aligned_dataset/.frames_cache/brew_tea_split/Seg1/with_light_rgb/frame_000810.png"", ""aligned_dataset/.frames_cache/brew_tea_split/Seg1/with_light_rgb/frame_000840.png"", ""aligned_dataset/.frames_cache/brew_tea_split/Seg1/with_light_rgb/frame_000870.png""]"
rgb__aligned_dataset_brew_tea_split_seg1_rgb__light_change__03,rgb,light_change,aligned_dataset/brew_tea_split/Seg1/rgb,Is the light source moving?,molmo2,allenai/Molmo2-4B,no,answered,,30,"[""aligned_dataset/.frames_cache/brew_tea_split/Seg1/cloudy_no_light_rgb/frame_000000.png"", ""aligned_dataset/.frames_cache/brew_tea_split/Seg1/cloudy_no_light_rgb/frame_000030.png"", ""aligned_dataset/.frames_cache/brew_tea_split/Seg1/cloudy_no_light_rgb/frame_000060.png"", ""aligned_dataset/.frames_cache/brew_tea_split/Seg1/cloudy_no_light_rgb/frame_000090.png"", ""aligned_dataset/.frames_cache/brew_tea_split/Seg1/cloudy_no_light_rgb/frame_000120.png"", ""aligned_dataset/.frames_cache/brew_tea_split/Seg1/cloudy_no_light_rgb/frame_000150.png"", ""aligned_dataset/.frames_cache/brew_tea_split/Seg1/cloudy_no_light_rgb/frame_000180.png"", ""aligned_dataset/.frames_cache/brew_tea_split/Seg1/cloudy_no_light_rgb/frame_000210.png"", ""aligned_dataset/.frames_cache/brew_tea_split/Seg1/cloudy_no_light_rgb/frame_000240.png"", ""aligned_dataset/.frames_cache/brew_tea_split/Seg1/cloudy_no_light_rgb/frame_000270.png"", ""aligned_dataset/.frames_cache/brew_tea_split/Seg1/cloudy_no_light_rgb/frame_000300.png"", ""aligned_dataset/.frames_cache/brew_tea_split/Seg1/cloudy_no_light_rgb/frame_000330.png"", ""aligned_dataset/.frames_cache/brew_tea_split/Seg1/cloudy_no_light_rgb/frame_000360.png"", ""aligned_dataset/.frames_cache/brew_tea_split/Seg1/cloudy_no_light_rgb/frame_000390.png"", ""aligned_dataset/.frames_cache/brew_tea_split/Seg1/cloudy_no_light_rgb/frame_000420.png"", ""aligned_dataset/.frames_cache/brew_tea_split/Seg1/with_light_rgb/frame_000450.png"", ""aligned_dataset/.frames_cache/brew_tea_split/Seg1/with_light_rgb/frame_000480.png"", ""aligned_dataset/.frames_cache/brew_tea_split/Seg1/with_light_rgb/frame_000510.png"", ""aligned_dataset/.frames_cache/brew_tea_split/Seg1/with_light_rgb/frame_000540.png"", ""aligned_dataset/.frames_cache/brew_tea_split/Seg1/with_light_rgb/frame_000570.png"", ""aligned_dataset/.frames_cache/brew_tea_split/Seg1/with_light_rgb/frame_000600.png"", ""aligned_dataset/.frames_cache/brew_tea_split/Seg1/with_light_rgb/frame_000630.png"", ""aligned_dataset/.frames_cache/brew_tea_split/Seg1/with_light_rgb/frame_000660.png"", ""aligned_dataset/.frames_cache/brew_tea_split/Seg1/with_light_rgb/frame_000690.png"", ""aligned_dataset/.frames_cache/brew_tea_split/Seg1/with_light_rgb/frame_000720.png"", ""aligned_dataset/.frames_cache/brew_tea_split/Seg1/with_light_rgb/frame_000750.png"", ""aligned_dataset/.frames_cache/brew_tea_split/Seg1/with_light_rgb/frame_000780.png"", ""aligned_dataset/.frames_cache/brew_tea_split/Seg1/with_light_rgb/frame_000810.png"", ""aligned_dataset/.frames_cache/brew_tea_split/Seg1/with_light_rgb/frame_000840.png"", ""aligned_dataset/.frames_cache/brew_tea_split/Seg1/with_light_rgb/frame_000870.png""]"
rgb__aligned_dataset_brew_tea_split_seg1_rgb__light_change__04,rgb,light_change,aligned_dataset/brew_tea_split/Seg1/rgb,Does the light color change?,molmo2,allenai/Molmo2-4B,no,answered,,30,"[""aligned_dataset/.frames_cache/brew_tea_split/Seg1/cloudy_no_light_rgb/frame_000000.png"", ""aligned_dataset/.frames_cache/brew_tea_split/Seg1/cloudy_no_light_rgb/frame_000030.png"", ""aligned_dataset/.frames_cache/brew_tea_split/Seg1/cloudy_no_light_rgb/frame_000060.png"", ""aligned_dataset/.frames_cache/brew_tea_split/Seg1/cloudy_no_light_rgb/frame_000090.png"", ""aligned_dataset/.frames_cache/brew_tea_split/Seg1/cloudy_no_light_rgb/frame_000120.png"", ""aligned_dataset/.frames_cache/brew_tea_split/Seg1/cloudy_no_light_rgb/frame_000150.png"", ""aligned_dataset/.frames_cache/brew_tea_split/Seg1/cloudy_no_light_rgb/frame_000180.png"", ""aligned_dataset/.frames_cache/brew_tea_split/Seg1/cloudy_no_light_rgb/frame_000210.png"", ""aligned_dataset/.frames_cache/brew_tea_split/Seg1/cloudy_no_light_rgb/frame_000240.png"", ""aligned_dataset/.frames_cache/brew_tea_split/Seg1/cloudy_no_light_rgb/frame_000270.png"", ""aligned_dataset/.frames_cache/brew_tea_split/Seg1/cloudy_no_light_rgb/frame_000300.png"", ""aligned_dataset/.frames_cache/brew_tea_split/Seg1/cloudy_no_light_rgb/frame_000330.png"", ""aligned_dataset/.frames_cache/brew_tea_split/Seg1/cloudy_no_light_rgb/frame_000360.png"", ""aligned_dataset/.frames_cache/brew_tea_split/Seg1/cloudy_no_light_rgb/frame_000390.png"", ""aligned_dataset/.frames_cache/brew_tea_split/Seg1/cloudy_no_light_rgb/frame_000420.png"", ""aligned_dataset/.frames_cache/brew_tea_split/Seg1/with_light_rgb/frame_000450.png"", ""aligned_dataset/.frames_cache/brew_tea_split/Seg1/with_light_rgb/frame_000480.png"", ""aligned_dataset/.frames_cache/brew_tea_split/Seg1/with_light_rgb/frame_000510.png"", ""aligned_dataset/.frames_cache/brew_tea_split/Seg1/with_light_rgb/frame_000540.png"", ""aligned_dataset/.frames_cache/brew_tea_split/Seg1/with_light_rgb/frame_000570.png"", ""aligned_dataset/.frames_cache/brew_tea_split/Seg1/with_light_rgb/frame_000600.png"", ""aligned_dataset/.frames_cache/brew_tea_split/Seg1/with_light_rgb/frame_000630.png"", ""aligned_dataset/.frames_cache/brew_tea_split/Seg1/with_light_rgb/frame_000660.png"", ""aligned_dataset/.frames_cache/brew_tea_split/Seg1/with_light_rgb/frame_000690.png"", ""aligned_dataset/.frames_cache/brew_tea_split/Seg1/with_light_rgb/frame_000720.png"", ""aligned_dataset/.frames_cache/brew_tea_split/Seg1/with_light_rgb/frame_000750.png"", ""aligned_dataset/.frames_cache/brew_tea_split/Seg1/with_light_rgb/frame_000780.png"", ""aligned_dataset/.frames_cache/brew_tea_split/Seg1/with_light_rgb/frame_000810.png"", ""aligned_dataset/.frames_cache/brew_tea_split/Seg1/with_light_rgb/frame_000840.png"", ""aligned_dataset/.frames_cache/brew_tea_split/Seg1/with_light_rgb/frame_000870.png""]"
