night_frame,night_time_seconds,day_frame,day_time_seconds,confidence,status
0,0.0,,,0.0,unmatched
1,0.033333,,,0.0,unmatched
2,0.066667,,,0.0,unmatched
3,0.1,,,0.0,unmatched
4,0.133333,,,0.0,unmatched
5,0.166667,,,0.0,unmatched
6,0.2,,,0.0,unmatched
7,0.233333,,,0.0,unmatched
8,0.266667,,,0.0,unmatched
9,0.3,,,0.0,unmatched
10,0.333333,,,0.0,unmatched
11,0.366667,,,0.0,unmatched
12,0.4,,,0.0,unmatched
13,0.433333,,,0.0,unmatched
14,0.466667,,,0.0,unmatched
15,0.5,,,0.0,unmatched
16,0.533333,,,0.0,unmatched
17,0.566667,,,0.0,unmatched
18,0.6,,,0.0,unmatched
19,0.633333,,,0.0,unmatched
20,0.666667,,,0.0,unmatched
21,0.7,,,0.0,unmatched
22,0.733333,,,0.0,unmatched
23,0.766667,,,0.0,unmatched
24,0.8,,,0.0,unmatched
25,0.833333,,,0.0,unmatched
26,0.866667,,,0.0,unmatched
27,0.9,,,0.0,unmatched
28,0.933333,,,0.0,unmatched
29,0.966667,,,0.0,unmatched
30,1.0,,,0.0,unmatched
31,1.033333,,,0.0,unmatched
32,1.066667,,,0.0,unmatched
33,1.1,,,0.0,unmatched
34,1.133333,,,0.0,unmatched
35,1.166667,,,0.0,unmatched
36,1.2,,,0.0,unmatched
37,1.233333,,,0.0,unmatched
38,1.266667,,,0.0,unmatched
39,1.3,,,0.0,unmatched
40,1.333333,,,0.0,unmatched
41,1.366667,,,0.0,unmatched
42,1.4,,,0.0,unmatched
43,1.433333,,,0.0,unmatched
44,1.466667,,,0.0,unmatched
45,1.5,,,0.0,unmatched
46,1.533333,,,0.0,unmatched
47,1.566667,,,0.0,unmatched
48,1.6,,,0.0,unmatched
49,1.633333,,,0.0,unmatched
50,1.666667,,,0.0,unmatched
51,1.7,,,0.0,unmatched
52,1.733333,,,0.0,unmatched
53,1.766667,,,0.0,unmatched
54,1.8,,,0.0,unmatched
55,1.833333,,,0.0,unmatched
56,1.866667,,,0.0,unmatched
57,1.9,,,0.0,unmatched
58,1.933333,,,0.0,unmatched
59,1.966667,,,0.0,unmatched
60,2.0,,,0.0,unmatched
61,2.033333,,,0.0,unmatched
62,2.066667,,,0.0,unmatched
63,2.1,,,0.0,unmatched
64,2.133333,,,0.0,unmatched
65,2.166667,,,0.0,unmatched
66,2.2,,,0.0,unmatched
67,2.233333,,,0.0,unmatched
68,2.266667,,,0.0,unmatched
69,2.3,,,0.0,unmatched
70,2.333333,,,0.0,unmatched
71,2.366667,,,0.0,unmatched
72,2.4,,,0.0,unmatched
73,2.433333,,,0.0,unmatched
74,2.466667,,,0.0,unmatched
75,2.5,,,0.0,unmatched
76,2.533333,,,0.0,unmatched
77,2.566667,,,0.0,unmatched
78,2.6,,,0.0,unmatched
79,2.633333,,,0.0,unmatched
80,2.666667,,,0.0,unmatched
81,2.7,,,0.0,unmatched
82,2.733333,,,0.0,unmatched
83,2.766667,,,0.0,unmatched
84,2.8,,,0.0,unmatched
85,2.833333,,,0.0,unmatched
86,2.866667,,,0.0,unmatched
87,2.9,,,0.0,unmatched
88,2.933333,,,0.0,unmatched
89,2.966667,,,0.0,unmatched
90,3.0,114,3.8,0.65266,matched
91,3.033333,114,3.8,0.647813,matched
92,3.066667,115,3.833333,0.642965,matched
93,3.1,115,3.833333,0.638118,matched
94,3.133333,116,3.866667,0.63327,matched
95,3.166667,116,3.866667,0.628423,matched
96,3.2,117,3.9,0.623575,matched
97,3.233333,117,3.9,0.618728,matched
98,3.266667,118,3.933333,0.61388,matched
99,3.3,118,3.933333,0.609033,matched
100,3.333333,119,3.966667,0.604185,matched
101,3.366667,119,3.966667,0.599338,matched
102,3.4,120,4.0,0.59449,matched
103,3.433333,120,4.0,0.589664,matched
104,3.466667,121,4.033333,0.584838,matched
105,3.5,121,4.033333,0.580012,matched
106,3.533333,122,4.066667,0.575186,matched
107,3.566667,122,4.066667,0.57036,matched
108,3.6,123,4.1,0.565534,matched
109,3.633333,123,4.1,0.560708,matched
110,3.666667,124,4.133333,0.555882,matched
111,3.7,124,4.133333,0.551056,matched
112,3.733333,125,4.166667,0.54623,matched
113,3.766667,125,4.166667,0.541404,matched
114,3.8,126,4.2,0.536578,matched
115,3.833333,128,4.266667,0.563815,matched
116,3.866667,130,4.333333,0.591052,matched
117,3.9,132,4.4,0.618289,matched
118,3.933333,134,4.466667,0.645526,matched
119,3.966667,136,4.533333,0.672763,matched
120,4.0,138,4.6,0.7,matched
121,4.033333,140,4.666667,0.646161,matched
122,4.066667,142,4.733333,0.592322,matched
123,4.1,144,4.8,0.538482,matched
124,4.133333,146,4.866667,0.484643,matched
125,4.166667,148,4.933333,0.430804,matched
126,4.2,150,5.0,0.376965,matched
127,4.233333,152,5.066667,0.390443,matched
128,4.266667,154,5.133333,0.403921,matched
129,4.3,156,5.2,0.417399,matched
130,4.333333,158,5.266667,0.430877,matched
131,4.366667,160,5.333333,0.444355,matched
132,4.4,162,5.4,0.457833,matched
133,4.433333,164,5.466667,0.451881,matched
134,4.466667,166,5.533333,0.445929,matched
135,4.5,168,5.6,0.439977,matched
136,4.533333,170,5.666667,0.434025,matched
137,4.566667,172,5.733333,0.428073,matched
138,4.6,174,5.8,0.422121,matched
139,4.633333,176,5.866667,0.423849,matched
140,4.666667,178,5.933333,0.425576,matched
141,4.7,180,6.0,0.427304,matched
142,4.733333,182,6.066667,0.429032,matched
143,4.766667,184,6.133333,0.430759,matched
144,4.8,186,6.2,0.432487,matched
145,4.833333,188,6.266667,0.443902,matched
146,4.866667,190,6.333333,0.455318,matched
147,4.9,192,6.4,0.466733,matched
148,4.933333,194,6.466667,0.478149,matched
149,4.966667,196,6.533333,0.489565,matched
150,5.0,198,6.6,0.50098,matched
151,5.033333,200,6.666667,0.514305,matched
152,5.066667,202,6.733333,0.527629,matched
153,5.1,204,6.8,0.540954,matched
154,5.133333,206,6.866667,0.554278,matched
155,5.166667,208,6.933333,0.567603,matched
156,5.2,210,7.0,0.580927,matched
157,5.233333,212,7.066667,0.57804,matched
158,5.266667,214,7.133333,0.575153,matched
159,5.3,216,7.2,0.572267,matched
160,5.333333,218,7.266667,0.56938,matched
161,5.366667,220,7.333333,0.566493,matched
162,5.4,222,7.4,0.563606,matched
163,5.433333,224,7.466667,0.521107,matched
164,5.466667,226,7.533333,0.478609,matched
165,5.5,228,7.6,0.43611,matched
166,5.533333,230,7.666667,0.393611,matched
167,5.566667,232,7.733333,0.351113,matched
168,5.6,234,7.8,0.308614,review
169,5.633333,236,7.866667,0.3365,review
170,5.666667,238,7.933333,0.364386,matched
171,5.7,240,8.0,0.392272,matched
172,5.733333,242,8.066667,0.420158,matched
173,5.766667,244,8.133333,0.448044,matched
174,5.8,246,8.2,0.47593,matched
175,5.833333,248,8.266667,0.405911,matched
176,5.866667,250,8.333333,0.335891,review
177,5.9,252,8.4,0.265872,review
178,5.933333,254,8.466667,0.195852,review
179,5.966667,256,8.533333,0.125833,review
180,6.0,258,8.6,0.055813,review
181,6.033333,260,8.666667,0.102499,review
182,6.066667,262,8.733333,0.149184,review
183,6.1,264,8.8,0.19587,review
184,6.133333,266,8.866667,0.242556,review
185,6.166667,268,8.933333,0.289242,review
186,6.2,270,9.0,0.335927,review
187,6.233333,271,9.033333,0.341268,review
188,6.266667,271,9.033333,0.346609,review
189,6.3,272,9.066667,0.35195,matched
190,6.333333,272,9.066667,0.357291,matched
191,6.366667,272,9.066667,0.362632,matched
192,6.4,273,9.1,0.367973,matched
193,6.433333,273,9.1,0.373313,matched
194,6.466667,274,9.133333,0.378654,matched
195,6.5,274,9.133333,0.383995,matched
196,6.533333,275,9.166667,0.389336,matched
197,6.566667,275,9.166667,0.394677,matched
198,6.6,276,9.2,0.400018,matched
199,6.633333,276,9.2,0.415218,matched
200,6.666667,277,9.233333,0.430418,matched
201,6.7,277,9.233333,0.445618,matched
202,6.733333,278,9.266667,0.460818,matched
203,6.766667,278,9.266667,0.476018,matched
204,6.8,279,9.3,0.491218,matched
205,6.833333,279,9.3,0.506417,matched
206,6.866667,280,9.333333,0.521617,matched
207,6.9,280,9.333333,0.536817,matched
208,6.933333,281,9.366667,0.552017,matched
209,6.966667,281,9.366667,0.567217,matched
210,7.0,282,9.4,0.582417,matched
211,7.033333,284,9.466667,0.54141,matched
212,7.066667,286,9.533333,0.500404,matched
213,7.1,288,9.6,0.459397,matched
214,7.133333,290,9.666667,0.418391,matched
215,7.166667,292,9.733333,0.377384,matched
216,7.2,294,9.8,0.336378,review
217,7.233333,296,9.866667,0.366622,matched
218,7.266667,298,9.933333,0.396867,matched
219,7.3,300,10.0,0.427111,matched
220,7.333333,302,10.066667,0.457355,matched
221,7.366667,304,10.133333,0.4876,matched
222,7.4,306,10.2,0.517844,matched
223,7.433333,308,10.266667,0.515359,matched
224,7.466667,310,10.333333,0.512875,matched
225,7.5,312,10.4,0.51039,matched
226,7.533333,314,10.466667,0.507905,matched
227,7.566667,316,10.533333,0.505421,matched
228,7.6,318,10.6,0.502936,matched
229,7.633333,320,10.666667,0.464035,matched
230,7.666667,322,10.733333,0.425134,matched
231,7.7,324,10.8,0.386233,matched
232,7.733333,326,10.866667,0.347332,review
233,7.766667,328,10.933333,0.308431,review
234,7.8,330,11.0,0.26953,review
235,7.833333,330,11.0,0.27513,review
236,7.866667,331,11.033333,0.28073,review
237,7.9,331,11.033333,0.28633,review
238,7.933333,332,11.066667,0.29193,review
239,7.966667,332,11.066667,0.29753,review
240,8.0,333,11.1,0.30313,review
241,8.033333,333,11.1,0.30873,review
242,8.066667,334,11.133333,0.31433,review
243,8.1,334,11.133333,0.31993,review
244,8.133333,335,11.166667,0.32553,review
245,8.166667,335,11.166667,0.33113,review
246,8.2,336,11.2,0.33673,review
247,8.233333,336,11.2,0.34018,review
248,8.266667,337,11.233333,0.34363,review
249,8.3,337,11.233333,0.347081,review
250,8.333333,338,11.266667,0.350531,matched
251,8.366667,338,11.266667,0.353981,matched
252,8.4,339,11.3,0.357431,matched
253,8.433333,339,11.3,0.360881,matched
254,8.466667,340,11.333333,0.364331,matched
255,8.5,340,11.333333,0.367781,matched
256,8.533333,341,11.366667,0.371232,matched
257,8.566667,341,11.366667,0.374682,matched
258,8.6,342,11.4,0.378132,matched
259,8.633333,344,11.466667,0.36416,matched
260,8.666667,346,11.533333,0.350188,matched
261,8.7,348,11.6,0.336216,review
262,8.733333,350,11.666667,0.322244,review
263,8.766667,352,11.733333,0.308272,review
264,8.8,354,11.8,0.2943,review
265,8.833333,356,11.866667,0.341342,review
266,8.866667,358,11.933333,0.388383,matched
267,8.9,360,12.0,0.435425,matched
268,8.933333,362,12.066667,0.482467,matched
269,8.966667,364,12.133333,0.529509,matched
270,9.0,366,12.2,0.576551,matched
271,9.033333,368,12.266667,0.562816,matched
272,9.066667,370,12.333333,0.549081,matched
273,9.1,372,12.4,0.535345,matched
274,9.133333,374,12.466667,0.52161,matched
275,9.166667,376,12.533333,0.507875,matched
276,9.2,378,12.6,0.49414,matched
277,9.233333,380,12.666667,0.472883,matched
278,9.266667,382,12.733333,0.451626,matched
279,9.3,384,12.8,0.430368,matched
280,9.333333,386,12.866667,0.409111,matched
281,9.366667,388,12.933333,0.387854,matched
282,9.4,390,13.0,0.366597,matched
283,9.433333,392,13.066667,0.338096,review
284,9.466667,394,13.133333,0.309596,review
285,9.5,396,13.2,0.281096,review
286,9.533333,398,13.266667,0.252596,review
287,9.566667,400,13.333333,0.224096,review
288,9.6,402,13.4,0.195595,review
289,9.633333,404,13.466667,0.222794,review
290,9.666667,406,13.533333,0.249994,review
291,9.7,408,13.6,0.277194,review
292,9.733333,410,13.666667,0.304393,review
293,9.766667,412,13.733333,0.331593,review
294,9.8,414,13.8,0.358793,matched
295,9.833333,416,13.866667,0.320738,review
296,9.866667,418,13.933333,0.282682,review
297,9.9,420,14.0,0.244626,review
298,9.933333,422,14.066667,0.20657,review
299,9.966667,424,14.133333,0.168515,review
300,10.0,426,14.2,0.130459,review
301,10.033333,428,14.266667,0.108716,review
302,10.066667,430,14.333333,0.086973,review
303,10.1,432,14.4,0.065229,review
304,10.133333,434,14.466667,0.043486,review
305,10.166667,436,14.533333,0.021743,review
306,10.2,438,14.6,0.0,review
307,10.233333,440,14.666667,0.018324,review
308,10.266667,442,14.733333,0.036648,review
309,10.3,444,14.8,0.054972,review
310,10.333333,446,14.866667,0.073296,review
311,10.366667,448,14.933333,0.09162,review
312,10.4,450,15.0,0.109944,review
313,10.433333,452,15.066667,0.09162,review
314,10.466667,454,15.133333,0.073296,review
315,10.5,456,15.2,0.054972,review
316,10.533333,458,15.266667,0.036648,review
317,10.566667,460,15.333333,0.018324,review
318,10.6,462,15.4,0.0,review
319,10.633333,464,15.466667,0.0366,review
320,10.666667,466,15.533333,0.073201,review
321,10.7,468,15.6,0.109802,review
322,10.733333,470,15.666667,0.146403,review
323,10.766667,472,15.733333,0.183004,review
324,10.8,474,15.8,0.219605,review
325,10.833333,476,15.866667,0.207986,review
326,10.866667,478,15.933333,0.196367,review
327,10.9,480,16.0,0.184748,review
328,10.933333,482,16.066667,0.173129,review
329,10.966667,484,16.133333,0.16151,review
330,11.0,486,16.2,0.149891,review
331,11.033333,488,16.266667,0.127802,review
332,11.066667,490,16.333333,0.105713,review
333,11.1,492,16.4,0.083624,review
334,11.133333,494,16.466667,0.061535,review
335,11.166667,496,16.533333,0.039446,review
336,11.2,498,16.6,0.017357,review
337,11.233333,500,16.666667,0.031875,review
338,11.266667,502,16.733333,0.046394,review
339,11.3,504,16.8,0.060912,review
340,11.333333,506,16.866667,0.07543,review
341,11.366667,508,16.933333,0.089949,review
342,11.4,510,17.0,0.104467,review
343,11.433333,512,17.066667,0.148343,review
344,11.466667,514,17.133333,0.192218,review
345,11.5,516,17.2,0.236094,review
346,11.533333,518,17.266667,0.279969,review
347,11.566667,520,17.333333,0.323845,review
348,11.6,522,17.4,0.36772,matched
349,11.633333,524,17.466667,0.368892,matched
350,11.666667,526,17.533333,0.370064,matched
351,11.7,528,17.6,0.371235,matched
352,11.733333,530,17.666667,0.372407,matched
353,11.766667,532,17.733333,0.373578,matched
354,11.8,534,17.8,0.37475,matched
355,11.833333,536,17.866667,0.336079,review
356,11.866667,538,17.933333,0.297407,review
357,11.9,540,18.0,0.258735,review
358,11.933333,542,18.066667,0.220063,review
359,11.966667,544,18.133333,0.181392,review
360,12.0,546,18.2,0.14272,review
361,12.033333,548,18.266667,0.154354,review
362,12.066667,550,18.333333,0.165989,review
363,12.1,552,18.4,0.177623,review
364,12.133333,554,18.466667,0.189257,review
365,12.166667,556,18.533333,0.200892,review
366,12.2,558,18.6,0.212526,review
367,12.233333,560,18.666667,0.211288,review
368,12.266667,562,18.733333,0.210049,review
369,12.3,564,18.8,0.208811,review
370,12.333333,566,18.866667,0.207573,review
371,12.366667,568,18.933333,0.206334,review
372,12.4,570,19.0,0.205096,review
373,12.433333,572,19.066667,0.222408,review
374,12.466667,574,19.133333,0.239721,review
375,12.5,576,19.2,0.257033,review
376,12.533333,578,19.266667,0.274345,review
377,12.566667,580,19.333333,0.291658,review
378,12.6,582,19.4,0.30897,review
379,12.633333,584,19.466667,0.316868,review
380,12.666667,586,19.533333,0.324765,review
381,12.7,588,19.6,0.332663,review
382,12.733333,590,19.666667,0.340561,review
383,12.766667,592,19.733333,0.348458,review
384,12.8,594,19.8,0.356356,matched
385,12.833333,596,19.866667,0.369523,matched
386,12.866667,598,19.933333,0.382691,matched
387,12.9,600,20.0,0.395858,matched
388,12.933333,602,20.066667,0.409026,matched
389,12.966667,604,20.133333,0.422193,matched
390,13.0,606,20.2,0.435361,matched
391,13.033333,608,20.266667,0.449022,matched
392,13.066667,610,20.333333,0.462682,matched
393,13.1,612,20.4,0.476343,matched
394,13.133333,614,20.466667,0.490004,matched
395,13.166667,616,20.533333,0.503664,matched
396,13.2,618,20.6,0.517325,matched
397,13.233333,620,20.666667,0.520916,matched
398,13.266667,622,20.733333,0.524506,matched
399,13.3,624,20.8,0.528097,matched
400,13.333333,626,20.866667,0.531688,matched
401,13.366667,628,20.933333,0.535278,matched
402,13.4,630,21.0,0.538869,matched
403,13.433333,632,21.066667,0.565724,matched
404,13.466667,634,21.133333,0.592579,matched
405,13.5,636,21.2,0.619435,matched
406,13.533333,638,21.266667,0.64629,matched
407,13.566667,640,21.333333,0.673145,matched
408,13.6,642,21.4,0.7,matched
409,13.633333,644,21.466667,0.7,matched
410,13.666667,646,21.533333,0.7,matched
411,13.7,648,21.6,0.7,matched
412,13.733333,650,21.666667,0.7,matched
413,13.766667,652,21.733333,0.7,matched
414,13.8,654,21.8,0.7,matched
415,13.833333,656,21.866667,0.7,matched
416,13.866667,658,21.933333,0.7,matched
417,13.9,660,22.0,0.7,matched
418,13.933333,662,22.066667,0.7,matched
419,13.966667,664,22.133333,0.7,matched
420,14.0,666,22.2,0.7,matched
421,14.033333,667,22.233333,0.700773,matched
422,14.066667,667,22.233333,0.701546,matched
423,14.1,668,22.266667,0.702319,matched
424,14.133333,668,22.266667,0.703092,matched
425,14.166667,669,22.3,0.703865,matched
426,14.2,669,22.3,0.704638,matched
427,14.233333,670,22.333333,0.705411,matched
428,14.266667,670,22.333333,0.706184,matched
429,14.3,671,22.366667,0.706957,matched
430,14.333333,671,22.366667,0.70773,matched
431,14.366667,671,22.366667,0.708503,matched
432,14.4,672,22.4,0.709276,matched
433,14.433333,674,22.466667,0.70773,matched
434,14.466667,676,22.533333,0.706184,matched
435,14.5,678,22.6,0.704638,matched
436,14.533333,680,22.666667,0.703092,matched
437,14.566667,682,22.733333,0.701546,matched
438,14.6,684,22.8,0.7,matched
439,14.633333,686,22.866667,0.701727,matched
440,14.666667,688,22.933333,0.703454,matched
441,14.7,690,23.0,0.705181,matched
442,14.733333,692,23.066667,0.706909,matched
443,14.766667,694,23.133333,0.708636,matched
444,14.8,696,23.2,0.710363,matched
445,14.833333,698,23.266667,0.697085,matched
446,14.866667,700,23.333333,0.683806,matched
447,14.9,702,23.4,0.670528,matched
448,14.933333,704,23.466667,0.65725,matched
449,14.966667,706,23.533333,0.643971,matched
450,15.0,708,23.6,0.630693,matched
451,15.033333,710,23.666667,0.60607,matched
452,15.066667,712,23.733333,0.581447,matched
453,15.1,714,23.8,0.556823,matched
454,15.133333,716,23.866667,0.5322,matched
455,15.166667,718,23.933333,0.507577,matched
456,15.2,720,24.0,0.482954,matched
457,15.233333,722,24.066667,0.484483,matched
458,15.266667,724,24.133333,0.486011,matched
459,15.3,726,24.2,0.48754,matched
460,15.333333,728,24.266667,0.489068,matched
461,15.366667,730,24.333333,0.490597,matched
462,15.4,732,24.4,0.492125,matched
463,15.433333,734,24.466667,0.52533,matched
464,15.466667,736,24.533333,0.558534,matched
465,15.5,738,24.6,0.591739,matched
466,15.533333,740,24.666667,0.624943,matched
467,15.566667,742,24.733333,0.658147,matched
468,15.6,744,24.8,0.691352,matched
469,15.633333,746,24.866667,0.692793,matched
470,15.666667,748,24.933333,0.694235,matched
471,15.7,750,25.0,0.695676,matched
472,15.733333,752,25.066667,0.697117,matched
473,15.766667,754,25.133333,0.698559,matched
474,15.8,756,25.2,0.7,matched
475,15.833333,758,25.266667,0.661442,matched
476,15.866667,760,25.333333,0.622883,matched
477,15.9,762,25.4,0.584325,matched
478,15.933333,764,25.466667,0.545767,matched
479,15.966667,766,25.533333,0.507208,matched
480,16.0,768,25.6,0.46865,matched
481,16.033333,770,25.666667,0.450142,matched
482,16.066667,772,25.733333,0.431634,matched
483,16.1,774,25.8,0.413126,matched
484,16.133333,776,25.866667,0.394618,matched
485,16.166667,778,25.933333,0.37611,matched
486,16.2,780,26.0,0.357601,matched
487,16.233333,782,26.066667,0.31367,review
488,16.266667,784,26.133333,0.269738,review
489,16.3,786,26.2,0.225806,review
490,16.333333,788,26.266667,0.181874,review
491,16.366667,790,26.333333,0.137942,review
492,16.4,792,26.4,0.094011,review
493,16.433333,794,26.466667,0.153327,review
494,16.466667,796,26.533333,0.212643,review
495,16.5,798,26.6,0.27196,review
496,16.533333,800,26.666667,0.331276,review
497,16.566667,802,26.733333,0.390592,matched
498,16.6,804,26.8,0.449908,matched
499,16.633333,806,26.866667,0.396555,matched
500,16.666667,808,26.933333,0.343201,review
501,16.7,810,27.0,0.289847,review
502,16.733333,812,27.066667,0.236493,review
503,16.766667,814,27.133333,0.183139,review
504,16.8,816,27.2,0.129787,review
505,16.833333,818,27.266667,0.158177,review
506,16.866667,820,27.333333,0.186567,review
507,16.9,822,27.4,0.214957,review
508,16.933333,824,27.466667,0.243348,review
509,16.966667,826,27.533333,0.271738,review
510,17.0,828,27.6,0.300128,review
511,17.033333,830,27.666667,0.333616,review
512,17.066667,832,27.733333,0.367104,matched
513,17.1,834,27.8,0.400593,matched
514,17.133333,836,27.866667,0.434081,matched
515,17.166667,838,27.933333,0.467569,matched
516,17.2,840,28.0,0.501057,matched
517,17.233333,842,28.066667,0.514551,matched
518,17.266667,844,28.133333,0.528043,matched
519,17.3,846,28.2,0.541536,matched
520,17.333333,848,28.266667,0.555029,matched
521,17.366667,850,28.333333,0.568522,matched
522,17.4,852,28.4,0.582015,matched
523,17.433333,854,28.466667,0.57557,matched
524,17.466667,856,28.533333,0.569125,matched
525,17.5,858,28.6,0.56268,matched
526,17.533333,860,28.666667,0.556235,matched
527,17.566667,862,28.733333,0.54979,matched
528,17.6,864,28.8,0.543345,matched
529,17.633333,866,28.866667,0.509513,matched
530,17.666667,868,28.933333,0.47568,matched
531,17.7,870,29.0,0.441847,matched
532,17.733333,872,29.066667,0.408014,matched
533,17.766667,874,29.133333,0.374181,matched
534,17.8,876,29.2,0.34035,review
535,17.833333,878,29.266667,0.37514,matched
536,17.866667,880,29.333333,0.40993,matched
537,17.9,882,29.4,0.444719,matched
538,17.933333,884,29.466667,0.479509,matched
539,17.966667,886,29.533333,0.514299,matched
540,18.0,888,29.6,0.549089,matched
541,18.033333,890,29.666667,0.550827,matched
542,18.066667,892,29.733333,0.552564,matched
543,18.1,894,29.8,0.554302,matched
544,18.133333,896,29.866667,0.55604,matched
545,18.166667,898,29.933333,0.557777,matched
546,18.2,900,30.0,0.559515,matched
547,18.233333,900,30.0,0.557349,matched
548,18.266667,901,30.033333,0.555183,matched
549,18.3,901,30.033333,0.553017,matched
550,18.333333,902,30.066667,0.55085,matched
551,18.366667,903,30.1,0.548684,matched
552,18.4,903,30.1,0.546518,matched
553,18.433333,904,30.133333,0.544352,matched
554,18.466667,904,30.133333,0.542186,matched
555,18.5,905,30.166667,0.54002,matched
556,18.533333,905,30.166667,0.537853,matched
557,18.566667,906,30.2,0.535687,matched
558,18.6,906,30.2,0.533521,matched
559,18.633333,907,30.233333,0.5259,matched
560,18.666667,907,30.233333,0.518279,matched
561,18.7,908,30.266667,0.510658,matched
562,18.733333,908,30.266667,0.503037,matched
563,18.766667,909,30.3,0.495416,matched
564,18.8,909,30.3,0.487796,matched
565,18.833333,910,30.333333,0.480175,matched
566,18.866667,910,30.333333,0.472554,matched
567,18.9,910,30.333333,0.464933,matched
568,18.933333,911,30.366667,0.457312,matched
569,18.966667,911,30.366667,0.449691,matched
570,19.0,912,30.4,0.44207,matched
571,19.033333,912,30.4,0.462638,matched
572,19.066667,913,30.433333,0.483205,matched
573,19.1,913,30.433333,0.503773,matched
574,19.133333,914,30.466667,0.52434,matched
575,19.166667,915,30.5,0.544908,matched
576,19.2,915,30.5,0.565475,matched
577,19.233333,916,30.533333,0.586043,matched
578,19.266667,916,30.533333,0.60661,matched
579,19.3,917,30.566667,0.627178,matched
580,19.333333,917,30.566667,0.647745,matched
581,19.366667,918,30.6,0.668313,matched
582,19.4,918,30.6,0.68888,matched
583,19.433333,919,30.633333,0.68928,matched
584,19.466667,919,30.633333,0.689679,matched
585,19.5,920,30.666667,0.690079,matched
586,19.533333,920,30.666667,0.690478,matched
587,19.566667,921,30.7,0.690878,matched
588,19.6,921,30.7,0.691277,matched
589,19.633333,922,30.733333,0.691677,matched
590,19.666667,922,30.733333,0.692076,matched
591,19.7,922,30.733333,0.692476,matched
592,19.733333,923,30.766667,0.692875,matched
593,19.766667,923,30.766667,0.693275,matched
594,19.8,924,30.8,0.693673,matched
595,19.833333,926,30.866667,0.670204,matched
596,19.866667,928,30.933333,0.646735,matched
597,19.9,930,31.0,0.623266,matched
598,19.933333,932,31.066667,0.599797,matched
599,19.966667,934,31.133333,0.576328,matched
600,20.0,936,31.2,0.552859,matched
601,20.033333,938,31.266667,0.555773,matched
602,20.066667,940,31.333333,0.558688,matched
603,20.1,942,31.4,0.561602,matched
604,20.133333,944,31.466667,0.564517,matched
605,20.166667,946,31.533333,0.567431,matched
606,20.2,948,31.6,0.570346,matched
607,20.233333,950,31.666667,0.562627,matched
608,20.266667,952,31.733333,0.554908,matched
609,20.3,954,31.8,0.54719,matched
610,20.333333,956,31.866667,0.539471,matched
611,20.366667,958,31.933333,0.531752,matched
612,20.4,960,32.0,0.524033,matched
613,20.433333,962,32.066667,0.534424,matched
614,20.466667,964,32.133333,0.544815,matched
615,20.5,966,32.2,0.555206,matched
616,20.533333,968,32.266667,0.565597,matched
617,20.566667,970,32.333333,0.575988,matched
618,20.6,972,32.4,0.586379,matched
619,20.633333,973,32.433333,0.595847,matched
620,20.666667,973,32.433333,0.605316,matched
621,20.7,974,32.466667,0.614784,matched
622,20.733333,974,32.466667,0.624253,matched
623,20.766667,975,32.5,0.633721,matched
624,20.8,975,32.5,0.643189,matched
625,20.833333,975,32.5,0.652658,matched
626,20.866667,976,32.533333,0.662126,matched
627,20.9,976,32.533333,0.671595,matched
628,20.933333,977,32.566667,0.681063,matched
629,20.966667,977,32.566667,0.690532,matched
630,21.0,978,32.6,0.7,matched
631,21.033333,980,32.666667,0.659254,matched
632,21.066667,982,32.733333,0.618509,matched
633,21.1,984,32.8,0.577763,matched
634,21.133333,986,32.866667,0.537018,matched
635,21.166667,988,32.933333,0.496272,matched
636,21.2,990,33.0,0.455527,matched
637,21.233333,992,33.066667,0.38302,matched
638,21.266667,994,33.133333,0.310513,review
639,21.3,996,33.2,0.238006,review
640,21.333333,998,33.266667,0.165499,review
641,21.366667,1000,33.333333,0.092991,review
642,21.4,1002,33.4,0.020485,review
643,21.433333,1004,33.466667,0.035339,review
644,21.466667,1006,33.533333,0.050192,review
645,21.5,1008,33.6,0.065046,review
646,21.533333,1010,33.666667,0.0799,review
647,21.566667,1012,33.733333,0.094753,review
648,21.6,1014,33.8,0.109607,review
649,21.633333,1016,33.866667,0.109676,review
650,21.666667,1018,33.933333,0.109745,review
651,21.7,1020,34.0,0.109814,review
652,21.733333,1022,34.066667,0.109883,review
653,21.766667,1024,34.133333,0.109952,review
654,21.8,1026,34.2,0.110021,review
655,21.833333,1028,34.266667,0.105241,review
656,21.866667,1030,34.333333,0.10046,review
657,21.9,1032,34.4,0.09568,review
658,21.933333,1034,34.466667,0.0909,review
659,21.966667,1036,34.533333,0.086119,review
660,22.0,1038,34.6,0.081339,review
661,22.033333,1040,34.666667,0.067783,review
662,22.066667,1042,34.733333,0.054226,review
663,22.1,1044,34.8,0.04067,review
664,22.133333,1046,34.866667,0.027113,review
665,22.166667,1048,34.933333,0.013557,review
666,22.2,1050,35.0,0.0,review
667,22.233333,1052,35.066667,0.003918,review
668,22.266667,1054,35.133333,0.007836,review
669,22.3,1056,35.2,0.011754,review
670,22.333333,1058,35.266667,0.015672,review
671,22.366667,1060,35.333333,0.01959,review
672,22.4,1062,35.4,0.023508,review
673,22.433333,1064,35.466667,0.01959,review
674,22.466667,1066,35.533333,0.015672,review
675,22.5,1068,35.6,0.011754,review
676,22.533333,1070,35.666667,0.007836,review
677,22.566667,1072,35.733333,0.003918,review
678,22.6,1074,35.8,0.0,review
679,22.633333,1076,35.866667,0.059287,review
680,22.666667,1078,35.933333,0.118575,review
681,22.7,1080,36.0,0.177862,review
682,22.733333,1082,36.066667,0.23715,review
683,22.766667,1084,36.133333,0.296438,review
684,22.8,1086,36.2,0.355725,matched
685,22.833333,1088,36.266667,0.403922,matched
686,22.866667,1090,36.333333,0.45212,matched
687,22.9,1092,36.4,0.500317,matched
688,22.933333,1094,36.466667,0.548514,matched
689,22.966667,1096,36.533333,0.596712,matched
690,23.0,1098,36.6,0.644909,matched
691,23.033333,1100,36.666667,0.611847,matched
692,23.066667,1102,36.733333,0.578785,matched
693,23.1,1104,36.8,0.545723,matched
694,23.133333,1106,36.866667,0.512661,matched
695,23.166667,1108,36.933333,0.479599,matched
696,23.2,1110,37.0,0.446537,matched
697,23.233333,1110,37.0,0.443891,matched
698,23.266667,1111,37.033333,0.441247,matched
699,23.3,1111,37.033333,0.438602,matched
700,23.333333,1112,37.066667,0.435958,matched
701,23.366667,1113,37.1,0.433313,matched
702,23.4,1113,37.1,0.430669,matched
703,23.433333,1114,37.133333,0.428024,matched
704,23.466667,1114,37.133333,0.425379,matched
705,23.5,1115,37.166667,0.422735,matched
706,23.533333,1115,37.166667,0.42009,matched
707,23.566667,1116,37.2,0.417446,matched
708,23.6,1116,37.2,0.414801,matched
709,23.633333,1117,37.233333,0.405079,matched
710,23.666667,1117,37.233333,0.395358,matched
711,23.7,1118,37.266667,0.385636,matched
712,23.733333,1118,37.266667,0.375914,matched
713,23.766667,1119,37.3,0.366192,matched
714,23.8,1119,37.3,0.356471,matched
715,23.833333,1120,37.333333,0.346749,review
716,23.866667,1120,37.333333,0.337027,review
717,23.9,1121,37.366667,0.327305,review
718,23.933333,1121,37.366667,0.317584,review
719,23.966667,1122,37.4,0.307862,review
720,24.0,1122,37.4,0.29814,review
721,24.033333,1123,37.433333,0.303489,review
722,24.066667,1123,37.433333,0.308838,review
723,24.1,1124,37.466667,0.314187,review
724,24.133333,1124,37.466667,0.319536,review
725,24.166667,1125,37.5,0.324885,review
726,24.2,1125,37.5,0.330234,review
727,24.233333,1125,37.5,0.335582,review
728,24.266667,1126,37.533333,0.340931,review
729,24.3,1126,37.533333,0.34628,review
730,24.333333,1127,37.566667,0.351629,matched
731,24.366667,1127,37.566667,0.356978,matched
732,24.4,1128,37.6,0.362327,matched
733,24.433333,1128,37.6,0.381985,matched
734,24.466667,1129,37.633333,0.401644,matched
735,24.5,1129,37.633333,0.421302,matched
736,24.533333,1130,37.666667,0.44096,matched
737,24.566667,1130,37.666667,0.460618,matched
738,24.6,1131,37.7,0.480276,matched
739,24.633333,1131,37.7,0.499935,matched
740,24.666667,1132,37.733333,0.519593,matched
741,24.7,1132,37.733333,0.539251,matched
742,24.733333,1133,37.766667,0.558909,matched
743,24.766667,1133,37.766667,0.578567,matched
744,24.8,1134,37.8,0.598225,matched
745,24.833333,1136,37.866667,0.588811,matched
746,24.866667,1138,37.933333,0.579397,matched
747,24.9,1140,38.0,0.569983,matched
748,24.933333,1142,38.066667,0.560569,matched
749,24.966667,1144,38.133333,0.551155,matched
750,25.0,1146,38.2,0.541741,matched
751,25.033333,1147,38.233333,0.537219,matched
752,25.066667,1147,38.233333,0.532697,matched
753,25.1,1148,38.266667,0.528175,matched
754,25.133333,1148,38.266667,0.523654,matched
755,25.166667,1149,38.3,0.519132,matched
756,25.2,1149,38.3,0.51461,matched
757,25.233333,1150,38.333333,0.510088,matched
758,25.266667,1150,38.333333,0.505566,matched
759,25.3,1151,38.366667,0.501044,matched
760,25.333333,1151,38.366667,0.496523,matched
761,25.366667,1152,38.4,0.492001,matched
762,25.4,1152,38.4,0.487479,matched
763,25.433333,1154,38.466667,0.484809,matched
764,25.466667,1156,38.533333,0.482138,matched
765,25.5,1158,38.6,0.479468,matched
766,25.533333,1160,38.666667,0.476798,matched
767,25.566667,1162,38.733333,0.474127,matched
768,25.6,1164,38.8,0.471457,matched
769,25.633333,1164,38.8,0.490502,matched
770,25.666667,1165,38.833333,0.509547,matched
771,25.7,1165,38.833333,0.528593,matched
772,25.733333,1166,38.866667,0.547638,matched
773,25.766667,1166,38.866667,0.566683,matched
774,25.8,1167,38.9,0.585728,matched
775,25.833333,1167,38.9,0.604774,matched
776,25.866667,1168,38.933333,0.623819,matched
777,25.9,1168,38.933333,0.642864,matched
778,25.933333,1169,38.966667,0.661909,matched
779,25.966667,1169,38.966667,0.680955,matched
780,26.0,1170,39.0,0.7,matched
781,26.033333,1171,39.033333,0.701574,matched
782,26.066667,1171,39.033333,0.703147,matched
783,26.1,1172,39.066667,0.704721,matched
784,26.133333,1172,39.066667,0.706294,matched
785,26.166667,1173,39.1,0.707868,matched
786,26.2,1173,39.1,0.709441,matched
787,26.233333,1174,39.133333,0.711015,matched
788,26.266667,1174,39.133333,0.712589,matched
789,26.3,1175,39.166667,0.714162,matched
790,26.333333,1175,39.166667,0.715736,matched
791,26.366667,1176,39.2,0.717309,matched
792,26.4,1176,39.2,0.718883,matched
793,26.433333,1177,39.233333,0.701348,matched
794,26.466667,1177,39.233333,0.683813,matched
795,26.5,1178,39.266667,0.666278,matched
796,26.533333,1178,39.266667,0.648743,matched
797,26.566667,1179,39.3,0.631209,matched
798,26.6,1179,39.3,0.613674,matched
799,26.633333,1180,39.333333,0.596139,matched
800,26.666667,1180,39.333333,0.578604,matched
801,26.7,1181,39.366667,0.561069,matched
802,26.733333,1181,39.366667,0.543534,matched
803,26.766667,1182,39.4,0.525999,matched
804,26.8,1182,39.4,0.508465,matched
805,26.833333,1183,39.433333,0.494261,matched
806,26.866667,1183,39.433333,0.480057,matched
807,26.9,1184,39.466667,0.465854,matched
808,26.933333,1184,39.466667,0.45165,matched
809,26.966667,1185,39.5,0.437446,matched
810,27.0,1185,39.5,0.423242,matched
811,27.033333,1185,39.5,0.409039,matched
812,27.066667,1186,39.533333,0.394835,matched
813,27.1,1186,39.533333,0.380631,matched
814,27.133333,1187,39.566667,0.366428,matched
815,27.166667,1187,39.566667,0.352224,matched
816,27.2,1188,39.6,0.33802,review
817,27.233333,1188,39.6,0.352633,matched
818,27.266667,1189,39.633333,0.367247,matched
819,27.3,1189,39.633333,0.38186,matched
820,27.333333,1190,39.666667,0.396473,matched
821,27.366667,1190,39.666667,0.411087,matched
822,27.4,1191,39.7,0.4257,matched
823,27.433333,1191,39.7,0.440314,matched
824,27.466667,1192,39.733333,0.454927,matched
825,27.5,1192,39.733333,0.469541,matched
826,27.533333,1193,39.766667,0.484154,matched
827,27.566667,1193,39.766667,0.498767,matched
828,27.6,1194,39.8,0.513381,matched
829,27.633333,1194,39.8,0.487777,matched
830,27.666667,1195,39.833333,0.462172,matched
831,27.7,1195,39.833333,0.436568,matched
832,27.733333,1196,39.866667,0.410963,matched
833,27.766667,1196,39.866667,0.385359,matched
834,27.8,1197,39.9,0.359754,matched
835,27.833333,1197,39.9,0.33415,review
836,27.866667,1198,39.933333,0.308545,review
837,27.9,1198,39.933333,0.282941,review
838,27.933333,1199,39.966667,0.257336,review
839,27.966667,1199,39.966667,0.231732,review
840,28.0,1200,40.0,0.206127,review
841,28.033333,1201,40.033333,0.214125,review
842,28.066667,1201,40.033333,0.222124,review
843,28.1,1202,40.066667,0.230122,review
844,28.133333,1202,40.066667,0.238121,review
845,28.166667,1203,40.1,0.246119,review
846,28.2,1203,40.1,0.254118,review
847,28.233333,1204,40.133333,0.262116,review
848,28.266667,1204,40.133333,0.270114,review
849,28.3,1205,40.166667,0.278113,review
850,28.333333,1205,40.166667,0.286111,review
851,28.366667,1206,40.2,0.29411,review
852,28.4,1206,40.2,0.302108,review
853,28.433333,1207,40.233333,0.320408,review
854,28.466667,1207,40.233333,0.338708,review
855,28.5,1208,40.266667,0.357009,matched
856,28.533333,1208,40.266667,0.375309,matched
857,28.566667,1209,40.3,0.393609,matched
858,28.6,1209,40.3,0.411909,matched
859,28.633333,1210,40.333333,0.430209,matched
860,28.666667,1210,40.333333,0.448509,matched
861,28.7,1211,40.366667,0.466809,matched
862,28.733333,1211,40.366667,0.485109,matched
863,28.766667,1212,40.4,0.503409,matched
864,28.8,1212,40.4,0.521709,matched
865,28.833333,1214,40.466667,0.518577,matched
866,28.866667,1216,40.533333,0.515445,matched
867,28.9,1218,40.6,0.512312,matched
868,28.933333,1220,40.666667,0.50918,matched
869,28.966667,1222,40.733333,0.506048,matched
870,29.0,1224,40.8,0.502916,matched
871,29.033333,1224,40.8,0.50498,matched
872,29.066667,1225,40.833333,0.507044,matched
873,29.1,1225,40.833333,0.509109,matched
874,29.133333,1226,40.866667,0.511173,matched
875,29.166667,1226,40.866667,0.513237,matched
876,29.2,1227,40.9,0.515302,matched
877,29.233333,1227,40.9,0.517366,matched
878,29.266667,1228,40.933333,0.51943,matched
879,29.3,1228,40.933333,0.521494,matched
880,29.333333,1229,40.966667,0.523559,matched
881,29.366667,1230,41.0,0.525623,matched
882,29.4,1230,41.0,0.527687,matched
883,29.433333,1231,41.033333,0.516962,matched
884,29.466667,1231,41.033333,0.506237,matched
885,29.5,1232,41.066667,0.495512,matched
886,29.533333,1232,41.066667,0.484788,matched
887,29.566667,1233,41.1,0.474063,matched
888,29.6,1233,41.1,0.463338,matched
889,29.633333,1234,41.133333,0.452613,matched
890,29.666667,1234,41.133333,0.441888,matched
891,29.7,1235,41.166667,0.431163,matched
892,29.733333,1235,41.166667,0.420438,matched
893,29.766667,1236,41.2,0.409714,matched
894,29.8,1236,41.2,0.398988,matched
895,29.833333,1238,41.266667,0.376286,matched
896,29.866667,1240,41.333333,0.353583,matched
897,29.9,1242,41.4,0.33088,review
898,29.933333,1244,41.466667,0.308177,review
899,29.966667,1246,41.533333,0.285474,review
900,30.0,1248,41.6,0.262771,review
901,30.033333,1248,41.6,0.25816,review
902,30.066667,1249,41.633333,0.253549,review
903,30.1,1249,41.633333,0.248938,review
904,30.133333,1250,41.666667,0.244328,review
905,30.166667,1250,41.666667,0.239717,review
906,30.2,1251,41.7,0.235106,review
907,30.233333,1251,41.7,0.230495,review
908,30.266667,1252,41.733333,0.225884,review
909,30.3,1252,41.733333,0.221273,review
910,30.333333,1253,41.766667,0.216663,review
911,30.366667,1253,41.766667,0.212052,review
912,30.4,1254,41.8,0.207441,review
913,30.433333,1254,41.8,0.21172,review
914,30.466667,1255,41.833333,0.215999,review
915,30.5,1255,41.833333,0.220277,review
916,30.533333,1256,41.866667,0.224556,review
917,30.566667,1256,41.866667,0.228835,review
918,30.6,1257,41.9,0.233114,review
919,30.633333,1257,41.9,0.237392,review
920,30.666667,1258,41.933333,0.241671,review
921,30.7,1259,41.966667,0.24595,review
922,30.733333,1259,41.966667,0.250229,review
923,30.766667,1260,42.0,0.254507,review
924,30.8,1260,42.0,0.258786,review
925,30.833333,1262,42.066667,0.269596,review
926,30.866667,1264,42.133333,0.280405,review
927,30.9,1266,42.2,0.291215,review
928,30.933333,1268,42.266667,0.302024,review
929,30.966667,1270,42.333333,0.312834,review
930,31.0,1272,42.4,0.323643,review
931,31.033333,1274,42.466667,0.297739,review
932,31.066667,1276,42.533333,0.271836,review
933,31.1,1278,42.6,0.245932,review
934,31.133333,1280,42.666667,0.220028,review
935,31.166667,1282,42.733333,0.194124,review
936,31.2,1284,42.8,0.168221,review
937,31.233333,1286,42.866667,0.228889,review
938,31.266667,1288,42.933333,0.28956,review
939,31.3,1290,43.0,0.350231,matched
940,31.333333,1292,43.066667,0.410902,matched
941,31.366667,1294,43.133333,0.471573,matched
942,31.4,1296,43.2,0.532242,matched
943,31.433333,1298,43.266667,0.48664,matched
944,31.466667,1300,43.333333,0.441039,matched
945,31.5,1302,43.4,0.395437,matched
946,31.533333,1304,43.466667,0.349835,review
947,31.566667,1306,43.533333,0.304233,review
948,31.6,1308,43.6,0.258631,review
949,31.633333,1308,43.6,0.259693,review
950,31.666667,1309,43.633333,0.260756,review
951,31.7,1309,43.633333,0.261819,review
952,31.733333,1310,43.666667,0.262882,review
953,31.766667,1310,43.666667,0.263945,review
954,31.8,1311,43.7,0.265008,review
955,31.833333,1311,43.7,0.266071,review
956,31.866667,1312,43.733333,0.267134,review
957,31.9,1312,43.733333,0.268197,review
958,31.933333,1313,43.766667,0.26926,review
959,31.966667,1313,43.766667,0.270323,review
960,32.0,1314,43.8,0.271386,review
961,32.033333,1314,43.8,0.248771,review
962,32.066667,1315,43.833333,0.226155,review
963,32.1,1315,43.833333,0.20354,review
964,32.133333,1316,43.866667,0.180924,review
965,32.166667,1316,43.866667,0.158309,review
966,32.2,1317,43.9,0.135694,review
967,32.233333,1317,43.9,0.113078,review
968,32.266667,1318,43.933333,0.090463,review
969,32.3,1318,43.933333,0.067847,review
970,32.333333,1319,43.966667,0.045232,review
971,32.366667,1319,43.966667,0.022616,review
972,32.4,1320,44.0,1e-06,review
973,32.433333,1320,44.0,0.0,review
974,32.466667,1321,44.033333,0.0,review
975,32.5,1321,44.033333,0.0,review
976,32.533333,1322,44.066667,0.0,review
977,32.566667,1323,44.1,0.0,review
978,32.6,1323,44.1,0.0,review
979,32.633333,1324,44.133333,0.0,review
980,32.666667,1324,44.133333,0.0,review
981,32.7,1325,44.166667,0.0,review
982,32.733333,1325,44.166667,0.0,review
983,32.766667,1326,44.2,0.0,review
984,32.8,1326,44.2,0.0,review
985,32.833333,1327,44.233333,0.0,review
986,32.866667,1327,44.233333,0.0,review
987,32.9,1328,44.266667,0.0,review
988,32.933333,1328,44.266667,0.0,review
989,32.966667,1329,44.3,0.0,review
990,33.0,1329,44.3,0.0,review
991,33.033333,1330,44.333333,0.0,review
992,33.066667,1330,44.333333,0.0,review
993,33.1,1331,44.366667,0.0,review
994,33.133333,1331,44.366667,0.0,review
995,33.166667,1332,44.4,0.0,review
996,33.2,1332,44.4,0.0,review
997,33.233333,1333,44.433333,0.004955,review
998,33.266667,1333,44.433333,0.00991,review
999,33.3,1334,44.466667,0.014866,review
1000,33.333333,1334,44.466667,0.019821,review
1001,33.366667,1335,44.5,0.024776,review
1002,33.4,1335,44.5,0.029732,review
1003,33.433333,1336,44.533333,0.034687,review
1004,33.466667,1336,44.533333,0.039642,review
1005,33.5,1336,44.533333,0.044597,review
1006,33.533333,1337,44.566667,0.049553,review
1007,33.566667,1337,44.566667,0.054508,review
1008,33.6,1338,44.6,0.059463,review
1009,33.633333,1338,44.6,0.056214,review
1010,33.666667,1339,44.633333,0.052965,review
1011,33.7,1339,44.633333,0.049716,review
1012,33.733333,1340,44.666667,0.046467,review
1013,33.766667,1340,44.666667,0.043217,review
1014,33.8,1341,44.7,0.039968,review
1015,33.833333,1341,44.7,0.036719,review
1016,33.866667,1342,44.733333,0.03347,review
1017,33.9,1342,44.733333,0.030221,review
1018,33.933333,1343,44.766667,0.026972,review
1019,33.966667,1343,44.766667,0.023723,review
1020,34.0,1344,44.8,0.020474,review
1021,34.033333,1344,44.8,0.018768,review
1022,34.066667,1345,44.833333,0.017062,review
1023,34.1,1345,44.833333,0.015356,review
1024,34.133333,1346,44.866667,0.013649,review
1025,34.166667,1346,44.866667,0.011943,review
1026,34.2,1347,44.9,0.010237,review
1027,34.233333,1347,44.9,0.008531,review
1028,34.266667,1348,44.933333,0.006825,review
1029,34.3,1348,44.933333,0.005119,review
1030,34.333333,1349,44.966667,0.003412,review
1031,34.366667,1349,44.966667,0.001706,review
1032,34.4,1350,45.0,0.0,review
1033,34.433333,1350,45.0,0.023875,review
1034,34.466667,1351,45.033333,0.047752,review
1035,34.5,1351,45.033333,0.071628,review
1036,34.533333,1352,45.066667,0.095504,review
1037,34.566667,1353,45.1,0.119381,review
1038,34.6,1353,45.1,0.143257,review
1039,34.633333,1354,45.133333,0.167134,review
1040,34.666667,1354,45.133333,0.19101,review
1041,34.7,1355,45.166667,0.214886,review
1042,34.733333,1355,45.166667,0.238763,review
1043,34.766667,1356,45.2,0.262639,review
1044,34.8,1356,45.2,0.286515,review
1045,34.833333,1357,45.233333,0.288296,review
1046,34.866667,1357,45.233333,0.290076,review
1047,34.9,1358,45.266667,0.291857,review
1048,34.933333,1358,45.266667,0.293638,review
1049,34.966667,1359,45.3,0.295418,review
1050,35.0,1359,45.3,0.297199,review
1051,35.033333,1360,45.333333,0.29898,review
1052,35.066667,1360,45.333333,0.30076,review
1053,35.1,1361,45.366667,0.302541,review
1054,35.133333,1361,45.366667,0.304322,review
1055,35.166667,1362,45.4,0.306102,review
1056,35.2,1362,45.4,0.307883,review
1057,35.233333,1363,45.433333,0.309638,review
1058,35.266667,1363,45.433333,0.311393,review
1059,35.3,1364,45.466667,0.313148,review
1060,35.333333,1364,45.466667,0.314904,review
1061,35.366667,1365,45.5,0.316659,review
1062,35.4,1365,45.5,0.318414,review
1063,35.433333,1366,45.533333,0.320169,review
1064,35.466667,1366,45.533333,0.321924,review
1065,35.5,1366,45.533333,0.32368,review
1066,35.533333,1367,45.566667,0.325435,review
1067,35.566667,1367,45.566667,0.32719,review
1068,35.6,1368,45.6,0.328945,review
1069,35.633333,1368,45.6,0.318562,review
1070,35.666667,1369,45.633333,0.30818,review
1071,35.7,1369,45.633333,0.297797,review
1072,35.733333,1370,45.666667,0.287415,review
1073,35.766667,1370,45.666667,0.277032,review
1074,35.8,1371,45.7,0.26665,review
1075,35.833333,1371,45.7,0.256267,review
1076,35.866667,1372,45.733333,0.245885,review
1077,35.9,1372,45.733333,0.235502,review
1078,35.933333,1373,45.766667,0.22512,review
1079,35.966667,1373,45.766667,0.214737,review
1080,36.0,1374,45.8,0.204355,review
1081,36.033333,1376,45.866667,0.228576,review
1082,36.066667,1378,45.933333,0.252796,review
1083,36.1,1380,46.0,0.277017,review
1084,36.133333,1382,46.066667,0.301237,review
1085,36.166667,1384,46.133333,0.325458,review
1086,36.2,1386,46.2,0.349678,review
1087,36.233333,1388,46.266667,0.369195,matched
1088,36.266667,1390,46.333333,0.388712,matched
1089,36.3,1392,46.4,0.408229,matched
1090,36.333333,1394,46.466667,0.427746,matched
1091,36.366667,1396,46.533333,0.447262,matched
1092,36.4,1398,46.6,0.466779,matched
1093,36.433333,1400,46.666667,0.505649,matched
1094,36.466667,1402,46.733333,0.544519,matched
1095,36.5,1404,46.8,0.58339,matched
1096,36.533333,1406,46.866667,0.622261,matched
1097,36.566667,1408,46.933333,0.661131,matched
1098,36.6,1410,47.0,0.699999,matched
1099,36.633333,1411,47.033333,0.681257,matched
1100,36.666667,1412,47.066667,0.662515,matched
1101,36.7,1413,47.1,0.643772,matched
1102,36.733333,1414,47.133333,0.62503,matched
1103,36.766667,1415,47.166667,0.606288,matched
1104,36.8,1416,47.2,0.587546,matched
1105,36.833333,1418,47.266667,0.573228,matched
1106,36.866667,1420,47.333333,0.558911,matched
1107,36.9,1422,47.4,0.544593,matched
1108,36.933333,1424,47.466667,0.530276,matched
1109,36.966667,1426,47.533333,0.515958,matched
1110,37.0,1428,47.6,0.501641,matched
1111,37.033333,1430,47.666667,0.475977,matched
1112,37.066667,1432,47.733333,0.450314,matched
1113,37.1,1434,47.8,0.42465,matched
1114,37.133333,1436,47.866667,0.398987,matched
1115,37.166667,1438,47.933333,0.373323,matched
1116,37.2,1440,48.0,0.34766,review
1117,37.233333,1442,48.066667,0.406381,matched
1118,37.266667,1444,48.133333,0.465104,matched
1119,37.3,1446,48.2,0.523827,matched
1120,37.333333,1448,48.266667,0.582551,matched
1121,37.366667,1450,48.333333,0.641274,matched
1122,37.4,1452,48.4,0.699997,matched
1123,37.433333,1454,48.466667,0.7,matched
1124,37.466667,1456,48.533333,0.7,matched
1125,37.5,1458,48.6,0.7,matched
1126,37.533333,1460,48.666667,0.7,matched
1127,37.566667,1462,48.733333,0.7,matched
1128,37.6,1464,48.8,0.699999,matched
1129,37.633333,1466,48.866667,0.680813,matched
1130,37.666667,1468,48.933333,0.661627,matched
1131,37.7,1470,49.0,0.642441,matched
1132,37.733333,1472,49.066667,0.623255,matched
1133,37.766667,1474,49.133333,0.604069,matched
1134,37.8,1476,49.2,0.584883,matched
1135,37.833333,1478,49.266667,0.60407,matched
1136,37.866667,1480,49.333333,0.623256,matched
1137,37.9,1482,49.4,0.642442,matched
1138,37.933333,1484,49.466667,0.661628,matched
1139,37.966667,1486,49.533333,0.680814,matched
1140,38.0,1488,49.6,0.7,matched
1141,38.033333,1490,49.666667,0.646791,matched
1142,38.066667,1492,49.733333,0.593583,matched
1143,38.1,1494,49.8,0.540374,matched
1144,38.133333,1496,49.866667,0.487165,matched
1145,38.166667,1498,49.933333,0.433957,matched
1146,38.2,1500,50.0,0.380748,matched
1147,38.233333,1502,50.066667,0.421474,matched
1148,38.266667,1504,50.133333,0.462201,matched
1149,38.3,1506,50.2,0.502929,matched
1150,38.333333,1508,50.266667,0.543656,matched
1151,38.366667,1510,50.333333,0.584384,matched
1152,38.4,1512,50.4,0.625111,matched
1153,38.433333,1514,50.466667,0.637594,matched
1154,38.466667,1516,50.533333,0.650075,matched
1155,38.5,1518,50.6,0.662556,matched
1156,38.533333,1520,50.666667,0.675038,matched
1157,38.566667,1522,50.733333,0.687519,matched
1158,38.6,1524,50.8,0.7,matched
1159,38.633333,1526,50.866667,0.7,matched
1160,38.666667,1528,50.933333,0.7,matched
1161,38.7,1530,51.0,0.7,matched
1162,38.733333,1532,51.066667,0.7,matched
1163,38.766667,1534,51.133333,0.7,matched
1164,38.8,1536,51.2,0.7,matched
1165,38.833333,1538,51.266667,0.696626,matched
1166,38.866667,1540,51.333333,0.693252,matched
1167,38.9,1542,51.4,0.689877,matched
1168,38.933333,1544,51.466667,0.686503,matched
1169,38.966667,1546,51.533333,0.683129,matched
1170,39.0,1548,51.6,0.679755,matched
1171,39.033333,1550,51.666667,0.644687,matched
1172,39.066667,1552,51.733333,0.60962,matched
1173,39.1,1554,51.8,0.574552,matched
1174,39.133333,1556,51.866667,0.539485,matched
1175,39.166667,1558,51.933333,0.504417,matched
1176,39.2,1560,52.0,0.46935,matched
1177,39.233333,1562,52.066667,0.474655,matched
1178,39.266667,1564,52.133333,0.479962,matched
1179,39.3,1566,52.2,0.485268,matched
1180,39.333333,1568,52.266667,0.490575,matched
1181,39.366667,1570,52.333333,0.495881,matched
1182,39.4,1572,52.4,0.501188,matched
1183,39.433333,1574,52.466667,0.518742,matched
1184,39.466667,1576,52.533333,0.536296,matched
1185,39.5,1578,52.6,0.553851,matched
1186,39.533333,1580,52.666667,0.571406,matched
1187,39.566667,1582,52.733333,0.58896,matched
1188,39.6,1584,52.8,0.606514,matched
1189,39.633333,1586,52.866667,0.60622,matched
1190,39.666667,1588,52.933333,0.605927,matched
1191,39.7,1590,53.0,0.605633,matched
1192,39.733333,1592,53.066667,0.605339,matched
1193,39.766667,1594,53.133333,0.605046,matched
1194,39.8,1596,53.2,0.604752,matched
1195,39.833333,1598,53.266667,0.594275,matched
1196,39.866667,1600,53.333333,0.583798,matched
1197,39.9,1602,53.4,0.573321,matched
1198,39.933333,1604,53.466667,0.562844,matched
1199,39.966667,1606,53.533333,0.552367,matched
1200,40.0,1608,53.6,0.54189,matched
1201,40.033333,1610,53.666667,0.480294,matched
1202,40.066667,1612,53.733333,0.418698,matched
1203,40.1,1614,53.8,0.357103,matched
1204,40.133333,1616,53.866667,0.295507,review
1205,40.166667,1618,53.933333,0.233911,review
1206,40.2,1620,54.0,0.172315,review
1207,40.233333,1622,54.066667,0.143596,review
1208,40.266667,1624,54.133333,0.114877,review
1209,40.3,1626,54.2,0.086158,review
1210,40.333333,1628,54.266667,0.057439,review
1211,40.366667,1630,54.333333,0.02872,review
1212,40.4,1632,54.4,1e-06,review
1213,40.433333,1634,54.466667,0.012504,review
1214,40.466667,1636,54.533333,0.025009,review
1215,40.5,1638,54.6,0.037515,review
1216,40.533333,1640,54.666667,0.05002,review
1217,40.566667,1642,54.733333,0.062525,review
1218,40.6,1644,54.8,0.07503,review
1219,40.633333,1646,54.866667,0.087514,review
1220,40.666667,1648,54.933333,0.099997,review
1221,40.7,1650,55.0,0.112481,review
1222,40.733333,1652,55.066667,0.124965,review
1223,40.766667,1654,55.133333,0.137449,review
1224,40.8,1656,55.2,0.149933,review
1225,40.833333,1658,55.266667,0.171326,review
1226,40.866667,1660,55.333333,0.192718,review
1227,40.9,1662,55.4,0.21411,review
1228,40.933333,1664,55.466667,0.235502,review
1229,40.966667,1666,55.533333,0.256895,review
1230,41.0,1668,55.6,0.278287,review
1231,41.033333,1670,55.666667,0.28746,review
1232,41.066667,1672,55.733333,0.296634,review
1233,41.1,1674,55.8,0.305807,review
1234,41.133333,1676,55.866667,0.314981,review
1235,41.166667,1678,55.933333,0.324154,review
1236,41.2,1680,56.0,0.333328,review
1237,41.233333,1682,56.066667,0.327551,review
1238,41.266667,1684,56.133333,0.321775,review
1239,41.3,1686,56.2,0.315998,review
1240,41.333333,1688,56.266667,0.310221,review
1241,41.366667,1690,56.333333,0.304444,review
1242,41.4,1692,56.4,0.298667,review
1243,41.433333,1694,56.466667,0.295372,review
1244,41.466667,1696,56.533333,0.292077,review
1245,41.5,1698,56.6,0.288782,review
1246,41.533333,1700,56.666667,0.285487,review
1247,41.566667,1702,56.733333,0.282192,review
1248,41.6,1704,56.8,0.278899,review
1249,41.633333,1706,56.866667,0.325997,review
1250,41.666667,1708,56.933333,0.373094,matched
1251,41.7,1710,57.0,0.420192,matched
1252,41.733333,1712,57.066667,0.46729,matched
1253,41.766667,1714,57.133333,0.514387,matched
1254,41.8,1716,57.2,0.561483,matched
1255,41.833333,1718,57.266667,0.506889,matched
1256,41.866667,1720,57.333333,0.452296,matched
1257,41.9,1722,57.4,0.397703,matched
1258,41.933333,1724,57.466667,0.34311,review
1259,41.966667,1726,57.533333,0.288516,review
1260,42.0,1728,57.6,0.233923,review
1261,42.033333,1730,57.666667,0.195412,review
1262,42.066667,1732,57.733333,0.156901,review
1263,42.1,1734,57.8,0.11839,review
1264,42.133333,1736,57.866667,0.07988,review
1265,42.166667,1738,57.933333,0.041369,review
1266,42.2,1740,58.0,0.002858,review
1267,42.233333,1742,58.066667,0.035797,review
1268,42.266667,1744,58.133333,0.068737,review
1269,42.3,1746,58.2,0.101678,review
1270,42.333333,1748,58.266667,0.134618,review
1271,42.366667,1750,58.333333,0.167559,review
1272,42.4,1752,58.4,0.200499,review
1273,42.433333,1754,58.466667,0.167085,review
1274,42.466667,1756,58.533333,0.133668,review
1275,42.5,1758,58.6,0.10025,review
1276,42.533333,1760,58.666667,0.066833,review
1277,42.566667,1762,58.733333,0.033416,review
1278,42.6,1764,58.8,1e-06,review
1279,42.633333,1766,58.866667,0.023258,review
1280,42.666667,1768,58.933333,0.046515,review
1281,42.7,1770,59.0,0.069772,review
1282,42.733333,1772,59.066667,0.093029,review
1283,42.766667,1774,59.133333,0.116286,review
1284,42.8,1776,59.2,0.139543,review
1285,42.833333,1778,59.266667,0.167805,review
1286,42.866667,1780,59.333333,0.196067,review
1287,42.9,1782,59.4,0.224329,review
1288,42.933333,1784,59.466667,0.252591,review
1289,42.966667,1786,59.533333,0.280853,review
1290,43.0,1788,59.6,0.309115,review
1291,43.033333,1788,59.6,0.283356,review
1292,43.066667,1789,59.633333,0.257596,review
1293,43.1,1789,59.633333,0.231837,review
1294,43.133333,1790,59.666667,0.206077,review
1295,43.166667,1790,59.666667,0.180318,review
1296,43.2,1791,59.7,0.154558,review
1297,43.233333,1791,59.7,0.128799,review
1298,43.266667,1792,59.733333,0.103039,review
1299,43.3,1792,59.733333,0.07728,review
1300,43.333333,1793,59.766667,0.05152,review
1301,43.366667,1793,59.766667,0.025761,review
1302,43.4,1794,59.8,1e-06,review
1303,43.433333,1796,59.866667,0.0,review
1304,43.466667,1798,59.933333,0.0,review
1305,43.5,1800,60.0,0.0,review
1306,43.533333,1802,60.066667,0.0,review
1307,43.566667,1804,60.133333,0.0,review
1308,43.6,1806,60.2,0.0,review
1309,43.633333,1808,60.266667,0.0,review
1310,43.666667,1810,60.333333,0.0,review
1311,43.7,1812,60.4,0.0,review
1312,43.733333,1814,60.466667,0.0,review
1313,43.766667,1816,60.533333,0.0,review
1314,43.8,1818,60.6,0.0,review
1315,43.833333,1820,60.666667,0.0,review
1316,43.866667,1822,60.733333,0.0,review
1317,43.9,1824,60.8,0.0,review
1318,43.933333,1826,60.866667,0.0,review
1319,43.966667,1828,60.933333,0.0,review
1320,44.0,1830,61.0,0.0,review
1321,44.033333,1832,61.066667,0.0,review
1322,44.066667,1834,61.133333,0.0,review
1323,44.1,1836,61.2,0.0,review
1324,44.133333,1838,61.266667,0.0,review
1325,44.166667,1840,61.333333,0.0,review
1326,44.2,1842,61.4,0.0,review
1327,44.233333,1844,61.466667,0.0,review
1328,44.266667,1846,61.533333,0.0,review
1329,44.3,1848,61.6,0.0,review
1330,44.333333,1850,61.666667,0.0,review
1331,44.366667,1852,61.733333,0.0,review
1332,44.4,1854,61.8,0.0,review
1333,44.433333,1856,61.866667,0.0,review
1334,44.466667,1858,61.933333,0.0,review
1335,44.5,1860,62.0,0.0,review
1336,44.533333,1862,62.066667,0.0,review
1337,44.566667,1864,62.133333,0.0,review
1338,44.6,,,0.0,unmatched
1339,44.633333,,,0.0,unmatched
1340,44.666667,,,0.0,unmatched
1341,44.7,,,0.0,unmatched
1342,44.733333,,,0.0,unmatched
1343,44.766667,,,0.0,unmatched
1344,44.8,,,0.0,unmatched
1345,44.833333,,,0.0,unmatched
1346,44.866667,,,0.0,unmatched
1347,44.9,,,0.0,unmatched
1348,44.933333,,,0.0,unmatched
1349,44.966667,,,0.0,unmatched
1350,45.0,,,0.0,unmatched
1351,45.033333,,,0.0,unmatched
1352,45.066667,,,0.0,unmatched
1353,45.1,,,0.0,unmatched
1354,45.133333,,,0.0,unmatched
1355,45.166667,,,0.0,unmatched
1356,45.2,,,0.0,unmatched
1357,45.233333,,,0.0,unmatched
1358,45.266667,,,0.0,unmatched
1359,45.3,,,0.0,unmatched
1360,45.333333,,,0.0,unmatched
1361,45.366667,,,0.0,unmatched
1362,45.4,,,0.0,unmatched
1363,45.433333,,,0.0,unmatched
1364,45.466667,,,0.0,unmatched
1365,45.5,,,0.0,unmatched
1366,45.533333,,,0.0,unmatched
1367,45.566667,,,0.0,unmatched
1368,45.6,,,0.0,unmatched
1369,45.633333,,,0.0,unmatched
1370,45.666667,,,0.0,unmatched
1371,45.7,,,0.0,unmatched
1372,45.733333,,,0.0,unmatched
1373,45.766667,,,0.0,unmatched
1374,45.8,,,0.0,unmatched
1375,45.833333,,,0.0,unmatched
1376,45.866667,,,0.0,unmatched
1377,45.9,,,0.0,unmatched
1378,45.933333,,,0.0,unmatched
1379,45.966667,,,0.0,unmatched
1380,46.0,,,0.0,unmatched
1381,46.033333,,,0.0,unmatched
1382,46.066667,,,0.0,unmatched
1383,46.1,,,0.0,unmatched
1384,46.133333,,,0.0,unmatched
1385,46.166667,,,0.0,unmatched
1386,46.2,,,0.0,unmatched
1387,46.233333,,,0.0,unmatched
1388,46.266667,,,0.0,unmatched
1389,46.3,,,0.0,unmatched
1390,46.333333,,,0.0,unmatched
1391,46.366667,,,0.0,unmatched
1392,46.4,,,0.0,unmatched
1393,46.433333,,,0.0,unmatched
1394,46.466667,,,0.0,unmatched
1395,46.5,,,0.0,unmatched
1396,46.533333,,,0.0,unmatched
1397,46.566667,,,0.0,unmatched
1398,46.6,,,0.0,unmatched
1399,46.633333,,,0.0,unmatched
1400,46.666667,,,0.0,unmatched
1401,46.7,,,0.0,unmatched
1402,46.733333,,,0.0,unmatched
1403,46.766667,,,0.0,unmatched
1404,46.8,,,0.0,unmatched
1405,46.833333,,,0.0,unmatched
1406,46.866667,,,0.0,unmatched
1407,46.9,,,0.0,unmatched
1408,46.933333,,,0.0,unmatched
1409,46.966667,,,0.0,unmatched
1410,47.0,,,0.0,unmatched
1411,47.033333,,,0.0,unmatched
1412,47.066667,,,0.0,unmatched
1413,47.1,,,0.0,unmatched
1414,47.133333,,,0.0,unmatched
1415,47.166667,,,0.0,unmatched
1416,47.2,,,0.0,unmatched
1417,47.233333,,,0.0,unmatched
1418,47.266667,,,0.0,unmatched
1419,47.3,,,0.0,unmatched
1420,47.333333,,,0.0,unmatched
1421,47.366667,,,0.0,unmatched
1422,47.4,,,0.0,unmatched
1423,47.433333,,,0.0,unmatched
1424,47.466667,,,0.0,unmatched
1425,47.5,,,0.0,unmatched
1426,47.533333,,,0.0,unmatched
1427,47.566667,,,0.0,unmatched
1428,47.6,,,0.0,unmatched
1429,47.633333,,,0.0,unmatched
1430,47.666667,,,0.0,unmatched
1431,47.7,,,0.0,unmatched
1432,47.733333,,,0.0,unmatched
1433,47.766667,,,0.0,unmatched
1434,47.8,,,0.0,unmatched
1435,47.833333,,,0.0,unmatched
1436,47.866667,,,0.0,unmatched
1437,47.9,,,0.0,unmatched
1438,47.933333,,,0.0,unmatched
1439,47.966667,,,0.0,unmatched
1440,48.0,,,0.0,unmatched
1441,48.033333,,,0.0,unmatched
1442,48.066667,,,0.0,unmatched
1443,48.1,,,0.0,unmatched
1444,48.133333,,,0.0,unmatched
1445,48.166667,,,0.0,unmatched
1446,48.2,,,0.0,unmatched
1447,48.233333,,,0.0,unmatched
1448,48.266667,,,0.0,unmatched
1449,48.3,,,0.0,unmatched
1450,48.333333,,,0.0,unmatched
1451,48.366667,,,0.0,unmatched
1452,48.4,,,0.0,unmatched
1453,48.433333,,,0.0,unmatched
1454,48.466667,,,0.0,unmatched
1455,48.5,,,0.0,unmatched
1456,48.533333,,,0.0,unmatched
1457,48.566667,,,0.0,unmatched
1458,48.6,,,0.0,unmatched
1459,48.633333,,,0.0,unmatched
1460,48.666667,,,0.0,unmatched
