anls,answer_rate,answered,character_f1,conciseness_violation_rate,incremental_peak_gpu_gb_max,judge_evaluated,judge_label_counts,judge_soft_accuracy,judge_strict_accuracy,judge_strict_accuracy_ci95,judge_unjudgeable_rate,latency_mean_seconds,latency_median_seconds,latency_p95_seconds,model_key,normalized_exact_match,peak_gpu_gb_max,repetition_rate,rouge_l_f1,section,status_counts,task_aware_score,task_aware_score_ci95,throughput_qa_per_hour,token_f1,token_f1_ci95,total
0.15119519064026338,1.0,429,0.46666832990876006,0.0,2.054,0,{},,,"{""mean"": null, ""low"": null, ""high"": null}",,0.7527671328671328,0.7048,1.0153,internvl:InternVL3_5-4B-Instruct:frame:73289310,0.12354312354312354,7.21,0.0,0.2676567475518524,action,"{""answered"": 429}",0.31806376089592875,"{""mean"": 0.31806376089592875, ""low"": 0.28186938676449164, ""high"": 0.35671140566245463}",4782.355449404854,0.27035590025100514,"{""mean"": 0.27035590025100514, ""low"": 0.23865092431525997, ""high"": 0.29952867645175335}",429
0.23555555555555555,1.0,450,0.3868942781547523,0.0,2.056,0,{},,,"{""mean"": null, ""low"": null, ""high"": null}",,0.6329773333333333,0.6261,0.7025,internvl:InternVL3_5-4B-Instruct:frame:73289310,0.23555555555555555,7.212,0.0022222222222222222,0.27574466247654655,counting,"{""answered"": 450}",0.46444444444444444,"{""mean"": 0.46444444444444444, ""low"": 0.4177777777777778, ""high"": 0.5111111111111111}",5687.407447976022,0.27574466247654655,"{""mean"": 0.27574466247654655, ""low"": 0.2363851947837455, ""high"": 0.3140489818823152}",450
0.27713081620366387,1.0,151,0.5155327333684873,0.0,2.059,0,{},,,"{""mean"": null, ""low"": null, ""high"": null}",,0.7122059602649007,0.6973,1.0085,internvl:InternVL3_5-4B-Instruct:frame:73289310,0.24503311258278146,7.215,0.0,0.2995374750341638,depth_action,"{""answered"": 151}",0.3279617365710081,"{""mean"": 0.3279617365710081, ""low"": 0.254635761589404, ""high"": 0.4}",5054.7175969448535,0.2995374750341638,"{""mean"": 0.2995374750341638, ""low"": 0.23184063912540734, ""high"": 0.37060338484179545}",151
0.1262135922330097,1.0,103,0.22420118653935783,0.0,2.065,0,{},,,"{""mean"": null, ""low"": null, ""high"": null}",,0.6271592233009708,0.6251,0.63,internvl:InternVL3_5-4B-Instruct:frame:73289310,0.1262135922330097,7.221,0.0,0.14789644012944983,depth_counting,"{""answered"": 103}",0.23300970873786409,"{""mean"": 0.23300970873786409, ""low"": 0.1553398058252427, ""high"": 0.32038834951456313}",5740.169108973426,0.14789644012944983,"{""mean"": 0.14789644012944983, ""low"": 0.0831715210355987, ""high"": 0.21877022653721684}",103
0.15254237288135594,1.0,118,0.33988305645833067,0.0,2.067,0,{},,,"{""mean"": null, ""low"": null, ""high"": null}",,0.6272847457627119,0.6249,0.6287,internvl:InternVL3_5-4B-Instruct:frame:73289310,0.1271186440677966,7.223,0.0,0.16581920903954803,depth_dynamic_counting,"{""answered"": 118}",0.288135593220339,"{""mean"": 0.288135593220339, ""low"": 0.211864406779661, ""high"": 0.3728813559322034}",5739.020475657794,0.16581920903954803,"{""mean"": 0.16581920903954803, ""low"": 0.10451977401129943, ""high"": 0.23728813559322035}",118
0.3523070742034181,1.0,131,0.4607195348918118,0.0,2.067,0,{},,,"{""mean"": null, ""low"": null, ""high"": null}",,0.7116748091603053,0.6268,1.0924,internvl:InternVL3_5-4B-Instruct:frame:73289310,0.32061068702290074,7.223,0.0,0.3935478007997092,depth_dynamic_recognition,"{""answered"": 131}",0.44249363867684477,"{""mean"": 0.44249363867684477, ""low"": 0.3659033078880407, ""high"": 0.5241730279898219}",5058.4901329409,0.3935478007997092,"{""mean"": 0.3935478007997092, ""low"": 0.3187204652853508, ""high"": 0.47304616503089786}",131
0.13731656184486374,1.0,53,0.3775853384341656,0.0,2.063,0,{},,,"{""mean"": null, ""low"": null, ""high"": null}",,0.6420509433962264,0.6259,0.7035,internvl:InternVL3_5-4B-Instruct:frame:73289310,0.1320754716981132,7.22,0.0,0.284366576819407,depth_navigation,"{""answered"": 53}",0.4528301886792453,"{""mean"": 0.4528301886792453, ""low"": 0.32075471698113206, ""high"": 0.5849056603773585}",5607.031711467084,0.284366576819407,"{""mean"": 0.284366576819407, ""low"": 0.19191374663072777, ""high"": 0.38301886792452833}",53
0.5357142857142857,1.0,56,0.5806566158270279,0.0,2.073,0,{},,,"{""mean"": null, ""low"": null, ""high"": null}",,0.6297482142857143,0.6242,0.6298,internvl:InternVL3_5-4B-Instruct:frame:73289310,0.5357142857142857,7.229,0.0,0.5977040816326531,depth_non_common,"{""answered"": 56}",0.6964285714285714,"{""mean"": 0.6964285714285714, ""low"": 0.5714285714285714, ""high"": 0.8214285714285714}",5716.570398033229,0.5977040816326531,"{""mean"": 0.5977040816326531, ""low"": 0.4760204081632653, ""high"": 0.7153061224489796}",56
0.052597850734496694,1.0,49,0.3440359838110906,0.0,2.081,0,{},,,"{""mean"": null, ""low"": null, ""high"": null}",,0.8026897959183673,0.7529,0.9789,internvl:InternVL3_5-4B-Instruct:frame:73289310,0.04081632653061224,7.237,0.0,0.11689342403628118,depth_object_recognition,"{""answered"": 49}",0.1383219954648526,"{""mean"": 0.1383219954648526, ""low"": 0.05442176870748299, ""high"": 0.23356009070294784}",4484.920598599607,0.11689342403628118,"{""mean"": 0.11689342403628118, ""low"": 0.04580498866213152, ""high"": 0.19183673469387755}",49
0.23565166489694792,1.0,53,0.43815196290030173,0.0,2.065,0,{},,,"{""mean"": null, ""low"": null, ""high"": null}",,0.705877358490566,0.6272,1.0042,internvl:InternVL3_5-4B-Instruct:frame:73289310,0.20754716981132076,7.221,0.0,0.4501418177333827,depth_scene_sequence,"{""answered"": 53}",0.6855345911949685,"{""mean"": 0.6855345911949685, ""low"": 0.5534591194968553, ""high"": 0.7987421383647799}",5100.03608516098,0.4501418177333827,"{""mean"": 0.4501418177333827, ""low"": 0.36670366259711434, ""high"": 0.5430139351338019}",53
0.185,1.0,50,0.472994718961081,0.0,2.075,0,{},,,"{""mean"": null, ""low"": null, ""high"": null}",,0.687606,0.6979,0.8216,internvl:InternVL3_5-4B-Instruct:frame:73289310,0.16,7.231,0.0,0.38571428571428573,depth_spatial_reasoning,"{""answered"": 50}",0.5343333333333333,"{""mean"": 0.5343333333333333, ""low"": 0.41133333333333333, ""high"": 0.6583333333333333}",5235.556408757341,0.38571428571428573,"{""mean"": 0.38571428571428573, ""low"": 0.2814285714285714, ""high"": 0.48304761904761906}",50
0.3243758058844215,1.0,449,0.4704982689118956,0.0,2.057,0,{},,,"{""mean"": null, ""low"": null, ""high"": null}",,0.6389726057906459,0.6268,0.7074,internvl:InternVL3_5-4B-Instruct:frame:73289310,0.2962138084632517,7.213,0.0,0.343626368682048,dynamic_counting,"{""answered"": 449}",0.45572878000494926,"{""mean"": 0.45572878000494926, ""low"": 0.4084632516703786, ""high"": 0.50299430833952}",5634.044350845787,0.343626368682048,"{""mean"": 0.343626368682048, ""low"": 0.3023314596811256, ""high"": 0.383779089012942}",449
0.20185216272172793,1.0,322,0.3646065276844027,0.0,2.056,0,{},,,"{""mean"": null, ""low"": null, ""high"": null}",,0.7304521739130435,0.6276,1.1761,internvl:InternVL3_5-4B-Instruct:frame:73289310,0.19875776397515527,7.212,0.003105590062111801,0.26749107771212266,dynamic_recognition,"{""answered"": 322}",0.3830033949325144,"{""mean"": 0.3830033949325144, ""low"": 0.33209161438975104, ""high"": 0.4382493049920891}",4928.454084426562,0.26749107771212266,"{""mean"": 0.26749107771212266, ""low"": 0.2230932283727315, ""high"": 0.31263067403915046}",322
0.2507226751742881,1.0,155,0.5292508566439854,0.0,2.051,0,{},,,"{""mean"": null, ""low"": null, ""high"": null}",,0.7354490322580645,0.7023,1.0089,internvl:InternVL3_5-4B-Instruct:frame:73289310,0.2129032258064516,7.207,0.0,0.29092677931387606,event_action,"{""answered"": 155}",0.2995289298515105,"{""mean"": 0.2995289298515105, ""low"": 0.23442396313364056, ""high"": 0.36540706605222734}",4894.96870904411,0.29092677931387606,"{""mean"": 0.29092677931387606, ""low"": 0.227357910906298, ""high"": 0.3556989247311828}",155
0.24820143884892087,1.0,139,0.37939949876193985,0.0,2.052,0,{},,,"{""mean"": null, ""low"": null, ""high"": null}",,0.6319611510791366,0.6263,0.7045,internvl:InternVL3_5-4B-Instruct:frame:73289310,0.2446043165467626,7.209,0.0,0.2589928057553957,event_counting,"{""answered"": 139}",0.41007194244604317,"{""mean"": 0.41007194244604317, ""low"": 0.33093525179856115, ""high"": 0.4892086330935252}",5696.552697666052,0.2589928057553957,"{""mean"": 0.2589928057553957, ""low"": 0.18705035971223022, ""high"": 0.33573141486810554}",139
0.225,1.0,130,0.4350467908160216,0.0,2.057,0,{},,,"{""mean"": null, ""low"": null, ""high"": null}",,0.6455984615384616,0.6265,0.7074,internvl:InternVL3_5-4B-Instruct:frame:73289310,0.2076923076923077,7.213,0.0,0.2282051282051282,event_dynamic_counting,"{""answered"": 130}",0.3,"{""mean"": 0.3, ""low"": 0.2230769230769231, ""high"": 0.3769230769230769}",5576.2214665462425,0.2282051282051282,"{""mean"": 0.2282051282051282, ""low"": 0.15897435897435896, ""high"": 0.29743589743589743}",130
0.5284552845528455,1.0,123,0.6261524633839421,0.0,2.057,0,{},,,"{""mean"": null, ""low"": null, ""high"": null}",,0.7830317073170732,0.6276,1.3469,internvl:InternVL3_5-4B-Instruct:frame:73289310,0.5284552845528455,7.213,0.008130081300813009,0.5388437217705511,event_dynamic_recognition,"{""answered"": 123}",0.5429087624209575,"{""mean"": 0.5429087624209575, ""low"": 0.45528455284552843, ""high"": 0.6305329719963866}",4597.514974629566,0.5388437217705511,"{""mean"": 0.5388437217705511, ""low"": 0.45167118337850043, ""high"": 0.6237579042457091}",123
0.16196400225438337,1.0,54,0.3796484599880347,0.0,2.062,0,{},,,"{""mean"": null, ""low"": null, ""high"": null}",,0.7304277777777778,0.6267,1.0169,internvl:InternVL3_5-4B-Instruct:frame:73289310,0.12962962962962962,7.218,0.018518518518518517,0.21394901394901394,event_navigation,"{""answered"": 54}",0.15432098765432098,"{""mean"": 0.15432098765432098, ""low"": 0.06172839506172839, ""high"": 0.25925925925925924}",4928.618693763928,0.22657527657527657,"{""mean"": 0.22657527657527657, ""low"": 0.13095238095238096, ""high"": 0.3324514991181658}",54
0.8771929824561403,1.0,57,0.8976188477573519,0.0,2.057,0,{},,,"{""mean"": null, ""low"": null, ""high"": null}",,0.6507894736842105,0.628,0.7081,internvl:InternVL3_5-4B-Instruct:frame:73289310,0.8771929824561403,7.213,0.0,0.9140350877192982,event_non_common,"{""answered"": 57}",0.9649122807017544,"{""mean"": 0.9649122807017544, ""low"": 0.9122807017543859, ""high"": 1.0}",5531.7428224828145,0.9140350877192982,"{""mean"": 0.9140350877192982, ""low"": 0.8508771929824561, ""high"": 0.9701754385964912}",57
0.19382716049382717,1.0,54,0.4857025155282065,0.0,2.064,0,{},,,"{""mean"": null, ""low"": null, ""high"": null}",,0.86,0.7764,1.3124,internvl:InternVL3_5-4B-Instruct:frame:73289310,0.18518518518518517,7.22,0.0,0.31722290055623387,event_object_recognition,"{""answered"": 54}",0.30061728395061726,"{""mean"": 0.30061728395061726, ""low"": 0.1882716049382716, ""high"": 0.4166666666666667}",4186.0465116279065,0.31722290055623387,"{""mean"": 0.31722290055623387, ""low"": 0.205670872337539, ""high"": 0.4331840998507665}",54
0.05655455655455655,1.0,55,0.43133547196277294,0.0,2.062,0,{},,,"{""mean"": null, ""low"": null, ""high"": null}",,1.0951472727272726,0.9311,2.1149,internvl:InternVL3_5-4B-Instruct:frame:73289310,0.03636363636363636,7.218,0.07272727272727272,0.08434030615848798,event_scene_sequence,"{""answered"": 55}",0.06363636363636363,"{""mean"": 0.06363636363636363, ""low"": 0.00909090909090909, ""high"": 0.13636363636363635}",3287.2291148886575,0.08434030615848798,"{""mean"": 0.08434030615848798, ""low"": 0.03602952602952603, ""high"": 0.14507754871391235}",55
0.24637723473636786,1.0,55,0.5656871806498642,0.0,2.068,0,{},,,"{""mean"": null, ""low"": null, ""high"": null}",,0.7882963636363637,0.7767,1.0871,internvl:InternVL3_5-4B-Instruct:frame:73289310,0.2,7.224,0.0,0.3825108225108225,event_spatial_reasoning,"{""answered"": 55}",0.4116017316017316,"{""mean"": 0.4116017316017316, ""low"": 0.3025108225108225, ""high"": 0.5206926406926407}",4566.810359740106,0.3825108225108225,"{""mean"": 0.3825108225108225, ""low"": 0.28484848484848485, ""high"": 0.4860606060606061}",55
0.20495813515655964,1.0,464,0.31531220529329296,0.0,2.059,0,{},,,"{""mean"": null, ""low"": null, ""high"": null}",,0.6506344827586207,0.6266,0.7803,internvl:InternVL3_5-4B-Instruct:frame:73289310,0.20043103448275862,7.215,0.0,0.27446751221789256,light_change,"{""answered"": 464}",0.40831403988731574,"{""mean"": 0.40831403988731574, ""low"": 0.3665156682398062, ""high"": 0.45131067447877793}",5533.060566873719,0.27446751221789256,"{""mean"": 0.27446751221789256, ""low"": 0.24048215666179662, ""high"": 0.30793753062072027}",464
0.11730087015844776,1.0,106,0.44755059377225836,0.0,2.062,0,{},,,"{""mean"": null, ""low"": null, ""high"": null}",,0.7340877358490566,0.7053,0.9396,internvl:InternVL3_5-4B-Instruct:frame:73289310,0.07547169811320754,7.218,0.0,0.24470990225707207,light_recognition,"{""answered"": 106}",0.2677393884941055,"{""mean"": 0.2677393884941055, ""low"": 0.20325764382368156, ""high"": 0.3409186201639032}",4904.045966435045,0.25264641019358003,"{""mean"": 0.25264641019358003, ""low"": 0.19771774347246046, ""high"": 0.31680552152250263}",106
0.13909146822970733,1.0,438,0.3403678234161224,0.0091324200913242,2.059,0,{},,,"{""mean"": null, ""low"": null, ""high"": null}",,0.750101598173516,0.6274,0.9396,internvl:InternVL3_5-4B-Instruct:frame:73289310,0.12557077625570776,7.215,0.00684931506849315,0.2106647930256862,navigation,"{""answered"": 438}",0.228310502283105,"{""mean"": 0.228310502283105, ""low"": 0.1906392694063927, ""high"": 0.2648401826484018}",4799.349859760248,0.21215664612172097,"{""mean"": 0.21215664612172097, ""low"": 0.17894306725894155, ""high"": 0.2425719447979722}",438
0.31451612903225806,1.0,124,0.407594235534201,0.0,2.065,0,{},,,"{""mean"": null, ""low"": null, ""high"": null}",,0.6720354838709678,0.6291,1.0113,internvl:InternVL3_5-4B-Instruct:frame:73289310,0.31451612903225806,7.221,0.0,0.4285279149321926,non_common,"{""answered"": 124}",0.7971818504076569,"{""mean"": 0.7971818504076569, ""low"": 0.7211981566820277, ""high"": 0.8640552995391705}",5356.859996831963,0.4285279149321926,"{""mean"": 0.4285279149321926, ""low"": 0.3525802602415506, ""high"": 0.5012719544364005}",124
0.1795736005404031,1.0,101,0.47644723011456114,0.0,2.067,0,{},,,"{""mean"": null, ""low"": null, ""high"": null}",,0.8868227722772277,0.8199,1.3637,internvl:InternVL3_5-4B-Instruct:frame:73289310,0.1782178217821782,7.223,0.0,0.31970107720413987,object_recognition,"{""answered"": 101}",0.29125412541254125,"{""mean"": 0.29125412541254125, ""low"": 0.21776677667766778, ""high"": 0.36999842841427}",4059.435675919485,0.3262555832294551,"{""mean"": 0.3262555832294551, ""low"": 0.2538415968516585, ""high"": 0.40484547713626096}",101
0.11826451169708242,1.0,480,0.4031087827599997,0.008333333333333333,2.064,0,{},,,"{""mean"": null, ""low"": null, ""high"": null}",,0.91057875,0.7005,1.5662,internvl:InternVL3_5-4B-Instruct:frame:73289310,0.10416666666666667,7.22,0.027083333333333334,0.215600353800346,scene_sequence,"{""answered"": 480}",0.22652777777777777,"{""mean"": 0.22652777777777777, ""low"": 0.1907986111111111, ""high"": 0.26371527777777776}",3953.529554692549,0.21854912517466885,"{""mean"": 0.21854912517466885, ""low"": 0.18900909390778783, ""high"": 0.24751770334448858}",480
0.1199161511206302,1.0,101,0.431009835052989,0.0,2.068,0,{},,,"{""mean"": null, ""low"": null, ""high"": null}",,0.8477089108910891,0.7835,1.1732,internvl:InternVL3_5-4B-Instruct:frame:73289310,0.06930693069306931,7.224,0.0,0.33871340745478623,spatial_reasoning,"{""answered"": 101}",0.37604571211382354,"{""mean"": 0.37604571211382354, ""low"": 0.3088147420872799, ""high"": 0.43766582846832974}",4246.7407782888295,0.3436639025042912,"{""mean"": 0.3436639025042912, ""low"": 0.280515210538507, ""high"": 0.4017948173206733}",101
0.1808897939367785,1.0,415,0.38379340308042964,0.0024096385542168677,2.151,0,{},,,"{""mean"": null, ""low"": null, ""high"": null}",,0.7835990361445783,0.6304,1.2459,internvl:InternVL3_5-4B-Instruct:frame:73289310,0.13975903614457832,7.307,0.0,0.25710926434010933,text_recognition,"{""answered"": 415}",0.36442393048296323,"{""mean"": 0.36442393048296323, ""low"": 0.3224337061782777, ""high"": 0.4055817360859268}",4594.186355451031,0.2585179981372202,"{""mean"": 0.2585179981372202, ""low"": 0.22540809301008205, ""high"": 0.29049947217913197}",415
0.17169689782473765,1.0,429,0.5060892721035081,0.07692307692307693,4.839,0,{},,,"{""mean"": null, ""low"": null, ""high"": null}",,2.4322680652680653,2.3118,3.1968,molmo2:Molmo2-4B:frame:78bd9c18,0.1445221445221445,13.883,0.009324009324009324,0.29491793670752314,action,"{""answered"": 429}",0.3328882545862345,"{""mean"": 0.3328882545862345, ""low"": 0.29473369257602794, ""high"": 0.37196406970061535}",1480.1000150463417,0.2993313368030417,"{""mean"": 0.2993313368030417, ""low"": 0.26640613581541406, ""high"": 0.33144091220278127}",429
0.04483762748255502,1.0,450,0.06878265349687133,0.017777777777777778,4.839,0,{},,,"{""mean"": null, ""low"": null, ""high"": null}",,2.3066546666666667,2.2718,2.2967,molmo2:Molmo2-4B:frame:78bd9c18,0.042222222222222223,13.883,0.0044444444444444444,0.06800409269653919,counting,"{""answered"": 450}",0.35333333333333333,"{""mean"": 0.35333333333333333, ""low"": 0.3088888888888889, ""high"": 0.4}",1560.7017608762126,0.06810285812863795,"{""mean"": 0.06810285812863795, ""low"": 0.05039925207576594, ""high"": 0.0891246459916855}",450
0.2696472353829106,1.0,151,0.5225856378440373,0.013245033112582781,4.839,0,{},,,"{""mean"": null, ""low"": null, ""high"": null}",,2.3447033112582782,2.2917,2.5875,molmo2:Molmo2-4B:frame:78bd9c18,0.24503311258278146,13.883,0.006622516556291391,0.30440911811922383,depth_action,"{""answered"": 151}",0.33473201990687046,"{""mean"": 0.33473201990687046, ""low"": 0.26394653316431665, ""high"": 0.40410116177069144}",1535.375491950012,0.3051882377140816,"{""mean"": 0.3051882377140816, ""low"": 0.23496456231854854, ""high"": 0.3738148025563194}",151
0.07350901525658807,1.0,103,0.09749955967769391,0.0,4.839,0,{},,,"{""mean"": null, ""low"": null, ""high"": null}",,2.274261165048544,2.273,2.29,molmo2:Molmo2-4B:frame:78bd9c18,0.06796116504854369,13.883,0.0,0.10258899676375405,depth_counting,"{""answered"": 103}",0.27184466019417475,"{""mean"": 0.27184466019417475, ""low"": 0.18446601941747573, ""high"": 0.34951456310679613}",1582.931659444292,0.10258899676375405,"{""mean"": 0.10258899676375405, ""low"": 0.05080906148867314, ""high"": 0.15889967637540453}",103
0.11864406779661017,1.0,118,0.12275729271084668,0.0,4.839,0,{},,,"{""mean"": null, ""low"": null, ""high"": null}",,2.281307627118644,2.273,2.2896,molmo2:Molmo2-4B:frame:78bd9c18,0.11864406779661017,13.883,0.0,0.12203389830508475,depth_dynamic_counting,"{""answered"": 118}",0.3389830508474576,"{""mean"": 0.3389830508474576, ""low"": 0.2542372881355932, ""high"": 0.423728813559322}",1578.0423285337026,0.12203389830508475,"{""mean"": 0.12203389830508475, ""low"": 0.06779661016949153, ""high"": 0.18135593220338983}",118
0.23525872814743848,1.0,131,0.36570115755892535,0.030534351145038167,4.839,0,{},,,"{""mean"": null, ""low"": null, ""high"": null}",,2.332141221374046,2.2761,2.5852,molmo2:Molmo2-4B:frame:78bd9c18,0.1984732824427481,13.883,0.0,0.269629225736096,depth_dynamic_recognition,"{""answered"": 131}",0.3089058524173028,"{""mean"": 0.3089058524173028, ""low"": 0.2376590330788804, ""high"": 0.38778625954198476}",1543.645799407877,0.269629225736096,"{""mean"": 0.269629225736096, ""low"": 0.20321701199563794, ""high"": 0.34331152308251545}",131
0.1509433962264151,1.0,53,0.36573302325854157,0.018867924528301886,4.839,0,{},,,"{""mean"": null, ""low"": null, ""high"": null}",,2.307022641509434,2.2726,2.3485,molmo2:Molmo2-4B:frame:78bd9c18,0.1509433962264151,13.883,0.0,0.3105962417082449,depth_navigation,"{""answered"": 53}",0.5094339622641509,"{""mean"": 0.5094339622641509, ""low"": 0.3584905660377358, ""high"": 0.6415094339622641}",1560.4528257445272,0.3105962417082449,"{""mean"": 0.3105962417082449, ""low"": 0.21841295329854143, ""high"": 0.4079065588499551}",53
0.0,1.0,56,0.11220736070447537,0.30357142857142855,4.839,0,{},,,"{""mean"": null, ""low"": null, ""high"": null}",,2.7169482142857144,2.5844,3.4707,molmo2:Molmo2-4B:frame:78bd9c18,0.0,13.883,0.017857142857142856,0.025181016214450864,depth_non_common,"{""answered"": 56}",0.03571428571428571,"{""mean"": 0.03571428571428571, ""low"": 0.0, ""high"": 0.08928571428571429}",1325.016053331896,0.025181016214450864,"{""mean"": 0.025181016214450864, ""low"": 0.0066217976552323055, ""high"": 0.046188731903017616}",56
0.04539496958203571,1.0,49,0.3182473083094287,0.061224489795918366,4.839,0,{},,,"{""mean"": null, ""low"": null, ""high"": null}",,2.4496510204081634,2.4011,2.8626,molmo2:Molmo2-4B:frame:78bd9c18,0.02040816326530612,13.883,0.0,0.10306122448979592,depth_object_recognition,"{""answered"": 49}",0.11564625850340136,"{""mean"": 0.11564625850340136, ""low"": 0.04081632653061224, ""high"": 0.19727891156462585}",1469.5970854657348,0.10306122448979592,"{""mean"": 0.10306122448979592, ""low"": 0.04251700680272109, ""high"": 0.17414965986394557}",49
0.18328840970350405,1.0,53,0.3662427129893926,0.05660377358490566,4.839,0,{},,,"{""mean"": null, ""low"": null, ""high"": null}",,2.3292509433962265,2.2738,2.7146,molmo2:Molmo2-4B:frame:78bd9c18,0.16981132075471697,13.883,0.018867924528301886,0.3491404612159329,depth_scene_sequence,"{""answered"": 53}",0.5283018867924528,"{""mean"": 0.5283018867924528, ""low"": 0.39622641509433965, ""high"": 0.660377358490566}",1545.561250154921,0.3491404612159329,"{""mean"": 0.3491404612159329, ""low"": 0.25429769392033547, ""high"": 0.45052410901467504}",53
0.16884615384615384,1.0,50,0.4608708531678271,0.0,4.839,0,{},,,"{""mean"": null, ""low"": null, ""high"": null}",,2.28967,2.2753,2.3507,molmo2:Molmo2-4B:frame:78bd9c18,0.16,13.883,0.0,0.3611904761904762,depth_spatial_reasoning,"{""answered"": 50}",0.49647619047619046,"{""mean"": 0.49647619047619046, ""low"": 0.3698095238095238, ""high"": 0.6131428571428571}",1572.2789746994106,0.3611904761904762,"{""mean"": 0.3611904761904762, ""low"": 0.2623809523809524, ""high"": 0.4597142857142857}",50
0.2815027546594772,1.0,449,0.31196497824190134,0.0,4.839,0,{},,,"{""mean"": null, ""low"": null, ""high"": null}",,2.273,2.2718,2.2914,molmo2:Molmo2-4B:frame:78bd9c18,0.2739420935412027,13.883,0.0,0.305780089744455,dynamic_counting,"{""answered"": 449}",0.5604058401385795,"{""mean"": 0.5604058401385795, ""low"": 0.510913140311804, ""high"": 0.6027220984904726}",1583.809942806863,0.305780089744455,"{""mean"": 0.305780089744455, ""low"": 0.264152761368797, ""high"": 0.3460227968023068}",449
0.2837917775805975,1.0,322,0.43569391200833196,0.003105590062111801,4.839,0,{},,,"{""mean"": null, ""low"": null, ""high"": null}",,2.2982524844720498,2.2737,2.4237,molmo2:Molmo2-4B:frame:78bd9c18,0.27639751552795033,13.883,0.0,0.3514624935816021,dynamic_recognition,"{""answered"": 322}",0.45280309752359443,"{""mean"": 0.45280309752359443, ""low"": 0.40007909619710863, ""high"": 0.5072591487187761}",1566.4075310798526,0.35208361159402446,"{""mean"": 0.35208361159402446, ""low"": 0.30504367613063266, ""high"": 0.39694086107129584}",322
0.307180855364217,1.0,155,0.5692757838350938,0.0,4.839,0,{},,,"{""mean"": null, ""low"": null, ""high"": null}",,2.294652258064516,2.2854,2.3476,molmo2:Molmo2-4B:frame:78bd9c18,0.25161290322580643,13.883,0.0,0.3376164874551971,event_action,"{""answered"": 155}",0.3490860215053763,"{""mean"": 0.3490860215053763, ""low"": 0.27956989247311825, ""high"": 0.4203225806451613}",1568.865167847485,0.3376164874551971,"{""mean"": 0.3376164874551971, ""low"": 0.27025089605734764, ""high"": 0.4075089605734767}",155
0.07194244604316546,1.0,139,0.07194244604316546,0.0,4.839,0,{},,,"{""mean"": null, ""low"": null, ""high"": null}",,2.2681107913669063,2.2712,2.2819,molmo2:Molmo2-4B:frame:78bd9c18,0.07194244604316546,13.883,0.0,0.07194244604316546,event_counting,"{""answered"": 139}",0.39568345323741005,"{""mean"": 0.39568345323741005, ""low"": 0.31654676258992803, ""high"": 0.4748201438848921}",1587.2240517097543,0.07194244604316546,"{""mean"": 0.07194244604316546, ""low"": 0.03597122302158273, ""high"": 0.11510791366906475}",139
0.1,1.0,130,0.1,0.0,4.839,0,{},,,"{""mean"": null, ""low"": null, ""high"": null}",,2.270590769230769,2.2721,2.277,molmo2:Molmo2-4B:frame:78bd9c18,0.1,13.883,0.0,0.1,event_dynamic_counting,"{""answered"": 130}",0.47692307692307695,"{""mean"": 0.47692307692307695, ""low"": 0.3923076923076923, ""high"": 0.5615384615384615}",1585.4904585997283,0.1,"{""mean"": 0.1, ""low"": 0.05384615384615385, ""high"": 0.15384615384615385}",130
0.5191960252935862,1.0,123,0.6230325419374513,0.0,4.839,0,{},,,"{""mean"": null, ""low"": null, ""high"": null}",,2.28380162601626,2.2734,2.3624,molmo2:Molmo2-4B:frame:78bd9c18,0.4959349593495935,13.883,0.0,0.532520325203252,event_dynamic_recognition,"{""answered"": 123}",0.5365853658536586,"{""mean"": 0.5365853658536586, ""low"": 0.45772357723577234, ""high"": 0.6195121951219512}",1576.3190458357121,0.532520325203252,"{""mean"": 0.532520325203252, ""low"": 0.45284552845528453, ""high"": 0.6154471544715447}",123
0.16769547325102882,1.0,54,0.4420508717174112,0.1111111111111111,4.839,0,{},,,"{""mean"": null, ""low"": null, ""high"": null}",,2.381835185185185,2.2751,2.7215,molmo2:Molmo2-4B:frame:78bd9c18,0.14814814814814814,13.883,0.018518518518518517,0.2535236625514403,event_navigation,"{""answered"": 54}",0.18518518518518517,"{""mean"": 0.18518518518518517, ""low"": 0.09259259259259259, ""high"": 0.28703703703703703}",1511.439591786912,0.26790858318636096,"{""mean"": 0.26790858318636096, ""low"": 0.17414756025867137, ""high"": 0.37098030570252793}",54
0.21052631578947367,1.0,57,0.2987286454391568,0.2807017543859649,4.839,0,{},,,"{""mean"": null, ""low"": null, ""high"": null}",,2.6055070175438595,2.5502,3.1974,molmo2:Molmo2-4B:frame:78bd9c18,0.21052631578947367,13.883,0.0,0.2227920227920228,event_non_common,"{""answered"": 57}",0.2222222222222222,"{""mean"": 0.2222222222222222, ""low"": 0.11695906432748537, ""high"": 0.3333333333333333}",1381.6888520199118,0.2227920227920228,"{""mean"": 0.2227920227920228, ""low"": 0.11887839256260309, ""high"": 0.3333333333333333}",57
0.20952508140008141,1.0,54,0.5265177690613481,0.07407407407407407,4.839,0,{},,,"{""mean"": null, ""low"": null, ""high"": null}",,2.5512685185185187,2.3895,4.2683,molmo2:Molmo2-4B:frame:78bd9c18,0.2037037037037037,13.883,0.018518518518518517,0.33678541127115225,event_object_recognition,"{""answered"": 54}",0.33043478260869563,"{""mean"": 0.33043478260869563, ""low"": 0.22302737520128824, ""high"": 0.4469135802469136}",1411.062761081089,0.33678541127115225,"{""mean"": 0.33678541127115225, ""low"": 0.2307434245840043, ""high"": 0.450705467372134}",54
0.05545454545454546,1.0,55,0.4210707701702653,0.2,4.839,0,{},,,"{""mean"": null, ""low"": null, ""high"": null}",,2.5387454545454546,2.4177,3.0102,molmo2:Molmo2-4B:frame:78bd9c18,0.03636363636363636,13.883,0.14545454545454545,0.10796978634004514,event_scene_sequence,"{""answered"": 55}",0.05454545454545454,"{""mean"": 0.05454545454545454, ""low"": 0.00909090909090909, ""high"": 0.11818181818181818}",1418.023218339767,0.10796978634004514,"{""mean"": 0.10796978634004514, ""low"": 0.05343529669693153, ""high"": 0.17925121309573216}",55
0.2462544101300082,1.0,55,0.5649862683221167,0.0,4.839,0,{},,,"{""mean"": null, ""low"": null, ""high"": null}",,2.3113945454545455,2.2971,2.4062,molmo2:Molmo2-4B:frame:78bd9c18,0.18181818181818182,13.883,0.0,0.36034632034632036,event_spatial_reasoning,"{""answered"": 55}",0.37852813852813855,"{""mean"": 0.37852813852813855, ""low"": 0.2767965367965368, ""high"": 0.4895238095238095}",1557.5012959512048,0.36034632034632036,"{""mean"": 0.36034632034632036, ""low"": 0.26216450216450216, ""high"": 0.463982683982684}",55
0.24281609195402298,1.0,464,0.3637996314030483,0.008620689655172414,4.839,0,{},,,"{""mean"": null, ""low"": null, ""high"": null}",,2.293076077586207,2.272,2.3851,molmo2:Molmo2-4B:frame:78bd9c18,0.23922413793103448,13.883,0.0,0.3100768026624685,light_change,"{""answered"": 464}",0.4366924443339698,"{""mean"": 0.4366924443339698, ""low"": 0.3955281786049922, ""high"": 0.4791381779208105}",1569.9435510179492,0.31145543175946133,"{""mean"": 0.31145543175946133, ""low"": 0.27672244087922104, ""high"": 0.34776598273762394}",464
0.11970110626510203,1.0,106,0.4353199712092885,0.02830188679245283,4.839,0,{},,,"{""mean"": null, ""low"": null, ""high"": null}",,2.354733962264151,2.2943,2.531,molmo2:Molmo2-4B:frame:78bd9c18,0.07547169811320754,13.883,0.0,0.23613526801359033,light_recognition,"{""answered"": 106}",0.25690271736039594,"{""mean"": 0.25690271736039594, ""low"": 0.1934721986608779, ""high"": 0.32588724857841045}",1528.8351285928222,0.23724514592701987,"{""mean"": 0.23724514592701987, ""low"": 0.18155897931147655, ""high"": 0.2988747914079417}",106
0.15647622229646954,1.0,438,0.3738127633285206,0.05251141552511415,4.839,0,{},,,"{""mean"": null, ""low"": null, ""high"": null}",,2.3762529680365296,2.2751,3.0637,molmo2:Molmo2-4B:frame:78bd9c18,0.14840182648401826,13.883,0.0091324200913242,0.2511840550158691,navigation,"{""answered"": 438}",0.2945205479452055,"{""mean"": 0.2945205479452055, ""low"": 0.2465753424657534, ""high"": 0.3378995433789954}",1514.9902171293804,0.2543287542203552,"{""mean"": 0.2543287542203552, ""low"": 0.21962259225546524, ""high"": 0.28635699346997606}",438
0.14946236559139786,1.0,124,0.4376070146226221,0.1935483870967742,4.839,0,{},,,"{""mean"": null, ""low"": null, ""high"": null}",,2.614633064516129,2.589,3.3642,molmo2:Molmo2-4B:frame:78bd9c18,0.14516129032258066,13.883,0.0,0.22082432611167846,non_common,"{""answered"": 124}",0.3007841083647535,"{""mean"": 0.3007841083647535, ""low"": 0.21860284876413907, ""high"": 0.3888269794721408}",1376.8662413309712,0.22538733707367722,"{""mean"": 0.22538733707367722, ""low"": 0.1631496797403709, ""high"": 0.28671938285059634}",124
0.2126375840908899,1.0,101,0.5738329349092185,0.0297029702970297,4.847,0,{},,,"{""mean"": null, ""low"": null, ""high"": null}",,2.4714247524752477,2.362,2.8098,molmo2:Molmo2-4B:frame:78bd9c18,0.18811881188118812,13.883,0.009900990099009901,0.3708359199870218,object_recognition,"{""answered"": 101}",0.3423971388735512,"{""mean"": 0.3423971388735512, ""low"": 0.27000704272107884, ""high"": 0.4171795751003672}",1456.649649719026,0.3829023280930339,"{""mean"": 0.3829023280930339, ""low"": 0.3126650791385117, ""high"": 0.4558697492695407}",101
0.11708878114925388,1.0,480,0.42891752549134726,0.027083333333333334,4.839,0,{},,,"{""mean"": null, ""low"": null, ""high"": null}",,2.40889,2.3087,2.9124,molmo2:Molmo2-4B:frame:78bd9c18,0.10625,13.883,0.0375,0.21138861529543576,scene_sequence,"{""answered"": 480}",0.21107638888888888,"{""mean"": 0.21107638888888888, ""low"": 0.17645833333333333, ""high"": 0.24722222222222223}",1494.4642553209148,0.21864994412021424,"{""mean"": 0.21864994412021424, ""low"": 0.19054592774018633, ""high"": 0.24781677645988642}",480
0.11104813475891012,1.0,101,0.402134132569498,0.009900990099009901,4.847,0,{},,,"{""mean"": null, ""low"": null, ""high"": null}",,2.352420792079208,2.308,2.4792,molmo2:Molmo2-4B:frame:78bd9c18,0.0594059405940594,13.883,0.0,0.2957746145822781,spatial_reasoning,"{""answered"": 101}",0.3071844757383839,"{""mean"": 0.3071844757383839, ""low"": 0.24015858167481705, ""high"": 0.37066771941198406}",1530.3384548042993,0.29681682406638443,"{""mean"": 0.29681682406638443, ""low"": 0.23950977342267746, ""high"": 0.35545411589383064}",101
0.22831534900920336,1.0,415,0.4050658820061139,0.021686746987951807,4.84,0,{},,,"{""mean"": null, ""low"": null, ""high"": null}",,2.363063614457831,2.2756,2.6424,molmo2:Molmo2-4B:frame:78bd9c18,0.18795180722891566,13.883,0.0024096385542168677,0.3020535007448769,text_recognition,"{""answered"": 415}",0.3901958838066209,"{""mean"": 0.3901958838066209, ""low"": 0.34266198005040854, ""high"": 0.43495606134160353}",1523.4460798999544,0.30364987009634065,"{""mean"": 0.30364987009634065, ""low"": 0.2707285492834143, ""high"": 0.3407775990574707}",415
0.1955782132436179,1.0,429,0.5157450471894802,0.011655011655011656,1.907,0,{},,,"{""mean"": null, ""low"": null, ""high"": null}",,1.3146689976689976,1.2686,1.4657,qwen_vl:Qwen3-VL-4B-Instruct:frame:5841db6a,0.15384615384615385,4.766,0.002331002331002331,0.3326554097901172,action,"{""answered"": 429}",0.3804468568822636,"{""mean"": 0.3804468568822636, ""low"": 0.3436747108995913, ""high"": 0.419446279126073}",2738.3318587287426,0.33504995256927533,"{""mean"": 0.33504995256927533, ""low"": 0.3019950823042468, ""high"": 0.3686365063527375}",429
0.06666666666666667,1.0,450,0.08683859939063758,0.0,1.907,0,{},,,"{""mean"": null, ""low"": null, ""high"": null}",,1.2436446666666667,1.2423,1.2491,qwen_vl:Qwen3-VL-4B-Instruct:frame:5841db6a,0.06666666666666667,4.767,0.0,0.10124802947991354,counting,"{""answered"": 450}",0.5866666666666667,"{""mean"": 0.5866666666666667, ""low"": 0.54, ""high"": 0.6311111111111111}",2894.7175157748666,0.10124802947991354,"{""mean"": 0.10124802947991354, ""low"": 0.0774440680092854, ""high"": 0.12594820584675656}",450
0.27186866962888456,1.0,151,0.5124054646097526,0.0,1.907,0,{},,,"{""mean"": null, ""low"": null, ""high"": null}",,1.276123178807947,1.2483,1.389,qwen_vl:Qwen3-VL-4B-Instruct:frame:5841db6a,0.23841059602649006,4.767,0.0,0.3001576538174656,depth_action,"{""answered"": 151}",0.32035632931415436,"{""mean"": 0.32035632931415436, ""low"": 0.2585179082564931, ""high"": 0.3862393793031646}",2821.044284582962,0.3001576538174656,"{""mean"": 0.3001576538174656, ""low"": 0.23875027222883619, ""high"": 0.3639702557618208}",151
0.019417475728155338,1.0,103,0.03050444700930138,0.0,1.908,0,{},,,"{""mean"": null, ""low"": null, ""high"": null}",,1.244747572815534,1.2438,1.25,qwen_vl:Qwen3-VL-4B-Instruct:frame:5841db6a,0.019417475728155338,4.768,0.0,0.019417475728155338,depth_counting,"{""answered"": 103}",0.07766990291262135,"{""mean"": 0.07766990291262135, ""low"": 0.02912621359223301, ""high"": 0.1262135922330097}",2892.1526569897587,0.019417475728155338,"{""mean"": 0.019417475728155338, ""low"": 0.0, ""high"": 0.04854368932038835}",103
0.1694915254237288,1.0,118,0.18445043656908064,0.0,1.908,0,{},,,"{""mean"": null, ""low"": null, ""high"": null}",,1.2445398305084745,1.2439,1.2479,qwen_vl:Qwen3-VL-4B-Instruct:frame:5841db6a,0.1694915254237288,4.768,0.0,0.192090395480226,depth_dynamic_counting,"{""answered"": 118}",0.4491525423728814,"{""mean"": 0.4491525423728814, ""low"": 0.3644067796610169, ""high"": 0.5423728813559322}",2892.6354237527053,0.192090395480226,"{""mean"": 0.192090395480226, ""low"": 0.1271186440677966, ""high"": 0.2655367231638418}",118
0.3497625449413316,1.0,131,0.4670383682651057,0.0,1.908,0,{},,,"{""mean"": null, ""low"": null, ""high"": null}",,1.2737038167938932,1.2447,1.4644,qwen_vl:Qwen3-VL-4B-Instruct:frame:5841db6a,0.3282442748091603,4.768,0.0,0.38736822973464197,depth_dynamic_recognition,"{""answered"": 131}",0.4366775717920756,"{""mean"": 0.4366775717920756, ""low"": 0.35910577971646673, ""high"": 0.5151944747364595}",2826.402773182976,0.38736822973464197,"{""mean"": 0.38736822973464197, ""low"": 0.3127044711014177, ""high"": 0.45728825881497637}",131
0.1519916142557652,1.0,53,0.37657142680022526,0.0,1.908,0,{},,,"{""mean"": null, ""low"": null, ""high"": null}",,1.2558415094339623,1.2448,1.3141,qwen_vl:Qwen3-VL-4B-Instruct:frame:5841db6a,0.1509433962264151,4.768,0.0,0.31734052111410604,depth_navigation,"{""answered"": 53}",0.5283018867924528,"{""mean"": 0.5283018867924528, ""low"": 0.37735849056603776, ""high"": 0.660377358490566}",2866.6037656476306,0.31734052111410604,"{""mean"": 0.31734052111410604, ""low"": 0.22578616352201258, ""high"": 0.4125786163522013}",53
0.7857142857142857,1.0,56,0.8334636333708876,0.0,1.909,0,{},,,"{""mean"": null, ""low"": null, ""high"": null}",,1.2484857142857142,1.2447,1.2492,qwen_vl:Qwen3-VL-4B-Instruct:frame:5841db6a,0.7857142857142857,4.769,0.0,0.8566326530612245,depth_non_common,"{""answered"": 56}",0.9642857142857143,"{""mean"": 0.9642857142857143, ""low"": 0.9107142857142857, ""high"": 1.0}",2883.4931459825607,0.8566326530612245,"{""mean"": 0.8566326530612245, ""low"": 0.7790816326530612, ""high"": 0.9267857142857143}",56
0.042393769101843636,1.0,49,0.3449914267366005,0.0,1.91,0,{},,,"{""mean"": null, ""low"": null, ""high"": null}",,1.378091836734694,1.3302,1.6012,qwen_vl:Qwen3-VL-4B-Instruct:frame:5841db6a,0.02040816326530612,4.77,0.0,0.07585034013605442,depth_object_recognition,"{""answered"": 49}",0.07959183673469387,"{""mean"": 0.07959183673469387, ""low"": 0.02040816326530612, ""high"": 0.145578231292517}",2612.3077606569277,0.07585034013605442,"{""mean"": 0.07585034013605442, ""low"": 0.02040816326530612, ""high"": 0.1380952380952381}",49
0.19529527076696887,1.0,53,0.4005585641403411,0.0,1.908,0,{},,,"{""mean"": null, ""low"": null, ""high"": null}",,1.2710830188679245,1.2447,1.3928,qwen_vl:Qwen3-VL-4B-Instruct:frame:5841db6a,0.18867924528301888,4.768,0.0,0.4021488469601677,depth_scene_sequence,"{""answered"": 53}",0.6037735849056604,"{""mean"": 0.6037735849056604, ""low"": 0.4716981132075472, ""high"": 0.7358490566037735}",2832.230425992394,0.4021488469601677,"{""mean"": 0.4021488469601677, ""low"": 0.31331236897274634, ""high"": 0.4985849056603774}",53
0.105,1.0,50,0.3578964898979385,0.0,1.909,0,{},,,"{""mean"": null, ""low"": null, ""high"": null}",,1.266668,1.2455,1.3319,qwen_vl:Qwen3-VL-4B-Instruct:frame:5841db6a,0.08,4.769,0.0,0.24774358974358973,depth_spatial_reasoning,"{""answered"": 50}",0.3537435897435897,"{""mean"": 0.3537435897435897, ""low"": 0.23282051282051283, ""high"": 0.47333333333333333}",2842.1022714712935,0.24774358974358973,"{""mean"": 0.24774358974358973, ""low"": 0.15507692307692308, ""high"": 0.3384102564102564}",50
0.3104559840581409,1.0,449,0.3393087199694267,0.0,1.907,0,{},,,"{""mean"": null, ""low"": null, ""high"": null}",,1.2433461024498886,1.2433,1.2489,qwen_vl:Qwen3-VL-4B-Instruct:frame:5841db6a,0.3028953229398664,4.767,0.0,0.3409605613391805,dynamic_counting,"{""answered"": 449}",0.6472655283345706,"{""mean"": 0.6472655283345706, ""low"": 0.6018807225934175, ""high"": 0.6904726552833457}",2895.4126231678847,0.3409605613391805,"{""mean"": 0.3409605613391805, ""low"": 0.2996614249398214, ""high"": 0.3787414886524018}",449
0.30108007689962096,1.0,322,0.46776330350368345,0.0,1.907,0,{},,,"{""mean"": null, ""low"": null, ""high"": null}",,1.2893388198757765,1.245,1.4412,qwen_vl:Qwen3-VL-4B-Instruct:frame:5841db6a,0.2888198757763975,4.767,0.003105590062111801,0.3734084436450165,dynamic_recognition,"{""answered"": 322}",0.4775032704882906,"{""mean"": 0.4775032704882906, ""low"": 0.42237126734751873, ""high"": 0.5310160559612515}",2792.128759721086,0.37408214307647997,"{""mean"": 0.37408214307647997, ""low"": 0.32437942492290317, ""high"": 0.4206962432620087}",322
0.2989951634303976,1.0,155,0.5646617822456836,0.01935483870967742,1.906,0,{},,,"{""mean"": null, ""low"": null, ""high"": null}",,1.3072303225806452,1.2635,1.3886,qwen_vl:Qwen3-VL-4B-Instruct:frame:5841db6a,0.23225806451612904,4.766,0.0,0.36748193662172157,event_action,"{""answered"": 155}",0.37911076975593105,"{""mean"": 0.37911076975593105, ""low"": 0.3123553507424475, ""high"": 0.44330431814302784}",2753.914086764087,0.36764123570575186,"{""mean"": 0.36764123570575186, ""low"": 0.30400238948626046, ""high"": 0.43275814985492406}",155
0.07194244604316546,1.0,139,0.07194244604316546,0.0,1.906,0,{},,,"{""mean"": null, ""low"": null, ""high"": null}",,1.2417086330935252,1.2408,1.2471,qwen_vl:Qwen3-VL-4B-Instruct:frame:5841db6a,0.07194244604316546,4.766,0.0,0.07194244604316546,event_counting,"{""answered"": 139}",0.41007194244604317,"{""mean"": 0.41007194244604317, ""low"": 0.33093525179856115, ""high"": 0.4892086330935252}",2899.230869508538,0.07194244604316546,"{""mean"": 0.07194244604316546, ""low"": 0.02877697841726619, ""high"": 0.11510791366906475}",139
0.1076923076923077,1.0,130,0.1076923076923077,0.0,1.907,0,{},,,"{""mean"": null, ""low"": null, ""high"": null}",,1.2423092307692307,1.2422,1.2481,qwen_vl:Qwen3-VL-4B-Instruct:frame:5841db6a,0.1076923076923077,4.767,0.0,0.1076923076923077,event_dynamic_counting,"{""answered"": 130}",0.5923076923076923,"{""mean"": 0.5923076923076923, ""low"": 0.5076923076923077, ""high"": 0.676923076923077}",2897.8292286944557,0.1076923076923077,"{""mean"": 0.1076923076923077, ""low"": 0.06153846153846154, ""high"": 0.16153846153846155}",130
0.5025406504065041,1.0,123,0.6238996522347574,0.0,1.907,0,{},,,"{""mean"": null, ""low"": null, ""high"": null}",,1.300370731707317,1.2443,1.4423,qwen_vl:Qwen3-VL-4B-Instruct:frame:5841db6a,0.4796747967479675,4.767,0.0,0.5590785907859078,event_dynamic_recognition,"{""answered"": 123}",0.5631436314363144,"{""mean"": 0.5631436314363144, ""low"": 0.48292682926829267, ""high"": 0.6390243902439025}",2768.4412700318107,0.5590785907859078,"{""mean"": 0.5590785907859078, ""low"": 0.47913279132791325, ""high"": 0.6368563685636857}",123
0.1040380658436214,1.0,54,0.40558590936801925,0.037037037037037035,1.908,0,{},,,"{""mean"": null, ""low"": null, ""high"": null}",,1.3122962962962963,1.2492,1.612,qwen_vl:Qwen3-VL-4B-Instruct:frame:5841db6a,0.07407407407407407,4.767,0.0,0.1498177542621987,event_navigation,"{""answered"": 54}",0.12654320987654322,"{""mean"": 0.12654320987654322, ""low"": 0.04938271604938271, ""high"": 0.20987654320987653}",2743.282908105668,0.15393298059964727,"{""mean"": 0.15393298059964727, ""low"": 0.08074074074074074, ""high"": 0.2374074074074074}",54
0.8947368421052632,1.0,57,0.9166400850611377,0.0,1.907,0,{},,,"{""mean"": null, ""low"": null, ""high"": null}",,1.243982456140351,1.2436,1.2498,qwen_vl:Qwen3-VL-4B-Instruct:frame:5841db6a,0.8947368421052632,4.767,0.0,0.9315789473684211,event_non_common,"{""answered"": 57}",0.9824561403508771,"{""mean"": 0.9824561403508771, ""low"": 0.9473684210526315, ""high"": 1.0}",2893.931487723356,0.9315789473684211,"{""mean"": 0.9315789473684211, ""low"": 0.8736842105263158, ""high"": 0.980701754385965}",57
0.27593327454438565,1.0,54,0.5824697183211407,0.0,1.908,0,{},,,"{""mean"": null, ""low"": null, ""high"": null}",,1.374748148148148,1.3352,1.5667,qwen_vl:Qwen3-VL-4B-Instruct:frame:5841db6a,0.2962962962962963,4.768,0.0,0.41129439430093023,event_object_recognition,"{""answered"": 54}",0.4037037037037037,"{""mean"": 0.4037037037037037, ""low"": 0.2851851851851852, ""high"": 0.5259259259259259}",2618.6614652650183,0.4174672338071031,"{""mean"": 0.4174672338071031, ""low"": 0.2989487152885846, ""high"": 0.537742504409171}",54
0.04458874458874459,1.0,55,0.4723856033965594,0.10909090909090909,1.908,0,{},,,"{""mean"": null, ""low"": null, ""high"": null}",,1.4755727272727273,1.4036,2.0504,qwen_vl:Qwen3-VL-4B-Instruct:frame:5841db6a,0.01818181818181818,4.767,0.0,0.11840195144100069,event_scene_sequence,"{""answered"": 55}",0.045454545454545456,"{""mean"": 0.045454545454545456, ""low"": 0.00909090909090909, ""high"": 0.1}",2439.7306438794185,0.11840195144100069,"{""mean"": 0.11840195144100069, ""low"": 0.0706777043619149, ""high"": 0.1761369454917842}",55
0.30926305067481535,1.0,55,0.6131503884662587,0.01818181818181818,1.909,0,{},,,"{""mean"": null, ""low"": null, ""high"": null}",,1.3158563636363636,1.2898,1.5121,qwen_vl:Qwen3-VL-4B-Instruct:frame:5841db6a,0.23636363636363636,4.768,0.0,0.47654845670325546,event_spatial_reasoning,"{""answered"": 55}",0.5056393657941646,"{""mean"": 0.5056393657941646, ""low"": 0.40058354442255373, ""high"": 0.6103030303030303}",2735.8609187794755,0.47654845670325546,"{""mean"": 0.47654845670325546, ""low"": 0.3769537480063796, ""high"": 0.5700666103762079}",55
0.2895653735632184,1.0,464,0.3981182529856147,0.0,1.907,0,{},,,"{""mean"": null, ""low"": null, ""high"": null}",,1.252423275862069,1.2433,1.2723,qwen_vl:Qwen3-VL-4B-Instruct:frame:5841db6a,0.28448275862068967,4.767,0.0,0.36308643795732054,light_change,"{""answered"": 464}",0.5043950781019747,"{""mean"": 0.5043950781019747, ""low"": 0.46402151488358384, ""high"": 0.5478790366721401}",2874.4275752317426,0.3634612505510237,"{""mean"": 0.3634612505510237, ""low"": 0.32816358007016355, ""high"": 0.3975531378616141}",464
0.15015707742539042,1.0,106,0.5090610365185115,0.009433962264150943,1.908,0,{},,,"{""mean"": null, ""low"": null, ""high"": null}",,1.3179009433962263,1.2914,1.5256,qwen_vl:Qwen3-VL-4B-Instruct:frame:5841db6a,0.09433962264150944,4.767,0.0,0.27760726140304387,light_recognition,"{""answered"": 106}",0.3064598029914345,"{""mean"": 0.3064598029914345, ""low"": 0.23705131346640781, ""high"": 0.38017673533766766}",2731.6165285706606,0.28778879370721766,"{""mean"": 0.28778879370721766, ""low"": 0.23034270206301283, ""high"": 0.348587187876866}",106
0.1873023929151683,1.0,438,0.39428334576499324,0.0,1.907,0,{},,,"{""mean"": null, ""low"": null, ""high"": null}",,1.2763253424657535,1.2446,1.438,qwen_vl:Qwen3-VL-4B-Instruct:frame:5841db6a,0.17123287671232876,4.767,0.0,0.2828071016981153,navigation,"{""answered"": 438}",0.3198249619482496,"{""mean"": 0.3198249619482496, ""low"": 0.2756849315068493, ""high"": 0.3624429223744292}",2820.597445041016,0.2855830579510002,"{""mean"": 0.2855830579510002, ""low"": 0.2503241877468397, ""high"": 0.3200330270954555}",438
0.3225806451612903,1.0,124,0.42908045089952646,0.0,1.908,0,{},,,"{""mean"": null, ""low"": null, ""high"": null}",,1.2724266129032258,1.246,1.5851,qwen_vl:Qwen3-VL-4B-Instruct:frame:5841db6a,0.3225806451612903,4.768,0.0,0.4467084275996129,non_common,"{""answered"": 124}",0.8382879920001578,"{""mean"": 0.8382879920001578, ""low"": 0.7689048620850865, ""high"": 0.8986842051838885}",2829.239787578851,0.4489705639611927,"{""mean"": 0.4489705639611927, ""low"": 0.3810710342015648, ""high"": 0.5219762692000957}",124
0.2434909655539289,1.0,101,0.5650600885147263,0.0,1.914,0,{},,,"{""mean"": null, ""low"": null, ""high"": null}",,1.3873,1.3367,1.6457,qwen_vl:Qwen3-VL-4B-Instruct:frame:5841db6a,0.19801980198019803,4.768,0.0,0.3976616145193129,object_recognition,"{""answered"": 101}",0.35977752659081785,"{""mean"": 0.35977752659081785, ""low"": 0.2831760526101942, ""high"": 0.43536353635363534}",2594.968644128882,0.4073541467977509,"{""mean"": 0.4073541467977509, ""low"": 0.33529022075139847, ""high"": 0.4807680021151712}",101
0.13492692703351225,1.0,480,0.4543596685006196,0.008333333333333333,1.908,0,{},,,"{""mean"": null, ""low"": null, ""high"": null}",,1.344883125,1.269,1.6358,qwen_vl:Qwen3-VL-4B-Instruct:frame:5841db6a,0.12291666666666666,4.768,0.004166666666666667,0.2599374952995458,scene_sequence,"{""answered"": 480}",0.24503472222222222,"{""mean"": 0.24503472222222222, ""low"": 0.2057986111111111, ""high"": 0.2840972222222222}",2676.8125297133147,0.26760844334552764,"{""mean"": 0.26760844334552764, ""low"": 0.2366591936734221, ""high"": 0.2956054764510005}",480
0.16445480433507792,1.0,101,0.45987365979004996,0.0,1.913,0,{},,,"{""mean"": null, ""low"": null, ""high"": null}",,1.3444386138613862,1.3012,1.5703,qwen_vl:Qwen3-VL-4B-Instruct:frame:5841db6a,0.0594059405940594,4.768,0.0,0.3215767671075276,spatial_reasoning,"{""answered"": 101}",0.3311615167912872,"{""mean"": 0.3311615167912872, ""low"": 0.26306289391229465, ""high"": 0.39948523124349994}",2677.6975630448287,0.3316454937604127,"{""mean"": 0.3316454937604127, ""low"": 0.2707803243836104, ""high"": 0.3955050958775325}",101
0.23483022889609387,1.0,415,0.42246620818839065,0.004819277108433735,1.92,0,{},,,"{""mean"": null, ""low"": null, ""high"": null}",,1.3065963855421687,1.2486,1.5186,qwen_vl:Qwen3-VL-4B-Instruct:frame:5841db6a,0.19759036144578312,4.779,0.0024096385542168677,0.32214631255480797,text_recognition,"{""answered"": 415}",0.42760131323344325,"{""mean"": 0.42760131323344325, ""low"": 0.3795709468756496, ""high"": 0.4737838724272505}",2755.2502362894475,0.32347861007066325,"{""mean"": 0.32347861007066325, ""low"": 0.28765895931464297, ""high"": 0.3593208396983573}",415
